{
  "type" : "FeatureCollection",
  "features" : [{"type":"Feature","id":1,"geometry":{"type":"MultiPolygon","coordinates":[[[[-75.894762953284442,4.9093313481356713],[-75.894056649215429,4.9102056164527035],[-75.893289626846894,4.9110223651857714],[-75.89256898299324,4.911910958672574],[-75.891723100876035,4.9128136812633159],[-75.890683447304852,4.9140461719336974],[-75.889704873467579,4.9151280640158772],[-75.88905604413533,4.9158624870501564],[-75.888745057610905,4.9161925837779616],[-75.888759587122578,4.9161885084073313],[-75.888891345547506,4.9161484208173025],[-75.888934462533044,4.9161342642357955],[-75.889396313331119,4.9156334497003149],[-75.890005713703573,4.9149420129559438],[-75.890665267349831,4.9142111961786181],[-75.891231735920215,4.9135196821115237],[-75.891690547661327,4.9130145633426086],[-75.892195949313063,4.9124628786926818],[-75.892740860800586,4.9118215590568139],[-75.893153137984044,4.9113307078426534],[-75.893751761064578,4.9106607779877773],[-75.894253568532065,4.9101162608881337],[-75.894723222412722,4.9095465702482572],[-75.894868238307737,4.9093873457621147],[-75.894872672492227,4.9093410658688468],[-75.894881308889396,4.9092306662806102],[-75.894882792255132,4.9092062342572254],[-75.894762953284442,4.9093313481356713]]],[[[-75.880038072974102,4.9192538956385183],[-75.880042356570499,4.9193125994047913],[-75.880050019658384,4.9194175976878487],[-75.880752308976014,4.9193391846448069],[-75.883810499046973,4.9191827778834902],[-75.883813262598125,4.9191822579240405],[-75.883948004247699,4.9191538397478292],[-75.884082096953577,4.9191224803941758],[-75.88421547318795,4.9190881946192455],[-75.884348073541545,4.9190509989518949],[-75.884479833201965,4.9190109108482449],[-75.884610690064378,4.9189679486566718],[-75.884740581130657,4.9189221325371291],[-75.884917376102777,4.9188545653131763],[-75.88509207368098,4.9187817130762586],[-75.885256254215861,4.9187103318326129],[-75.88542106928513,4.9186358465764499],[-75.885583689423996,4.9185566552288531],[-75.885743983351077,4.9184728261536845],[-75.885901815275531,4.9183844268304249],[-75.886020298345528,4.9183140769853058],[-75.88613722291943,4.9182411505779537],[-75.88625253417716,4.918165683098942],[-75.886366175500271,4.9180877109505605],[-75.886478093875184,4.9180072705193796],[-75.886588237197358,4.9179243999958233],[-75.886696551571731,4.9178391402897192],[-75.886802984901777,4.9177515313991282],[-75.886905764926169,4.9176631284649046],[-75.887006630349489,4.917572535578052],[-75.88710553537986,4.9174797918052899],[-75.887202433351575,4.9173849425442606],[-75.88732378365205,4.9172635810959182],[-75.887421803798262,4.9171633533643346],[-75.887517585053288,4.9170609678227848],[-75.887611078087318,4.9169564789192766],[-75.88770223805308,4.91684993565904],[-75.887789585026198,4.9167431820622847],[-75.887874590655457,4.9166345440767341],[-75.88795721280124,4.9165240715995386],[-75.888037411141951,4.9164118181354395],[-75.888081971181123,4.9163464836020569],[-75.888089451109494,4.916345230918127],[-75.88822477746838,4.9163197672914345],[-75.888298212177943,4.9163042797990641],[-75.889521160730794,4.9149426406368661],[-75.891700691369792,4.9124491364202472],[-75.891997224472448,4.9119999429887136],[-75.893807360038039,4.9079843738910576],[-75.894037109484827,4.9075350598910816],[-75.894142200291327,4.9074491293292608],[-75.894294855880489,4.9074398314239396],[-75.894476079347768,4.9074592903760621],[-75.89485184245477,4.9077751447811693],[-75.894849707558365,4.9077573846411058],[-75.894830247208901,4.9076206711547563],[-75.894807817684622,4.9074844179670558],[-75.894804362904182,4.9074658997725411],[-75.894752804285829,4.9074215051772585],[-75.894581472661443,4.9072011256425778],[-75.894562832144686,4.9069523109587072],[-75.894505845960325,4.9068086818993182],[-75.89445831405466,4.9067129121177482],[-75.894449044029884,4.9065597995152652],[-75.894458955115837,4.9063493084593324],[-75.89449768669688,4.906024046763485],[-75.894603450460679,4.9055553764652844],[-75.894739823583365,4.9048826713779352],[-75.895151315867651,4.9041561910155558],[-75.895561506232809,4.9034700486253886],[-75.895558569258782,4.903440140192342],[-75.895542919840736,4.9033099696631908],[-75.895510889099086,4.9033427034095256],[-75.89514027403537,4.9038802776361541],[-75.894601952720208,4.9048481398850257],[-75.894431817668035,4.9055072298357043],[-75.894306771388869,4.9060906891148743],[-75.894239336003551,4.9064637424629343],[-75.89422005365121,4.906578530513344],[-75.894134127627311,4.9066166520111194],[-75.893876415177544,4.9066927440088888],[-75.892819989369059,4.9057516271577386],[-75.890314100681564,4.9035192393274993],[-75.888952785734006,4.9034178294308415],[-75.889013869222154,4.9035039251333412],[-75.890304339900126,4.9036436127750642],[-75.893752195203177,4.9068073454264196],[-75.89374209878234,4.9071230899774578],[-75.893818164802383,4.9072667521252527],[-75.89385599537502,4.9074534060256285],[-75.893779390298491,4.9076159354372191],[-75.891902136764799,4.9118227559600589],[-75.891595945954251,4.9123389120888792],[-75.889722321564932,4.9144789254794512],[-75.88902601458426,4.9152444163509523],[-75.888862045469594,4.915424676274819],[-75.886816412830569,4.9177174671213191],[-75.885985342906494,4.9183283653327861],[-75.885087883557574,4.9187190682377917],[-75.884018874440613,4.9190137768698916],[-75.883016984412166,4.9191172349864472],[-75.880727159608085,4.9192375143186835],[-75.880250839898366,4.9192345084392048],[-75.880038072974102,4.9192538956385183]]]]},"properties":{"OBJECTID":1,"ID_COBERT":122,"N1_COBERT":1,"N2_COBERT":12,"N3_COBERT":122,"N4_COBERT":1221,"NOMENCLAT":1221,"AREA_HA":26.183214442899999,"Leyenda_N2":"Zonas industriales o comerciales y redes de comunicación","RuleID":30,"Shape_Leng":31407.450603000001,"LeyendaN3":"Red vial y territorios asociados","Shape_Length":8972.0662365632706,"Shape_Area":66555.50532819923}},{"type":"Feature","id":2,"geometry":{"type":"Polygon","coordinates":[[[-75.882983753328858,4.9130489061800384],[-75.882809612569773,4.9136939193845972],[-75.882701073920373,4.9143754806359619],[-75.882688531357203,4.9147223153355331],[-75.882735784072594,4.9149735723854331],[-75.882830416318782,4.91540432416891],[-75.882972215839132,4.9161341769950724],[-75.88304333921181,4.9163735167117339],[-75.883210140597413,4.9164575397562498],[-75.883460564162689,4.9164579885442006],[-75.883555857344192,4.9165179621340291],[-75.883566227025256,4.91739110580024],[-75.883613139463307,4.9178337328326087],[-75.883707879362703,4.9182046811679463],[-75.883826660690985,4.9184680283667879],[-75.884029257697435,4.9185401551458954],[-75.884315394482286,4.9185765488738822],[-75.884410793683941,4.9185767203352899],[-75.884530257231901,4.9184573276905468],[-75.884625848802088,4.9183498541286781],[-75.885087883557574,4.9187190682377917],[-75.885985342906494,4.9183283653327861],[-75.886816412830569,4.9177174671213191],[-75.888862045469594,4.915424676274819],[-75.88902601458426,4.9152444163509523],[-75.887309918894815,4.9137940639759874],[-75.887238508490228,4.9137149967367533],[-75.886961540572088,4.9125447522537682],[-75.886447174168183,4.9120988984095861],[-75.886468766156042,4.9120271717911272],[-75.886569725332421,4.9115824167804707],[-75.886720589954294,4.9112382201846385],[-75.887115014929037,4.9107294006181519],[-75.887265536329437,4.910578964745703],[-75.887222734277429,4.9105071247303904],[-75.887108252150398,4.9104018800785054],[-75.8869831838078,4.9104714777029557],[-75.886816214059166,4.9104831394704549],[-75.886685103334514,4.9104470237235436],[-75.886351334170072,4.9103746643601118],[-75.885922229917426,4.9102662518373528],[-75.885695848767114,4.9101582027297912],[-75.885553046851456,4.909990498550191],[-75.885398448818592,4.9097510096789767],[-75.885267700155495,4.909511563051697],[-75.885041255516029,4.909439395468052],[-75.884898093606239,4.9094750214883991],[-75.884802545680984,4.9095585754384459],[-75.884694796332184,4.9097975950947506],[-75.884634725710939,4.9100486607482461],[-75.884490692980748,4.9105746704762918],[-75.884239313198051,4.9111124496600382],[-75.883952839292476,4.9112674252499247],[-75.883702119435711,4.9114344251492206],[-75.883594412811505,4.9116495233841935],[-75.883486663017138,4.9118885432835899],[-75.883426506788737,4.9121874506665213],[-75.883318628462689,4.9124982337465077],[-75.883079343051406,4.912940348473338],[-75.882983753328858,4.9130489061800384]]]},"properties":{"OBJECTID":2,"ID_COBERT":231,"N1_COBERT":2,"N2_COBERT":23,"N3_COBERT":231,"N4_COBERT":0,"NOMENCLAT":231,"AREA_HA":41.419379104500003,"Leyenda_N2":"Pastos","RuleID":27,"Shape_Leng":2862.7824715699999,"LeyendaN3":"Pastos limpios","Shape_Length":2862.7824715662323,"Shape_Area":414401.78003117081}},{"type":"Feature","id":3,"geometry":{"type":"Polygon","coordinates":[[[-75.890314100681564,4.9035192393274993],[-75.892819989369059,4.9057516271577386],[-75.893445300448548,4.9036647351068483],[-75.890679223884106,4.9033919093703977],[-75.890314100681564,4.9035192393274993]]]},"properties":{"OBJECTID":3,"ID_COBERT":112,"N1_COBERT":1,"N2_COBERT":11,"N3_COBERT":112,"N4_COBERT":0,"NOMENCLAT":112,"AREA_HA":4.3420743901699996,"Leyenda_N2":"Zonas urbanizadas","RuleID":33,"Shape_Leng":964.32214448299999,"LeyendaN3":"Tejido urbano discontinuo","Shape_Length":964.32214448326692,"Shape_Area":43443.286670001187}},{"type":"Feature","id":4,"geometry":{"type":"Polygon","coordinates":[[[-75.895561506232809,4.9034700486253886],[-75.895151315867651,4.9041561910155558],[-75.894739823583365,4.9048826713779352],[-75.894603450460679,4.9055553764652844],[-75.89449768669688,4.906024046763485],[-75.894458955115837,4.9063493084593324],[-75.894449044029884,4.9065597995152652],[-75.89445831405466,4.9067129121177482],[-75.894505845960325,4.9068086818993182],[-75.894562832144686,4.9069523109587072],[-75.894581472661443,4.9072011256425778],[-75.894752804285829,4.9074215051772585],[-75.894804362904182,4.9074658997725411],[-75.894784611221496,4.9073600406263456],[-75.894864247827456,4.9072055146289655],[-75.894948667119493,4.9070284585360575],[-75.895027573746177,4.906848862064531],[-75.895084672285435,4.9067132418496211],[-75.895144818173051,4.9065651954217095],[-75.895201216905434,4.9064156738568796],[-75.895246893508045,4.9062853936383108],[-75.895289725435035,4.9061541477688824],[-75.895329692211419,4.9060219941854646],[-75.895366776100687,4.9058889989479662],[-75.895400957536765,4.9057552217969178],[-75.895432220593293,4.9056207305919832],[-75.895460552925144,4.9054855877539607],[-75.8954859376814,4.9053498557230988],[-75.895514667133554,4.9051715897264598],[-75.895538315240131,4.9049925720567975],[-75.895552593739183,4.9048712120178219],[-75.895571611417949,4.904686290407624],[-75.895585206484483,4.904500887957143],[-75.895593367918423,4.9043151646988328],[-75.895596086497648,4.9041292797532163],[-75.895594582785137,4.903991188646355],[-75.895590077570191,4.9038531638848717],[-75.895582571135108,4.9037152705458693],[-75.895572065568416,4.9035775746023669],[-75.895561506232809,4.9034700486253886]]]},"properties":{"OBJECTID":4,"ID_COBERT":121,"N1_COBERT":1,"N2_COBERT":12,"N3_COBERT":121,"N4_COBERT":0,"NOMENCLAT":121,"AREA_HA":80.291729296499994,"Leyenda_N2":"Zonas industriales o comerciales y redes de comunicación","RuleID":38,"Shape_Leng":4244.4819327599998,"LeyendaN3":"Zonas industriales o comerciales","Shape_Length":938.88072607644676,"Shape_Area":28647.413678214638}},{"type":"Feature","id":5,"geometry":{"type":"Polygon","coordinates":[[[-75.887108252150398,4.9104018800785054],[-75.887222734277429,4.9105071247303904],[-75.887265536329437,4.910578964745703],[-75.887115014929037,4.9107294006181519],[-75.886720589954294,4.9112382201846385],[-75.886569725332421,4.9115824167804707],[-75.886468766156042,4.9120271717911272],[-75.886447174168183,4.9120988984095861],[-75.886961540572088,4.9125447522537682],[-75.887238508490228,4.9137149967367533],[-75.887309918894815,4.9137940639759874],[-75.88902601458426,4.9152444163509523],[-75.889722321564932,4.9144789254794512],[-75.891595945954251,4.9123389120888792],[-75.891902136764799,4.9118227559600589],[-75.893779390298491,4.9076159354372191],[-75.89385599537502,4.9074534060256285],[-75.893818164802383,4.9072667521252527],[-75.89374209878234,4.9071230899774578],[-75.893752195203177,4.9068073454264196],[-75.890304339900126,4.9036436127750642],[-75.889013869222154,4.9035039251333412],[-75.889105991806801,4.9036337710861515],[-75.88936759678063,4.9040528591914372],[-75.889498346031431,4.9042923048044704],[-75.889497901874506,4.9045434775726244],[-75.889402250278252,4.9046868347833508],[-75.889080069199053,4.9048058681708158],[-75.888841658311577,4.904757601106378],[-75.88853169774157,4.904709207866552],[-75.8882696497853,4.9045412923141969],[-75.887709735731079,4.9042293182263919],[-75.887197584741614,4.9038815471502168],[-75.886995076081149,4.9037615802859964],[-75.886673212740291,4.9037012038372003],[-75.886470385580779,4.9037606454233389],[-75.886315152870353,4.9038799744202795],[-75.885980728426944,4.9041783944154851],[-75.885979096078017,4.9050993607511302],[-75.886132888182061,4.9057933511387111],[-75.886183055522352,4.9059452025454178],[-75.886451462836163,4.9065339760118327],[-75.886765556425289,4.906981314441393],[-75.887136752117314,4.907381064268538],[-75.88729422896013,4.9074986736340627],[-75.887727274092654,4.9077936205567951],[-75.888513529241592,4.9082375645816487],[-75.888692126087292,4.9083933714242507],[-75.888727519836891,4.9086087263122629],[-75.888774626791388,4.9089437085958778],[-75.888690686257803,4.9092066926709013],[-75.888535282438895,4.9094217079230162],[-75.88828435192903,4.9097083161840507],[-75.887818751569057,4.9100065019465386],[-75.887108252150398,4.9104018800785054]]]},"properties":{"OBJECTID":5,"ID_COBERT":221,"N1_COBERT":2,"N2_COBERT":22,"N3_COBERT":221,"N4_COBERT":2212,"NOMENCLAT":2212,"AREA_HA":66.293653090600003,"Leyenda_N2":"Cultivos permanentes","RuleID":13,"Shape_Leng":3946.6717933199998,"LeyendaN3":"Caña","Shape_Length":3946.6717933236046,"Shape_Area":663276.42156001157}},{"type":"Feature","id":6,"geometry":{"type":"Polygon","coordinates":[[[-75.894868238307737,4.9093873457621147],[-75.894723222412722,4.9095465702482572],[-75.894253568532065,4.9101162608881337],[-75.893751761064578,4.9106607779877773],[-75.893153137984044,4.9113307078426534],[-75.892740860800586,4.9118215590568139],[-75.892195949313063,4.9124628786926818],[-75.891690547661327,4.9130145633426086],[-75.891231735920215,4.9135196821115237],[-75.890665267349831,4.9142111961786181],[-75.890005713703573,4.9149420129559438],[-75.889396313331119,4.9156334497003149],[-75.888934462533044,4.9161342642357955],[-75.889022200264932,4.9161054582540533],[-75.889152090095266,4.916059644485391],[-75.889299926149633,4.916003562443426],[-75.889446316033172,4.9159437852457479],[-75.889631917074823,4.9158652639758174],[-75.889752049495257,4.9158129628057807],[-75.88987107439182,4.9157581708032572],[-75.889988939609026,4.9157009144084016],[-75.890105595679358,4.9156412164342047],[-75.890141916228629,4.91562215137421],[-75.89040397833179,4.9154846324884964],[-75.890519597892279,4.915422419856057],[-75.890633900339751,4.9153578067909347],[-75.890675874819848,4.915333285742026],[-75.891111966428625,4.9150762438230782],[-75.891265755386613,4.9149826145983724],[-75.891416821006686,4.9148846260003536],[-75.891565041076774,4.9147823590079494],[-75.891710294297994,4.914675897307788],[-75.892060074393854,4.9144117755319741],[-75.892174373898143,4.9143233956918415],[-75.892345694977166,4.9141877645795748],[-75.892492252713808,4.9140681212880573],[-75.892596755835172,4.9139782030779511],[-75.89269927825768,4.9138860211048092],[-75.892799770597193,4.9137916171626745],[-75.892898185287635,4.91369503665317],[-75.892994476565363,4.9135963249701016],[-75.893088597781272,4.9134955311265163],[-75.893180504982027,4.9133927023160178],[-75.8932701524121,4.9132878857399458],[-75.893378642273419,4.9131545647762938],[-75.893483478751406,4.9130183356225707],[-75.893584583880283,4.9128792989494254],[-75.89368188420022,4.9127375554077668],[-75.893767543393395,4.9126090645216669],[-75.893880074522286,4.9124341058979057],[-75.893986807987176,4.9122555289132865],[-75.894054346079756,4.9121351847859476],[-75.894119250043303,4.9120133905256305],[-75.89418148950142,4.9118902068244923],[-75.894241035864496,4.9117656907512783],[-75.894297858744508,4.9116399002864428],[-75.894351933180019,4.9115128979061549],[-75.894403231482627,4.9113847406750839],[-75.894451730501117,4.9112554928692207],[-75.894510255462464,4.9110868456338483],[-75.89456401531244,4.910916609284933],[-75.89461296558639,4.9107449205008304],[-75.894657067218901,4.9105719141285782],[-75.894699896278894,4.9103934538468081],[-75.8947420788637,4.9102051015916839],[-75.894778517537361,4.9100155459069894],[-75.89479993585762,4.9098941954350765],[-75.894800699397763,4.9098898652404381],[-75.894818918600592,4.9097806442849787],[-75.89483523140504,4.9096711206724644],[-75.894849628940946,4.9095613269807519],[-75.894862111357611,4.9094512975562239],[-75.894868238307737,4.9093873457621147]]]},"properties":{"OBJECTID":6,"ID_COBERT":221,"N1_COBERT":2,"N2_COBERT":22,"N3_COBERT":221,"N4_COBERT":2212,"NOMENCLAT":2212,"AREA_HA":516.47820180799999,"Leyenda_N2":"Cultivos permanentes","RuleID":13,"Shape_Leng":11181.880280900001,"LeyendaN3":"Caña","Shape_Length":2050.3675410154224,"Shape_Area":99487.68176862922}},{"type":"Feature","id":7,"geometry":{"type":"MultiPolygon","coordinates":[[[[-75.894142200291327,4.9074491293292608],[-75.894037109484827,4.9075350598910816],[-75.893807360038039,4.9079843738910576],[-75.891997224472448,4.9119999429887136],[-75.891700691369792,4.9124491364202472],[-75.889521160730794,4.9149426406368661],[-75.888298212177943,4.9163042797990641],[-75.888359518811072,4.9162913504720027],[-75.888493609393123,4.9162599906890661],[-75.888626986201032,4.9162257044872657],[-75.888745057610905,4.9161925837779616],[-75.88905604413533,4.9158624870501564],[-75.889704873467579,4.9151280640158772],[-75.890683447304852,4.9140461719336974],[-75.891723100876035,4.9128136812633159],[-75.89256898299324,4.911910958672574],[-75.893289626846894,4.9110223651857714],[-75.894056649215429,4.9102056164527035],[-75.894762953284442,4.9093313481356713],[-75.894882792255132,4.9092062342572254],[-75.894888018888224,4.9091201313380077],[-75.894892799938305,4.9090094963029367],[-75.894899938091854,4.908802476501207],[-75.894902766202165,4.9086930692796154],[-75.894903708918292,4.9085836304701438],[-75.894902205699353,4.9084455392953812],[-75.894897700055211,4.9083075144786141],[-75.894890192268377,4.9081696210969774],[-75.894879688028311,4.9080319242040149],[-75.894866190324791,4.9078944897688777],[-75.89485184245477,4.9077751447811693],[-75.894476079347768,4.9074592903760621],[-75.894294855880489,4.9074398314239396],[-75.894142200291327,4.9074491293292608]]],[[[-75.880802435766057,4.9197819544188377],[-75.880878619327049,4.9198586398743354],[-75.880935739828445,4.9199257217257486],[-75.881002297073024,4.920050231266142],[-75.881212007447346,4.9201462937963756],[-75.881297799107273,4.9201847210062377],[-75.881373914086325,4.9202996792259999],[-75.881402380075897,4.9203858478025833],[-75.881535838198104,4.9204434986115224],[-75.881669381463766,4.920453306033215],[-75.88172776923814,4.9204827179978592],[-75.881827783812597,4.9204424431429006],[-75.881954408538988,4.9203882063246063],[-75.88207982455863,4.9203312115335223],[-75.882203970707081,4.9202714861527008],[-75.882326786724988,4.9202090584651543],[-75.882448217768058,4.9201439585382145],[-75.882568203588903,4.9200762173664652],[-75.882686686643765,4.9200058659328354],[-75.882803612115922,4.9199329406317043],[-75.882918922465734,4.9198574733498148],[-75.88303256558028,4.919779500469792],[-75.883144484848586,4.9196990602015518],[-75.883254627264506,4.9196161907393066],[-75.883362941624412,4.9195309302694907],[-75.883469375839155,4.9194433205978418],[-75.883561452119508,4.9193643049474325],[-75.883675662857414,4.9192643731986223],[-75.883755516171476,4.9191931224927679],[-75.883810499046973,4.9191827778834902],[-75.880752308976014,4.9193391846448069],[-75.880050019658384,4.9194175976878487],[-75.880336400256482,4.9196507468044715],[-75.880430512056776,4.9197047384661934],[-75.880592641179007,4.9197337350457264],[-75.880688057363116,4.9197243382697904],[-75.880802435766057,4.9197819544188377]]]]},"properties":{"OBJECTID":7,"ID_COBERT":221,"N1_COBERT":2,"N2_COBERT":22,"N3_COBERT":221,"N4_COBERT":2212,"NOMENCLAT":2212,"AREA_HA":46.967626034799999,"Leyenda_N2":"Cultivos permanentes","RuleID":13,"Shape_Leng":6228.1740019199997,"LeyendaN3":"Caña","Shape_Length":3445.0519502317729,"Shape_Area":110686.50363435157}},{"type":"Feature","id":8,"geometry":{"type":"Polygon","coordinates":[[[-75.892819989369059,4.9057516271577386],[-75.893876415177544,4.9066927440088888],[-75.894134127627311,4.9066166520111194],[-75.89422005365121,4.906578530513344],[-75.894239336003551,4.9064637424629343],[-75.894306771388869,4.9060906891148743],[-75.894431817668035,4.9055072298357043],[-75.894601952720208,4.9048481398850257],[-75.89514027403537,4.9038802776361541],[-75.895510889099086,4.9033427034095256],[-75.895542919840736,4.9033099696631908],[-75.895542086104683,4.9033030350886841],[-75.895522625384103,4.9031663207137957],[-75.895500196413977,4.9030300675287029],[-75.895474809369432,4.9028943360479547],[-75.895446474448875,4.9027591922093032],[-75.895415208158695,4.9026247019231119],[-75.895381025183482,4.9024909265882535],[-75.895343939322046,4.9023579312229399],[-75.895303970673481,4.9022257790103065],[-75.895261136629372,4.902094532241315],[-75.895260297243297,4.9020921396910007],[-75.895305773815949,4.9019977961045251],[-75.895380477013944,4.9018306438484069],[-75.895450326455787,4.9016613912363436],[-75.895515264194543,4.9014901831402176],[-75.895560940053358,4.9013599040257771],[-75.895603771250322,4.9012286565379979],[-75.895643737337593,4.9010965049407531],[-75.895680820547412,4.9009635080628939],[-75.895715002249801,4.9008297337757929],[-75.895746265582076,4.9006952418081724],[-75.895774596408344,4.900560097300124],[-75.89579998329225,4.9004243644761551],[-75.89581400124375,4.9003413889297747],[-75.895856829544613,4.9000772683242131],[-75.895875982113026,4.8999511436706822],[-75.895892597247339,4.8998246576184563],[-75.89590666705304,4.8996978599145287],[-75.895918187259554,4.8995708048095521],[-75.895927149972323,4.8994435420504834],[-75.895933555422616,4.899316124964523],[-75.895937398419207,4.8991886032868219],[-75.895938679193307,4.8990610303445363],[-75.895937355085991,4.8989314521316079],[-75.895930212709317,4.8985816722121749],[-75.895929323852641,4.8985520974713612],[-75.895929084922258,4.8985349112150578],[-75.895921943103176,4.8982779318139444],[-75.895917687648065,4.8981625942820735],[-75.895911336518012,4.8980473544084271],[-75.895902892580963,4.8979322501428619],[-75.895892356902493,4.8978173194430683],[-75.895879734152757,4.8977026002510806],[-75.895865028100744,4.8975881305128057],[-75.895848245222723,4.8974739490663248],[-75.895829387489158,4.8973600947692146],[-75.895779424104177,4.8970745546812395],[-75.895778541807218,4.8970695175591983],[-75.895748584935745,4.896910966501995],[-75.895612947996057,4.8962399568055615],[-75.895588513020485,4.8961246035655268],[-75.895561941661967,4.8960097277802737],[-75.895533239487577,4.8958953664839511],[-75.895502418403538,4.8957815639142996],[-75.895469489372061,4.8956683543704713],[-75.895434464295334,4.8955557811863395],[-75.895397352344872,4.8954438813804497],[-75.895358170810155,4.8953326937439448],[-75.895309670184261,4.8952034471206138],[-75.895258370773462,4.8950752918318399],[-75.895204295371414,4.894948289241432],[-75.895147472178522,4.8948225006898749],[-75.89508792487382,4.8946979839216311],[-75.895025685265978,4.8945748011654731],[-75.894960780634463,4.8944530092464831],[-75.894893242768291,4.8943326658741189],[-75.894891640255565,4.8943298843342724],[-75.894648927979304,4.8939087269219499],[-75.89457893639775,4.8937902678147678],[-75.894506393150678,4.8936733653629334],[-75.894431330007279,4.8935580727567434],[-75.894353786862439,4.8934444467668818],[-75.894273796370726,4.8933325369643681],[-75.894191398426827,4.8932224001199858],[-75.894106632894236,4.893114085773659],[-75.894019536055055,4.8930076489040948],[-75.893907647485108,4.8928775299449763],[-75.893792277573382,4.8927505064277961],[-75.893592407347398,4.8925363578367422],[-75.89346069388435,4.8923994187622792],[-75.893324934476652,4.8922665112658166],[-75.893185254904438,4.8921377568253579],[-75.893079356944781,4.8920458748262643],[-75.892983552986621,4.8918071955942315],[-75.892941147924603,4.8917041725989048],[-75.892896938447564,4.8916019148460803],[-75.892850942710638,4.8915004529885806],[-75.892803171663601,4.891399818614282],[-75.892753642571975,4.8913000450914783],[-75.892702369978394,4.8912011612808852],[-75.89264936843324,4.8911031978509003],[-75.892594656095255,4.8910061863582905],[-75.892488327622559,4.890828264389345],[-75.89237624453375,4.8906539330537218],[-75.892258527483278,4.8904833789296855],[-75.892135301611376,4.8903167840569113],[-75.891941808242805,4.8900639565962258],[-75.891932037953524,4.890047387216848],[-75.891788320008985,4.8898094304582695],[-75.891510069563552,4.89024035323113],[-75.890764259061228,4.8912150224137987],[-75.889230641514004,4.8926332291696992],[-75.888285404280225,4.8930908402721016],[-75.887082823893891,4.893418817552055],[-75.886939526230378,4.8935333844992082],[-75.887024926410234,4.8937918867644479],[-75.887167538854911,4.8940648419958368],[-75.887453044782518,4.8944528743417832],[-75.887681387833865,4.8947977475806814],[-75.887747306131288,4.8951225514693819],[-75.887756388482586,4.8953809173447453],[-75.887784230560044,4.895821118547059],[-75.887860209985021,4.8960126242242774],[-75.888041227304896,4.8961469048935262],[-75.888288922195557,4.8963387154936182],[-75.888508233534424,4.8963965162783145],[-75.888918238504218,4.8965120676609688],[-75.88933751270207,4.8967807303776425],[-75.889575431718725,4.8971064831204147],[-75.889736999139501,4.8974512363365017],[-75.88984061971783,4.8981977648517221],[-75.889877325972265,4.899020722243935],[-75.889867245802392,4.8993268982862137],[-75.889752295071219,4.8995946128626757],[-75.889637514247482,4.8997666414016896],[-75.88940834025577,4.8998906259551305],[-75.889083751645401,4.9000240085696971],[-75.888816300141116,4.9002149033088145],[-75.888625015023308,4.9004920502065143],[-75.888461654633872,4.9011615557012513],[-75.888402892569744,4.9020226180367299],[-75.888402046542694,4.9025010416298738],[-75.888868088871789,4.9032984499334935],[-75.888952785734006,4.9034178294308415],[-75.890314100681564,4.9035192393274993],[-75.890679223884106,4.9033919093703977],[-75.893445300448548,4.9036647351068483],[-75.892819989369059,4.9057516271577386]]]},"properties":{"OBJECTID":8,"ID_COBERT":221,"N1_COBERT":2,"N2_COBERT":22,"N3_COBERT":221,"N4_COBERT":2212,"NOMENCLAT":2212,"AREA_HA":417.51287980900003,"Leyenda_N2":"Cultivos permanentes","RuleID":13,"Shape_Leng":14733.7026222,"LeyendaN3":"Caña","Shape_Length":4998.0293177350241,"Shape_Area":1031780.6981710853}},{"type":"Feature","id":9,"geometry":{"type":"MultiPolygon","coordinates":[[[[-75.886060695963906,4.9055517602016456],[-75.886156414078826,4.9058867647801527],[-75.886183055522352,4.9059452025454178],[-75.886132888182061,4.9057933511387111],[-75.885979096078017,4.9050993607511302],[-75.885980728426944,4.9041783944154851],[-75.886315152870353,4.9038799744202795],[-75.886470385580779,4.9037606454233389],[-75.886673212740291,4.9037012038372003],[-75.886995076081149,4.9037615802859964],[-75.887197584741614,4.9038815471502168],[-75.887709735731079,4.9042293182263919],[-75.8882696497853,4.9045412923141969],[-75.88853169774157,4.904709207866552],[-75.888841658311577,4.904757601106378],[-75.889080069199053,4.9048058681708158],[-75.889402250278252,4.9046868347833508],[-75.889497901874506,4.9045434775726244],[-75.889498346031431,4.9042923048044704],[-75.88936759678063,4.9040528591914372],[-75.889105991806801,4.9036337710861515],[-75.889013869222154,4.9035039251333412],[-75.888952785734006,4.9034178294308415],[-75.888868088871789,4.9032984499334935],[-75.888402046542694,4.9025010416298738],[-75.888402892569744,4.9020226180367299],[-75.888461654633872,4.9011615557012513],[-75.888625015023308,4.9004920502065143],[-75.888816300141116,4.9002149033088145],[-75.889083751645401,4.9000240085696971],[-75.88940834025577,4.8998906259551305],[-75.889637514247482,4.8997666414016896],[-75.889752295071219,4.8995946128626757],[-75.889867245802392,4.8993268982862137],[-75.889877325972265,4.899020722243935],[-75.88984061971783,4.8981977648517221],[-75.889736999139501,4.8974512363365017],[-75.889575431718725,4.8971064831204147],[-75.88933751270207,4.8967807303776425],[-75.888918238504218,4.8965120676609688],[-75.888508233534424,4.8963965162783145],[-75.888288922195557,4.8963387154936182],[-75.888041227304896,4.8961469048935262],[-75.887860209985021,4.8960126242242774],[-75.887784230560044,4.895821118547059],[-75.887756388482586,4.8953809173447453],[-75.887747306131288,4.8951225514693819],[-75.887681387833865,4.8947977475806814],[-75.887453044782518,4.8944528743417832],[-75.887167538854911,4.8940648419958368],[-75.887024926410234,4.8937918867644479],[-75.886939526230378,4.8935333844992082],[-75.887082823893891,4.893418817552055],[-75.888285404280225,4.8930908402721016],[-75.889230641514004,4.8926332291696992],[-75.890764259061228,4.8912150224137987],[-75.891510069563552,4.89024035323113],[-75.891788320008985,4.8898094304582695],[-75.89162992437393,4.8895471700804842],[-75.891566202857675,4.8894439125362172],[-75.89150052039119,4.8893419008593595],[-75.891477212566969,4.8893071829726455],[-75.89108665854917,4.8898111245657985],[-75.890058730113324,4.891048443084995],[-75.889164054171204,4.8919336023432276],[-75.888583464489713,4.8923619077090299],[-75.887803000889093,4.8926855133172218],[-75.886917840793231,4.8927235854430293],[-75.886213520840684,4.8927140641001152],[-75.886017107639248,4.8928318355473079],[-75.885885412234899,4.8928152269280041],[-75.885993592692188,4.8928459336809764],[-75.886233330459163,4.8929495310924569],[-75.886268905302444,4.8929891496405187],[-75.886345201814478,4.8930741213871913],[-75.886457073209968,4.8931987107343868],[-75.886520244142901,4.8932998282666729],[-75.886795621194267,4.8937406287991942],[-75.886946014802888,4.893981365826467],[-75.887398826772881,4.8947122113450305],[-75.887433202475862,4.8948348181096213],[-75.887544193838295,4.8952306890797459],[-75.887621605804526,4.8955067943429613],[-75.887678353267276,4.8957843816777604],[-75.88777327680566,4.8960524687741938],[-75.887892209579022,4.8962296982406333],[-75.88804930360098,4.8964069951267071],[-75.888230401114441,4.8964797377932765],[-75.888234329166977,4.8964811742763761],[-75.888402022230082,4.8965424701030553],[-75.888816683472868,4.8967289040459967],[-75.889026362079065,4.8968393143901574],[-75.889196593631013,4.8970195286643783],[-75.889302499321516,4.8971316454799485],[-75.889440393700269,4.8973758869123358],[-75.889563887347933,4.8976727306691679],[-75.889597411441969,4.8978161237187177],[-75.889625430093247,4.8979359735448682],[-75.88964887419165,4.8981656607293385],[-75.889719535922595,4.8986681334917321],[-75.889710591837812,4.8988608426117839],[-75.889704659920199,4.8989886514730863],[-75.889713904759873,4.8991561177726641],[-75.88965610124086,4.899343419615148],[-75.889631591012531,4.8994228424692592],[-75.88958393477732,4.8994925465011443],[-75.889540771469953,4.8995556797437905],[-75.88949366239541,4.8996245832829306],[-75.889268737039771,4.8997616919056037],[-75.889211935382974,4.8997963168081284],[-75.888987597368683,4.8998820342231344],[-75.888744063595865,4.9000346977691995],[-75.888552905320012,4.9002400809215896],[-75.888461600230087,4.9004527235768016],[-75.888423584390011,4.900541259111888],[-75.88835643545859,4.9007516470147792],[-75.88826272974714,4.9011756984091797],[-75.888260267871786,4.9011868431297714],[-75.888207096141485,4.9015838422431717],[-75.888163607764355,4.9018995256307027],[-75.888200887234561,4.9023971547438414],[-75.888250054140883,4.9025373130094767],[-75.888310045288492,4.902708325617402],[-75.888439970411213,4.9029069802741194],[-75.888566924742676,4.9031010921226388],[-75.888718376154557,4.9033480810302255],[-75.888743498732964,4.9033890521696293],[-75.888743965031864,4.9033899811551906],[-75.888766759956823,4.9034353724229724],[-75.888854584758448,4.9036102650329401],[-75.889055292610763,4.9038370412247181],[-75.889230676987367,4.9040352040823283],[-75.889309244431374,4.9041118914178359],[-75.889342580557766,4.9041430478094084],[-75.889358995351117,4.9043009579266492],[-75.889337298498859,4.9044324876705243],[-75.889279945565107,4.90449697234805],[-75.889249143387858,4.9045074696143525],[-75.889091418766455,4.9045612238872014],[-75.888924403569078,4.9045992012398472],[-75.88874557893206,4.9045725692574296],[-75.888577534054534,4.9045172021245493],[-75.888511989441042,4.9044956062549447],[-75.888214170450752,4.9043252340689589],[-75.887985510744599,4.9041573781053582],[-75.887958498932917,4.9041402216729022],[-75.88783066182863,4.9040590252985181],[-75.887523392687669,4.9038384020789776],[-75.88741856523734,4.9037760198919322],[-75.887334540336781,4.9037286679470631],[-75.88721842964604,4.9036632332626269],[-75.887061161455918,4.9035840132501916],[-75.886777445621078,4.9035308801259161],[-75.88658811800147,4.903520652222638],[-75.886548511891561,4.9035185122011553],[-75.886390902113064,4.9035462360618522],[-75.886360041122728,4.9035516653487363],[-75.886190587220312,4.9036207354115877],[-75.886092667852125,4.9036971078907312],[-75.886006598432445,4.9038165608961073],[-75.885932478346803,4.9039216835307595],[-75.88586553760473,4.904012463870763],[-75.885815173609657,4.9041702555574247],[-75.885793412065965,4.9043376657280371],[-75.885793199601196,4.9043431686163173],[-75.885780914918129,4.9046607478412101],[-75.885828142898021,4.9049261901982959],[-75.885829480626001,4.9049982062550042],[-75.885830320122764,4.9050434078999032],[-75.885864077937541,4.9051741522433305],[-75.885901381473857,4.9053186293904805],[-75.885881039474256,4.9053185094473681],[-75.885816667313748,4.9053181333492528],[-75.88579576747567,4.9053180121997935],[-75.885783599406736,4.9053179409753946],[-75.886060695963906,4.9055517602016456]]],[[[-75.880364901104784,4.9198254986487973],[-75.880695740970978,4.9200164981408898],[-75.881288226758755,4.9203805562673333],[-75.881509517084027,4.9205375965302238],[-75.881524621165994,4.9205589199123807],[-75.881571145731499,4.9205425433027745],[-75.881700007951025,4.920493897332598],[-75.88172776923814,4.9204827179978592],[-75.881669381463766,4.920453306033215],[-75.881535838198104,4.9204434986115224],[-75.881402380075897,4.9203858478025833],[-75.881373914086325,4.9202996792259999],[-75.881297799107273,4.9201847210062377],[-75.881212007447346,4.9201462937963756],[-75.881002297073024,4.920050231266142],[-75.880935739828445,4.9199257217257486],[-75.880878619327049,4.9198586398743354],[-75.880802435766057,4.9197819544188377],[-75.880688057363116,4.9197243382697904],[-75.880592641179007,4.9197337350457264],[-75.880430512056776,4.9197047384661934],[-75.880336400256482,4.9196507468044715],[-75.880050019658384,4.9194175976878487],[-75.880042356570499,4.9193125994047913],[-75.880038072974102,4.9192538956385183],[-75.880031512148946,4.9191639993443852],[-75.880079458027453,4.9190265393798756],[-75.880222900024094,4.9188354269442272],[-75.8804616777456,4.9186803686447416],[-75.880688402118665,4.9185970519906839],[-75.880927008130755,4.9185376776890504],[-75.881106011495163,4.9184662349085615],[-75.881165978439654,4.9182749730610107],[-75.881190190683782,4.9180716860196281],[-75.881130993934192,4.9178323674362261],[-75.880988127880414,4.9177005446736617],[-75.880880994988885,4.9175927065835916],[-75.880809616794878,4.9174968937086954],[-75.88078598005535,4.9173772456146452],[-75.880881593141652,4.9172578110306011],[-75.881036917306091,4.9170906411748376],[-75.881084873359896,4.9169472002404868],[-75.881085535377593,4.9165764226629518],[-75.880978551914481,4.9163848608336673],[-75.880931236473131,4.9161694845154971],[-75.881217414102167,4.9161819594983935],[-75.88138451278715,4.9160985341083085],[-75.881527718757454,4.9160389880379665],[-75.881694626042858,4.9160632096982351],[-75.881802333338982,4.9158481110192316],[-75.881862513117184,4.915537243702893],[-75.881994199215697,4.915250425114059],[-75.882113704511667,4.9151071113274307],[-75.882161745727629,4.9149158280982475],[-75.882080971878807,4.9147386659541272],[-75.882009869073968,4.9144873663476769],[-75.881924559862867,4.914178628903703],[-75.88178915309885,4.9138769785504453],[-75.881689521602084,4.9135753930321977],[-75.88168266135601,4.9134103241776952],[-75.88174011764356,4.9132884290768075],[-75.881847531481128,4.9132383870275245],[-75.882047818360718,4.9132674514194639],[-75.882339380368933,4.9132858807764963],[-75.88260170787477,4.9132983107861667],[-75.882816462279138,4.9132388928363513],[-75.882983753328858,4.9130489061800384],[-75.883079343051406,4.912940348473338],[-75.883318628462689,4.9124982337465077],[-75.883426506788737,4.9121874506665213],[-75.883486663017138,4.9118885432835899],[-75.883594412811505,4.9116495233841935],[-75.883702119435711,4.9114344251492206],[-75.883952839292476,4.9112674252499247],[-75.884239313198051,4.9111124496600382],[-75.884490692980748,4.9105746704762918],[-75.884634725710939,4.9100486607482461],[-75.884694796332184,4.9097975950947506],[-75.884802545680984,4.9095585754384459],[-75.884898093606239,4.9094750214883991],[-75.885041255516029,4.909439395468052],[-75.885267700155495,4.909511563051697],[-75.885398448818592,4.9097510096789767],[-75.885553046851456,4.909990498550191],[-75.885695848767114,4.9101582027297912],[-75.885922229917426,4.9102662518373528],[-75.886351334170072,4.9103746643601118],[-75.886685103334514,4.9104470237235436],[-75.886816214059166,4.9104831394704549],[-75.8869831838078,4.9104714777029557],[-75.887108252150398,4.9104018800785054],[-75.887818751569057,4.9100065019465386],[-75.88828435192903,4.9097083161840507],[-75.888535282438895,4.9094217079230162],[-75.888690686257803,4.9092066926709013],[-75.888774626791388,4.9089437085958778],[-75.888727519836891,4.9086087263122629],[-75.888692126087292,4.9083933714242507],[-75.888513529241592,4.9082375645816487],[-75.887727274092654,4.9077936205567951],[-75.88729422896013,4.9074986736340627],[-75.887888660314914,4.9079426164821207],[-75.888355035840021,4.9083233291734683],[-75.888526356680941,4.9087421153450803],[-75.88845973149661,4.9090562052041262],[-75.888221785262417,4.9094464365535408],[-75.887764930315257,4.9098081131024003],[-75.887070127339015,4.9100936468845111],[-75.88678459221201,4.9101126851348917],[-75.886318214259703,4.9100365420812606],[-75.886013645908491,4.9099699186329451],[-75.885766180675461,4.9097985972574723],[-75.885575825786319,4.9096082421840945],[-75.885271250776242,4.9093036686084908],[-75.885023788308118,4.9091704184961076],[-75.88481439851175,4.9091799355710322],[-75.884633558429712,4.9093322222683877],[-75.884519343760573,4.909570169843251],[-75.884443199066482,4.9099984710022699],[-75.884376574617434,4.9104267753132245],[-75.884271881159478,4.9106932736510789],[-75.884010411504761,4.9109229930126528],[-75.88356666497053,4.9111871273124201],[-75.883380872118551,4.9113230733435538],[-75.883133480861474,4.9115040889154207],[-75.883027829181486,4.9117048299237327],[-75.883017263497464,4.911990096500487],[-75.88299080711478,4.9124575006977942],[-75.882985568132895,4.9125500609714852],[-75.882943304006858,4.9128353272896135],[-75.882731999410581,4.9130255042988669],[-75.882383337317933,4.913141725202709],[-75.882002982469018,4.9131205930388404],[-75.881674144221037,4.913010105125835],[-75.881607074981616,4.9129875682484725],[-75.881512536922074,4.9133184525066662],[-75.881503828994511,4.9133489314278016],[-75.881499366695238,4.913364545568129],[-75.881492861512712,4.913387318326258],[-75.881492860707695,4.9137489961708134],[-75.881597556360873,4.9142915138797951],[-75.881673880169799,4.9145968103272288],[-75.881730804713655,4.9148245111006412],[-75.881768878414462,4.9152337785461082],[-75.881683216998624,4.9154907603321938],[-75.881559486033723,4.91565256524928],[-75.881376708062874,4.9156906441962187],[-75.881331057226177,4.9157001535693547],[-75.881016968590089,4.9157762966085992],[-75.880895617189722,4.9158619563906791],[-75.880809954710799,4.9160190012645639],[-75.880799331858327,4.9161517937379928],[-75.880779074748517,4.9164050001286057],[-75.880767125499574,4.9165543820573667],[-75.880751819920718,4.916814565877206],[-75.880751569655274,4.9168188197731899],[-75.880750360332399,4.9168393786120541],[-75.88074571034943,4.9169184368799215],[-75.880695741249525,4.9171254518655827],[-75.880679620545536,4.9171673645908793],[-75.880624357590122,4.9173110477729267],[-75.880624357194137,4.9174823724450878],[-75.880731432251338,4.9176465504696303],[-75.880781401775948,4.9178107360032337],[-75.880759984331377,4.9179749212789021],[-75.880660049243119,4.918210484110177],[-75.880436038797995,4.9184397043103347],[-75.880353099218269,4.9185245744201103],[-75.88002473073422,4.9188243846228712],[-75.879853412241232,4.9191099235215381],[-75.879836745149206,4.9191580718931789],[-75.879830077057548,4.9191773328745372],[-75.879789165954236,4.9192955194410546],[-75.879828922368588,4.9194412872789313],[-75.879831997115616,4.9194525626945413],[-75.879994018740661,4.9196078373844383],[-75.880003316964491,4.9196167483997844],[-75.880364901104784,4.9198254986487973]]]]},"properties":{"OBJECTID":9,"ID_COBERT":511,"N1_COBERT":5,"N2_COBERT":51,"N3_COBERT":511,"N4_COBERT":0,"NOMENCLAT":511,"AREA_HA":46.139970005099997,"Leyenda_N2":"Aguas continentales","RuleID":31,"Shape_Leng":21883.525223299999,"LeyendaN3":"Ríos (50 m)","Shape_Length":10885.712611845247,"Shape_Area":158990.76313237951}},{"type":"Feature","id":10,"geometry":{"type":"Polygon","coordinates":[[[-75.882983753328858,4.9130489061800384],[-75.882816462279138,4.9132388928363513],[-75.88260170787477,4.9132983107861667],[-75.882339380368933,4.9132858807764963],[-75.882047818360718,4.9132674514194639],[-75.881847531481128,4.9132383870275245],[-75.88174011764356,4.9132884290768075],[-75.88168266135601,4.9134103241776952],[-75.881689521602084,4.9135753930321977],[-75.88178915309885,4.9138769785504453],[-75.881924559862867,4.914178628903703],[-75.882009869073968,4.9144873663476769],[-75.882080971878807,4.9147386659541272],[-75.882161745727629,4.9149158280982475],[-75.882113704511667,4.9151071113274307],[-75.881994199215697,4.915250425114059],[-75.881862513117184,4.915537243702893],[-75.881802333338982,4.9158481110192316],[-75.881694626042858,4.9160632096982351],[-75.881527718757454,4.9160389880379665],[-75.88138451278715,4.9160985341083085],[-75.881217414102167,4.9161819594983935],[-75.880931236473131,4.9161694845154971],[-75.880978551914481,4.9163848608336673],[-75.881085535377593,4.9165764226629518],[-75.881084873359896,4.9169472002404868],[-75.881036917306091,4.9170906411748376],[-75.880881593141652,4.9172578110306011],[-75.88078598005535,4.9173772456146452],[-75.880809616794878,4.9174968937086954],[-75.880880994988885,4.9175927065835916],[-75.880988127880414,4.9177005446736617],[-75.881130993934192,4.9178323674362261],[-75.881190190683782,4.9180716860196281],[-75.881165978439654,4.9182749730610107],[-75.881106011495163,4.9184662349085615],[-75.880927008130755,4.9185376776890504],[-75.880688402118665,4.9185970519906839],[-75.8804616777456,4.9186803686447416],[-75.880222900024094,4.9188354269442272],[-75.880079458027453,4.9190265393798756],[-75.880031512148946,4.9191639993443852],[-75.880038072974102,4.9192538956385183],[-75.880250839898366,4.9192345084392048],[-75.880727159608085,4.9192375143186835],[-75.883016984412166,4.9191172349864472],[-75.884018874440613,4.9190137768698916],[-75.885087883557574,4.9187190682377917],[-75.884625848802088,4.9183498541286781],[-75.884530257231901,4.9184573276905468],[-75.884410793683941,4.9185767203352899],[-75.884315394482286,4.9185765488738822],[-75.884029257697435,4.9185401551458954],[-75.883826660690985,4.9184680283667879],[-75.883707879362703,4.9182046811679463],[-75.883613139463307,4.9178337328326087],[-75.883566227025256,4.91739110580024],[-75.883555857344192,4.9165179621340291],[-75.883460564162689,4.9164579885442006],[-75.883210140597413,4.9164575397562498],[-75.88304333921181,4.9163735167117339],[-75.882972215839132,4.9161341769950724],[-75.882830416318782,4.91540432416891],[-75.882735784072594,4.9149735723854331],[-75.882688531357203,4.9147223153355331],[-75.882701073920373,4.9143754806359619],[-75.882809612569773,4.9136939193845972],[-75.882983753328858,4.9130489061800384]]]},"properties":{"OBJECTID":10,"ID_COBERT":221,"N1_COBERT":2,"N2_COBERT":22,"N3_COBERT":221,"N4_COBERT":2212,"NOMENCLAT":2212,"AREA_HA":13.913342671500001,"Leyenda_N2":"Cultivos permanentes","RuleID":13,"Shape_Leng":2402.9988481199998,"LeyendaN3":"Caña","Shape_Length":2402.9988481200135,"Shape_Area":139202.22871725998}},{"type":"Feature","id":11,"geometry":{"type":"Polygon","coordinates":[[[-75.839064781304742,5.1529419720450322],[-75.839164718163175,5.1530312018265549],[-75.839257516793651,5.1530740318082122],[-75.839344778321362,5.1530639638062183],[-75.839353062926818,5.1530504050688322],[-75.839384113142316,5.1529975479812364],[-75.839296778291256,5.1530014588092001],[-75.839178995300728,5.1529443518120965],[-75.839182564666928,5.1526838008495419],[-75.839195635111679,5.1525680380233432],[-75.839207549253615,5.1524625109278732],[-75.839214686555039,5.1523018976899717],[-75.839136164550894,5.1520841758295637],[-75.839057643322178,5.1518771635697451],[-75.839050504473533,5.151648735083576],[-75.839029089868234,5.1514167374717932],[-75.83895770481233,5.1511490474675261],[-75.838861337466611,5.1508920664947162],[-75.838732846231693,5.1503959484871018],[-75.838618631669505,5.1500497369645899],[-75.838536540490594,5.1498141710221859],[-75.838468725931989,5.1495000819366252],[-75.838490141110242,5.149153870704871],[-75.838532971505472,5.1488861815204201],[-75.838557955772586,5.1486006454171802],[-75.838404480215573,5.1483793561230478],[-75.838186759750457,5.1481437893157107],[-75.837651380769927,5.1477975771189541],[-75.837397968773502,5.1476298256300801],[-75.837037479659401,5.1476191177771451],[-75.836869728417355,5.1475370265857237],[-75.83683046753616,5.1473442902169699],[-75.836855451845608,5.1470123554799141],[-75.83684474437257,5.1468660184892325],[-75.83668412992678,5.1467375277361018],[-75.836548501520085,5.1465983297850455],[-75.836505670190277,5.1464662696222003],[-75.836602039477356,5.1463199317923456],[-75.836794775794004,5.146141472123106],[-75.836876866330485,5.1458987675629873],[-75.8368875741306,5.1455418478960473],[-75.836812621326189,5.1453169896313211],[-75.836805482538821,5.1449101011121954],[-75.836813216133535,5.1444383730920302],[-75.836804292891912,5.144161760311567],[-75.836652602738639,5.1440041213141861],[-75.836465219872011,5.1438345846974372],[-75.836399784905467,5.1436680229357092],[-75.836390861619591,5.1434568458765222],[-75.83636409220918,5.1432456687407599],[-75.836307580483179,5.1430136711153889],[-75.836254043399265,5.142778698966544],[-75.836310555034473,5.1426032138586395],[-75.836441425469204,5.1422433202372408],[-75.836546121496653,5.1419655190015092],[-75.836653197246832,5.1417977669464063],[-75.836767412113019,5.1416085990339537],[-75.836763842854282,5.1414479861779556],[-75.836749565888695,5.1412266955114276],[-75.836774550634402,5.1410339594012653],[-75.836853071877115,5.1408412235943857],[-75.837027962435698,5.1407055933937764],[-75.83717429924647,5.1405771029375105],[-75.837299221131019,5.1404985807962769],[-75.837445558072204,5.1403986425005117],[-75.837549064211942,5.1402772902780391],[-75.837566910347149,5.1401309536212194],[-75.837449127642955,5.1400203092450534],[-75.83711005326812,5.1398989559149211],[-75.837002978578809,5.1398846796432442],[-75.836938732796554,5.1398311424944083],[-75.836910178464407,5.1396848053169046],[-75.836803103719745,5.1394670850694757],[-75.83659965962913,5.1392707790873775],[-75.836439046700519,5.1390851809748117],[-75.8363391087547,5.1389209978998407],[-75.83619990922287,5.1387746611459084],[-75.836107111397354,5.1387389695337564],[-75.835971482411736,5.1387532465652592],[-75.83584299083482,5.1388424758297617],[-75.835685946418806,5.1391173035230642],[-75.835525333459216,5.1393635777341107],[-75.835357581301409,5.1395634528140759],[-75.835282628028466,5.1397169270973624],[-75.835257642882496,5.1401380929030811],[-75.835246935559425,5.14054498010122],[-75.835221951452382,5.1410268208647478],[-75.835239797906553,5.1411588814682139],[-75.83514699896763,5.1412409719878571],[-75.834964970352885,5.1413444784601854],[-75.834840048564843,5.1416335838278897],[-75.834722264390905,5.1420190564016846],[-75.834704419562883,5.1423902524778979],[-75.834718695585295,5.1427436022747646],[-75.834757956823637,5.1430933833543593],[-75.834633034551416,5.1432504274774633],[-75.834429591023806,5.1434503018598239],[-75.834268976757897,5.143693006998757],[-75.8342332855146,5.143871466634792],[-75.834226147117889,5.1442783545570743],[-75.834251131726845,5.1445139207199455],[-75.83431180787251,5.1446745346286304],[-75.834347499471718,5.1447958866181187],[-75.834293962411806,5.1448958250177723],[-75.834179747386273,5.1449029637037782],[-75.83405482545173,5.1448422870268802],[-75.833965596452231,5.1447780409468802],[-75.833819259674613,5.1447423499669496],[-75.833622954324966,5.1447816105495985],[-75.833448063439931,5.1448065950234323],[-75.833248188527762,5.1449600705266496],[-75.833055451749175,5.1452206212098792],[-75.83287699204574,5.1454347731992431],[-75.83263785709336,5.1455704018310957],[-75.8324129984222,5.1456739082971685],[-75.832230969215601,5.1457381538126299],[-75.831952572402713,5.1458559372381387],[-75.831791958577483,5.145913044023219],[-75.831559960845993,5.1458773530839972],[-75.831392208485681,5.1457274463720992],[-75.831224456741126,5.145602524993719],[-75.831042428020169,5.145484741148775],[-75.830780271929967,5.1453808687687204],[-75.83075689801862,5.14543281197962],[-75.831028151564638,5.1455311408015998],[-75.831381501873295,5.145798830028105],[-75.831588514354962,5.1459487365627403],[-75.831741989630999,5.145973720855852],[-75.831966848896172,5.1459273209138736],[-75.832195277412723,5.1458059687071991],[-75.832552196863602,5.1456810464622507],[-75.832912684520565,5.1454954485264457],[-75.833051883402973,5.1453705268015506],[-75.83317323603012,5.1451849289989173],[-75.833316002746756,5.1449957621377829],[-75.833462339523081,5.1448744098967278],[-75.833580123210965,5.1448351480623913],[-75.833840673907673,5.1448208716617287],[-75.8340655336673,5.1449065318648897],[-75.834172609420577,5.1449743467122255],[-75.834297530721955,5.1449493630057157],[-75.834408175874842,5.1448637018669388],[-75.834368914986101,5.1446209977381745],[-75.834304669278779,5.1444175528338389],[-75.834305260925717,5.1443483738124236],[-75.834308237809566,5.1439999575780568],[-75.834301100322548,5.1437501140560427],[-75.834429590841012,5.1435573779584791],[-75.834618757900046,5.1433610725124099],[-75.834761525997635,5.1432147354725712],[-75.834807924919573,5.1431112285887473],[-75.834804356456488,5.1429613233366336],[-75.834790079543964,5.1426972025772777],[-75.83476152622643,5.1423616992234882],[-75.834815063645152,5.1419655189882221],[-75.834886447765413,5.1416549983206696],[-75.834997092606244,5.1414408474335334],[-75.835114876046859,5.1413373402664027],[-75.835239797132033,5.1412552496269273],[-75.835318319443161,5.1411481731096647],[-75.835329027421949,5.1409732832271251],[-75.835304043085017,5.140702024013966],[-75.835314750344494,5.1404664582936865],[-75.835314750816835,5.140045293376998],[-75.835339734846926,5.1397668959289975],[-75.83545037969057,5.1395884375212955],[-75.835561024625292,5.1394385313421465],[-75.835732345671786,5.139195825173573],[-75.835839421792997,5.1389673975640635],[-75.835925081814949,5.1388496149983345],[-75.836039296712897,5.1387960764442315],[-75.836160649012811,5.1388103527426416],[-75.83627843188421,5.1389459829245485],[-75.836360523342066,5.1391137345670108],[-75.836542552576731,5.1393207480402134],[-75.836735288668336,5.1395277607475336],[-75.836810241368582,5.139677666226401],[-75.836867349010532,5.1398347107372615],[-75.836953009127683,5.1399417867811987],[-75.837099346726092,5.1399810480354553],[-75.837252821310003,5.1400096012546177],[-75.837417004789899,5.1400809851735101],[-75.837488388220024,5.1401951987288435],[-75.83745269665998,5.1403129831366918],[-75.837292082745691,5.1403986433674316],[-75.837092208593376,5.140519995262979],[-75.836938732311111,5.1406342093070547],[-75.836813811096391,5.1407519932641694],[-75.836710303996909,5.1408947612095979],[-75.836678181731401,5.1410946357361977],[-75.836696027921349,5.141376601664656],[-75.83668175158445,5.1415479232038601],[-75.836646058349118,5.1416942598799285],[-75.836503290954226,5.1419333953846351],[-75.836384912590589,5.1422225005251123],[-75.836283786255919,5.1424574716176865],[-75.836227273908122,5.1426389063411744],[-75.836224299386842,5.1428411604702271],[-75.836265939961947,5.1431118236415099],[-75.8363135293678,5.1432486427340143],[-75.836334349857609,5.1434330514050757],[-75.836334350272352,5.143638279728612],[-75.8363789642043,5.143825662080852],[-75.836459270660995,5.1439267895637117],[-75.836619884961536,5.1440398137840297],[-75.836715063201225,5.1441587870715537],[-75.836735883961296,5.1442807346367472],[-75.836739218568539,5.1443952231928458],[-75.836744806483765,5.1445870900838777],[-75.836726960930505,5.1449737516987764],[-75.836750756003283,5.1452533390185886],[-75.8367894220777,5.1454555928175107],[-75.836813215856097,5.1456846156269309],[-75.83680429337582,5.1458571272963614],[-75.836756703646103,5.146026663822572],[-75.836682345790635,5.1461337393186506],[-75.836569321307749,5.14623189185955],[-75.83646522069958,5.1463508653491354],[-75.836432501927163,5.1464817354627339],[-75.836518757067907,5.1466810148292188],[-75.83669424336135,5.1468029627690814],[-75.836771575947083,5.1469546532507708],[-75.83677454976268,5.1471420365604503],[-75.836777523836957,5.1474394687389609],[-75.836825113027231,5.1475703388341483],[-75.836941112551983,5.1476744398322118],[-75.837107674329502,5.1476952612448645],[-75.837220698619944,5.1476714660039455],[-75.837378338391545,5.1477101325621542],[-75.83769659087497,5.1478885920096742],[-75.837922640393401,5.1480521798213186],[-75.838226021652389,5.1482663313773056],[-75.83843303374573,5.148541158887495],[-75.838472295203459,5.1487267565836055],[-75.838418757384517,5.1489409082280853],[-75.838390204489812,5.1492871196847751],[-75.838408050683512,5.149679731175282],[-75.838579370610901,5.1501508638094649],[-75.838704292902378,5.1505149215566632],[-75.838786383780075,5.1509253787832616],[-75.838848527718355,5.1510818095169428],[-75.838889891084619,5.1511859300301399],[-75.838964843797967,5.1513322664147942],[-75.838979120504135,5.1515321416655988],[-75.83896127446441,5.1517427235357358],[-75.838989828422442,5.1519247531198999],[-75.839068350329129,5.1521424732299259],[-75.839136164341298,5.1523530549513472],[-75.839111180893852,5.1525457918535142],[-75.839068349634189,5.1527349584348228],[-75.839064781304742,5.1529419720450322]]]},"properties":{"OBJECTID":11,"ID_COBERT":122,"N1_COBERT":1,"N2_COBERT":12,"N3_COBERT":122,"N4_COBERT":1221,"NOMENCLAT":1221,"AREA_HA":11.196865557200001,"Leyenda_N2":"Zonas industriales o comerciales y redes de comunicación","RuleID":30,"Shape_Leng":29869.105103099999,"LeyendaN3":"Red vial y territorios asociados","Shape_Length":6266.8934999484563,"Shape_Area":24396.58298241087}},{"type":"Feature","id":12,"geometry":{"type":"Polygon","coordinates":[[[-75.841399703619942,5.1120066844866807],[-75.841682752548536,5.1120363333705523],[-75.842291894684493,5.1118840476314276],[-75.842785450309947,5.1115550105151],[-75.843034286718009,5.1113891196767343],[-75.843453071733364,5.1109703351525031],[-75.843586322017416,5.1105325136986943],[-75.843662463974667,5.1101708367516059],[-75.843624392048184,5.1097330152061957],[-75.843491143382053,5.109333265738254],[-75.843415000500059,5.1089715880941133],[-75.843415000134826,5.1086479810961833],[-75.843404196051139,5.1085076451880944],[-75.843392036045117,5.1083497096868662],[-75.843381647957628,5.108214770123066],[-75.8431982611216,5.108264783508405],[-75.842808298101829,5.108548998593089],[-75.842977179705045,5.1092000152905195],[-75.843110428547533,5.1095426582454202],[-75.8432627145894,5.1097710862046615],[-75.843224643633022,5.1100375862658858],[-75.843034286503183,5.1105705850569461],[-75.842805859032907,5.110875156496177],[-75.842520322781397,5.1111226204322664],[-75.842234787929868,5.111217798508819],[-75.841874078993939,5.1112223069490526],[-75.841830074410041,5.1114175731646929],[-75.841784552839925,5.1114843359898128],[-75.841565259756763,5.1118059627940955],[-75.841532638110522,5.1118538054459908],[-75.841399703619942,5.1120066844866807]]]},"properties":{"OBJECTID":12,"ID_COBERT":511,"N1_COBERT":5,"N2_COBERT":51,"N3_COBERT":511,"N4_COBERT":0,"NOMENCLAT":511,"AREA_HA":2.84722182359,"Leyenda_N2":"Aguas continentales","RuleID":31,"Shape_Leng":1150.20396383,"LeyendaN3":"Ríos (50 m)","Shape_Length":1150.2039638309097,"Shape_Area":28483.482133214511}},{"type":"Feature","id":13,"geometry":{"type":"Polygon","coordinates":[[[-75.842808298101829,5.108548998593089],[-75.842464598201687,5.1089455752835198],[-75.842213433251345,5.1093884174265165],[-75.842068020395729,5.1098180437528544],[-75.841955656126729,5.1104195194538917],[-75.841935829327184,5.1109482867830032],[-75.841874078993939,5.1112223069490526],[-75.842234787929868,5.111217798508819],[-75.842520322781397,5.1111226204322664],[-75.842805859032907,5.110875156496177],[-75.843034286503183,5.1105705850569461],[-75.843224643633022,5.1100375862658858],[-75.8432627145894,5.1097710862046615],[-75.843110428547533,5.1095426582454202],[-75.842977179705045,5.1092000152905195],[-75.842808298101829,5.108548998593089]]]},"properties":{"OBJECTID":13,"ID_COBERT":231,"N1_COBERT":2,"N2_COBERT":23,"N3_COBERT":231,"N4_COBERT":0,"NOMENCLAT":231,"AREA_HA":2.70913971403,"Leyenda_N2":"Pastos","RuleID":27,"Shape_Leng":717.332286834,"LeyendaN3":"Pastos limpios","Shape_Length":717.33228683417576,"Shape_Area":27102.08719732696}},{"type":"Feature","id":14,"geometry":{"type":"Polygon","coordinates":[[[-75.847330677669916,5.1137973489334367],[-75.847764540866734,5.1144518199860594],[-75.848050076213383,5.1147468722530203],[-75.848091261513275,5.1147921767502789],[-75.848128030538632,5.1147451995369542],[-75.848196350617158,5.114653877013259],[-75.847945380472979,5.1144327839338972],[-75.847536112752238,5.113804606192021],[-75.847164916049991,5.113243053300744],[-75.847041185283857,5.1129860715926778],[-75.846993594879308,5.1128242681278957],[-75.84696504175939,5.1126529477019851],[-75.846926970396154,5.1124054831053964],[-75.846869863483761,5.1120628412927553],[-75.846746131645446,5.1116916451681975],[-75.846612881684663,5.1113585207280758],[-75.846517703661192,5.1111396103086122],[-75.846432200414185,5.1110479995325235],[-75.846384453857084,5.1109968420911409],[-75.846203614633225,5.1108921465497632],[-75.845956149750478,5.110882628074072],[-75.845718204980372,5.1109397346272658],[-75.845566569300004,5.1109449636333251],[-75.845442187103075,5.1109492526588962],[-75.845280383220341,5.1108635918852396],[-75.845147133509215,5.1107493779360347],[-75.845080509027952,5.1105590214871777],[-75.844966294226069,5.110330593577026],[-75.844794974268808,5.1101021650355092],[-75.844671241544532,5.1099498790377575],[-75.844442812924555,5.109864218828406],[-75.84429052735824,5.109826147240649],[-75.844147760689978,5.1097880758579626],[-75.844138241669981,5.1097214515036127],[-75.844176314507578,5.1095596468722411],[-75.844138242161364,5.109407362050348],[-75.844043064028767,5.1092931486268167],[-75.844033546172767,5.1091979695152343],[-75.844052581537895,5.1090076123440866],[-75.844071616992963,5.1088838810938677],[-75.843976438702228,5.108731594621819],[-75.843814635047096,5.1087030416419807],[-75.84366235013475,5.1086554523821865],[-75.843529099911464,5.1085507559309127],[-75.843392036045117,5.1083497096868662],[-75.843404196051139,5.1085076451880944],[-75.843576689189405,5.1087220776782303],[-75.843690903492202,5.1088267735551796],[-75.843748010781752,5.1088648454599905],[-75.843862224519327,5.1088267738858786],[-75.843919332187866,5.1088553275204927],[-75.843938367597246,5.1089600233536254],[-75.843919331598286,5.1090742372738509],[-75.843871742912398,5.1091789330547126],[-75.843909814263355,5.1093312188439679],[-75.843995474778581,5.1094359155961895],[-75.844004992277775,5.1095406120533911],[-75.844004992852916,5.1096643438346367],[-75.84401451016997,5.1097975941250793],[-75.844081135330711,5.1099118076471166],[-75.844188339414643,5.1099475429144601],[-75.844281010734235,5.1099784334683287],[-75.844442813790309,5.1100545755504294],[-75.844661724323899,5.1101687892974335],[-75.844804491345243,5.1103686642527446],[-75.844966294326838,5.1105970925081916],[-75.845090027237433,5.110825521527083],[-75.845261348518179,5.1109778066379841],[-75.845404115862479,5.1110539487171369],[-75.845556400326132,5.1110539496229128],[-75.845851453982803,5.1110253954959957],[-75.845984703614349,5.1110158785319113],[-75.846156025043072,5.1110634663552501],[-75.846270239317505,5.111139609331512],[-75.846403488966203,5.1112347882449036],[-75.846593846751233,5.1115964669004432],[-75.846708060703762,5.112015252226862],[-75.84671757828157,5.1124435544266085],[-75.846736613867805,5.1126529476052003],[-75.846793720985218,5.112852822414375],[-75.847202987827586,5.1136047319148874],[-75.847330677669916,5.1137973489334367]]]},"properties":{"OBJECTID":14,"ID_COBERT":511,"N1_COBERT":5,"N2_COBERT":51,"N3_COBERT":511,"N4_COBERT":0,"NOMENCLAT":511,"AREA_HA":16.983606555400002,"Leyenda_N2":"Aguas continentales","RuleID":31,"Shape_Leng":17447.870268400002,"LeyendaN3":"Ríos (50 m)","Shape_Length":1982.8383171947553,"Shape_Area":15675.31859470519}},{"type":"Feature","id":15,"geometry":{"type":"Polygon","coordinates":[[[-75.846432200414185,5.1110479995325235],[-75.846517703661192,5.1111396103086122],[-75.846612881684663,5.1113585207280758],[-75.846746131645446,5.1116916451681975],[-75.846869863483761,5.1120628412927553],[-75.846926970396154,5.1124054831053964],[-75.84696504175939,5.1126529477019851],[-75.846993594879308,5.1128242681278957],[-75.847041185283857,5.1129860715926778],[-75.847164916049991,5.113243053300744],[-75.847536112752238,5.113804606192021],[-75.847945380472979,5.1144327839338972],[-75.848196350617158,5.114653877013259],[-75.848210676386003,5.1146347280692943],[-75.848290900116325,5.1145224758213503],[-75.84836866319138,5.1144084935842367],[-75.848443925294134,5.1142928375804226],[-75.848516656027854,5.1141755648920864],[-75.848586816858599,5.11405672721403],[-75.848618754548781,5.1139993249742384],[-75.848519156984338,5.1139993258966117],[-75.848366871135411,5.1139422186373338],[-75.848290728496949,5.1138565570788561],[-75.848290728885758,5.1137804150071258],[-75.848319282080823,5.1136852360995064],[-75.848271693757923,5.1135615039657996],[-75.848147960971957,5.1135424690218096],[-75.848043265460518,5.1135424689954805],[-75.847957604229649,5.1134187370394253],[-75.847900497940344,5.1132664509196744],[-75.847776764728934,5.1131427191180041],[-75.847776765432727,5.1129999513121263],[-75.847691104976462,5.1128857374627552],[-75.847595926542468,5.1127715234052085],[-75.847529301847715,5.1126097196784377],[-75.847405570057049,5.1124479166219956],[-75.847253284012282,5.1122956311620484],[-75.847081962929167,5.1121433461406225],[-75.847034373903142,5.1119720244193525],[-75.846996302647554,5.1117816673377057],[-75.84695823020121,5.1116293822302783],[-75.84691064159108,5.11147709599775],[-75.846834498766711,5.1113057754075104],[-75.846739320328538,5.1111249361482987],[-75.846606070123045,5.1110202400009346],[-75.846432200414185,5.1110479995325235]]]},"properties":{"OBJECTID":15,"ID_COBERT":314,"N1_COBERT":3,"N2_COBERT":31,"N3_COBERT":314,"N4_COBERT":0,"NOMENCLAT":314,"AREA_HA":7.6558939415099996,"Leyenda_N2":"Bosques","RuleID":6,"Shape_Leng":3146.7734048299999,"LeyendaN3":"Bosque de galería y/o ripario","Shape_Length":992.32103040492666,"Shape_Area":21749.484724120906}},{"type":"Feature","id":16,"geometry":{"type":"Polygon","coordinates":[[[-75.844604724048253,5.107708910252911],[-75.844559733890378,5.1078888690093915],[-75.844445519927888,5.1079840473443827],[-75.844369377628809,5.108174404665113],[-75.84437889482129,5.1083076540218757],[-75.844436001909145,5.1084409046884138],[-75.844559734484932,5.1085836726865814],[-75.844750090978692,5.1087074041384497],[-75.844988037206605,5.1089072790439154],[-75.845149840460394,5.1090881171432097],[-75.845254536842191,5.109268956401265],[-75.845368751439892,5.1094212420449709],[-75.845559108042536,5.1094783499111225],[-75.845768500327665,5.109468832351542],[-75.845863679192746,5.1093451003888308],[-75.845939822287036,5.109240403522608],[-75.846035000194149,5.1091166715748662],[-75.846063553329287,5.1089643860195864],[-75.846025482164436,5.1088216188568181],[-75.845977892658169,5.1086407785232719],[-75.845882714890635,5.1085170472565569],[-75.845825607368099,5.1083647613306677],[-75.845825606705475,5.108117297241396],[-75.845825795366807,5.1081155156902271],[-75.845816089461536,5.1080982614334234],[-75.845673321709455,5.108031637340626],[-75.845502001009621,5.107917423078896],[-75.845387786462595,5.1078222440263552],[-75.84521646541225,5.1076033344440104],[-75.845054662620214,5.1075176740236454],[-75.8447881621113,5.1074605671602109],[-75.844724207154016,5.1074978734579668],[-75.844657971589612,5.107636365254554],[-75.844642908671219,5.1076678603453063],[-75.844604724048253,5.107708910252911]]]},"properties":{"OBJECTID":16,"ID_COBERT":311,"N1_COBERT":3,"N2_COBERT":31,"N3_COBERT":311,"N4_COBERT":0,"NOMENCLAT":311,"AREA_HA":2.4595400786599999,"Leyenda_N2":"Bosques","RuleID":7,"Shape_Leng":628.91344981999998,"LeyendaN3":"Bosque denso","Shape_Length":628.91344982044586,"Shape_Area":24605.270727534986}},{"type":"Feature","id":17,"geometry":{"type":"Polygon","coordinates":[[[-75.847132958408352,5.1158187587827317],[-75.846972344015342,5.1156224520978908],[-75.84669870555895,5.1155867600277993],[-75.846532143923568,5.1155510681956624],[-75.846365581066379,5.1155034789845457],[-75.846068148810616,5.1153488141705417],[-75.845889688837872,5.1152655323254068],[-75.845770715436444,5.1151465597958001],[-75.845544667882095,5.1151703538053335],[-75.845401899854323,5.1152893270410491],[-75.845390002360617,5.1154558893447639],[-75.845473283506394,5.1156819384334824],[-75.845556564735901,5.1158722954609397],[-75.8457350243809,5.1160388568812873],[-75.846103840717049,5.1163243923358133],[-75.84627040294157,5.1163719824142699],[-75.846354607844319,5.1164211010260576],[-75.846406772978852,5.1163869713856194],[-75.84652044853226,5.1163089995652467],[-75.84663240207955,5.1162285586692153],[-75.846742576109946,5.1161456905345766],[-75.846850922997106,5.1160604297230385],[-75.846957389749875,5.1159728207632451],[-75.84709148153496,5.1158567494369978],[-75.847132958408352,5.1158187587827317]]]},"properties":{"OBJECTID":17,"ID_COBERT":311,"N1_COBERT":3,"N2_COBERT":31,"N3_COBERT":311,"N4_COBERT":0,"NOMENCLAT":311,"AREA_HA":2.0194434031899999,"Leyenda_N2":"Bosques","RuleID":7,"Shape_Leng":594.31654361799997,"LeyendaN3":"Bosque denso","Shape_Length":506.31311619352698,"Shape_Area":14752.650730401769}},{"type":"Feature","id":18,"geometry":{"type":"Polygon","coordinates":[[[-75.847330677669916,5.1137973489334367],[-75.847055625407819,5.1138735476233483],[-75.846960446136706,5.1140520084143439],[-75.847067522407301,5.1143137481538519],[-75.847245982218638,5.1143375431238498],[-75.847412544663925,5.1143851322391205],[-75.84756720935674,5.1145397967323953],[-75.847614798283743,5.1147539492887404],[-75.847591004372575,5.1150870733359328],[-75.847693465932451,5.1152547375998854],[-75.847693642705039,5.1152545515113923],[-75.847826916870901,5.1151096164238421],[-75.847955625716239,5.1149605906434061],[-75.848042999305449,5.1148538385372779],[-75.848091261513275,5.1147921767502789],[-75.848050076213383,5.1147468722530203],[-75.847764540866734,5.1144518199860594],[-75.847330677669916,5.1137973489334367]]]},"properties":{"OBJECTID":18,"ID_COBERT":314,"N1_COBERT":3,"N2_COBERT":31,"N3_COBERT":314,"N4_COBERT":0,"NOMENCLAT":314,"AREA_HA":1.21141970043,"Leyenda_N2":"Bosques","RuleID":6,"Shape_Leng":665.485698222,"LeyendaN3":"Bosque de galería y/o ripario","Shape_Length":438.53188580856425,"Shape_Area":6628.8784522055903}},{"type":"Feature","id":19,"geometry":{"type":"Polygon","coordinates":[[[-75.842785450309947,5.1115550105151],[-75.842879671191852,5.1117439298880401],[-75.842879670704733,5.1120175684341751],[-75.842867773024267,5.1121841310318779],[-75.842808286752515,5.1122912064202373],[-75.842820184012879,5.1123982823718173],[-75.842974849312043,5.1124101795595669],[-75.843153308369764,5.1123031041424696],[-75.843248487893476,5.1121603364644859],[-75.843248487937402,5.1119699795525317],[-75.843307973703119,5.1117439305520183],[-75.843367460369464,5.1115178815638558],[-75.843474535793192,5.1113156276835845],[-75.843724380556253,5.1111609625185874],[-75.843819558297369,5.1110300922808527],[-75.843879045052191,5.1108159407340255],[-75.843890941975076,5.1106136871060936],[-75.843890942296426,5.1104352267445039],[-75.843938531494544,5.1103400491604942],[-75.84402181252608,5.1102329731450871],[-75.84408129874727,5.110137794307029],[-75.844188339414643,5.1099475429144601],[-75.844081135330711,5.1099118076471166],[-75.84401451016997,5.1097975941250793],[-75.844004992852916,5.1096643438346367],[-75.844004992277775,5.1095406120533911],[-75.843995474778581,5.1094359155961895],[-75.843909814263355,5.1093312188439679],[-75.843871742912398,5.1091789330547126],[-75.843919331598286,5.1090742372738509],[-75.843938367597246,5.1089600233536254],[-75.843919332187866,5.1088553275204927],[-75.843862224519327,5.1088267738858786],[-75.843748010781752,5.1088648454599905],[-75.843690903492202,5.1088267735551796],[-75.843576689189405,5.1087220776782303],[-75.843404196051139,5.1085076451880944],[-75.843415000134826,5.1086479810961833],[-75.843415000500059,5.1089715880941133],[-75.843491143382053,5.109333265738254],[-75.843624392048184,5.1097330152061957],[-75.843662463974667,5.1101708367516059],[-75.843586322017416,5.1105325136986943],[-75.843453071733364,5.1109703351525031],[-75.843034286718009,5.1113891196767343],[-75.842785450309947,5.1115550105151]]]},"properties":{"OBJECTID":19,"ID_COBERT":314,"N1_COBERT":3,"N2_COBERT":31,"N3_COBERT":314,"N4_COBERT":0,"NOMENCLAT":314,"AREA_HA":1.84269035502,"Leyenda_N2":"Bosques","RuleID":6,"Shape_Leng":1026.04426814,"LeyendaN3":"Bosque de galería y/o ripario","Shape_Length":1026.0442681370876,"Shape_Area":18434.222070857748}},{"type":"Feature","id":20,"geometry":{"type":"Polygon","coordinates":[[[-75.840205933243723,5.112688612565842],[-75.8404222437063,5.1130823818212461],[-75.840575718659949,5.1133786244789459],[-75.840667997546689,5.1135413266703083],[-75.841178356361496,5.113528526290553],[-75.841749426484711,5.1134333478281375],[-75.842272908475039,5.113135915038499],[-75.84268931420101,5.1128503800100615],[-75.842820184330975,5.1126600226525394],[-75.842974849312043,5.1124101795595669],[-75.842820184012879,5.1123982823718173],[-75.842808286752515,5.1122912064202373],[-75.842867773024267,5.1121841310318779],[-75.842879670704733,5.1120175684341751],[-75.842879671191852,5.1117439298880401],[-75.842785450309947,5.1115550105151],[-75.842291894684493,5.1118840476314276],[-75.841682752548536,5.1120363333705523],[-75.841399703619942,5.1120066844866807],[-75.841136065153137,5.1123098700864524],[-75.840455271231178,5.1126271325799211],[-75.840205933243723,5.112688612565842]]]},"properties":{"OBJECTID":20,"ID_COBERT":242,"N1_COBERT":2,"N2_COBERT":24,"N3_COBERT":242,"N4_COBERT":0,"NOMENCLAT":242,"AREA_HA":3.71134854628,"Leyenda_N2":"Áreas agrícolas heterogéneas","RuleID":23,"Shape_Leng":847.04471009099996,"LeyendaN3":"Mosaico de pastos y cultivos","Shape_Length":847.04471009052963,"Shape_Area":37128.044549379352}},{"type":"Feature","id":21,"geometry":{"type":"Polygon","coordinates":[[[-75.839457222896286,5.1127659315609435],[-75.839133348950611,5.1125874703664751],[-75.839004519701149,5.1124279658840122],[-75.838994551463898,5.1124156227207846],[-75.838842527344298,5.1122900402390501],[-75.838736775541022,5.1122900405412182],[-75.838512045786715,5.1124156227129189],[-75.838201395297432,5.1126271326017907],[-75.837712283317998,5.1130765831645739],[-75.837487557513114,5.1134004522686629],[-75.8369653983506,5.1141473402905211],[-75.836568821055891,5.1147818643086724],[-75.836535436214902,5.1150415012775898],[-75.836529670283753,5.115086341498797],[-75.83650933685945,5.1152445403084812],[-75.836920469527755,5.1148566601296839],[-75.837070060326994,5.1146894696544392],[-75.837244077031286,5.1144949810001838],[-75.83781514647653,5.1139048755593715],[-75.8382529683998,5.1135241618838965],[-75.838633680775459,5.1132957326478872],[-75.838938251718375,5.1130673053954494],[-75.839457222896286,5.1127659315609435]]]},"properties":{"OBJECTID":21,"ID_COBERT":511,"N1_COBERT":5,"N2_COBERT":51,"N3_COBERT":511,"N4_COBERT":0,"NOMENCLAT":511,"AREA_HA":2.5849206626100001,"Leyenda_N2":"Aguas continentales","RuleID":31,"Shape_Leng":951.38761900999998,"LeyendaN3":"Ríos (50 m)","Shape_Length":951.38761900971156,"Shape_Area":25859.11266867915}},{"type":"Feature","id":22,"geometry":{"type":"Polygon","coordinates":[[[-75.835660924637594,5.1172573090861331],[-75.835607608129351,5.1173477161488847],[-75.835543363022936,5.1176475284356266],[-75.835521947817426,5.1180258637531963],[-75.835526759962235,5.1180816814018071],[-75.835557639596516,5.1184398887675417],[-75.835664716082249,5.1187254229105594],[-75.835928831752838,5.1189752665570563],[-75.836267038535127,5.1192782413812745],[-75.836271478005571,5.1192822188499907],[-75.836599842841991,5.1197533511811244],[-75.836863964238631,5.1201459603809489],[-75.836933103333863,5.1203959254852425],[-75.836844326990914,5.1196536538066377],[-75.836673005017843,5.1191967962697591],[-75.836528030023317,5.1187486892470799],[-75.836463613465725,5.1185495829761161],[-75.836044827516019,5.1180165841052574],[-75.835660924637594,5.1172573090861331]]]},"properties":{"OBJECTID":22,"ID_COBERT":511,"N1_COBERT":5,"N2_COBERT":51,"N3_COBERT":511,"N4_COBERT":0,"NOMENCLAT":511,"AREA_HA":1.64306549691,"Leyenda_N2":"Aguas continentales","RuleID":31,"Shape_Leng":784.33183481599997,"LeyendaN3":"Ríos (50 m)","Shape_Length":784.33183481599758,"Shape_Area":16436.874561959965}},{"type":"Feature","id":23,"geometry":{"type":"Polygon","coordinates":[[[-75.834281403054547,5.1320809803458642],[-75.834194174020126,5.1325171323480951],[-75.835074008036742,5.1321029935059297],[-75.83531261973333,5.1318972935242542],[-75.835626043136855,5.131627100753084],[-75.836006756337014,5.1310179588795766],[-75.836309290988552,5.1303417056123193],[-75.83633036350021,5.1302946026085134],[-75.836615898386512,5.1297425679534845],[-75.837053719163976,5.1292476401736193],[-75.837548646936966,5.1290192114601352],[-75.838138753557743,5.1289430689750617],[-75.838500431614975,5.1287527121272554],[-75.839014395449269,5.1284671761487477],[-75.839376073719748,5.1280674268651412],[-75.839490287402825,5.1275534635917772],[-75.839414144291865,5.1269252863799055],[-75.839237746865251,5.12649230960215],[-75.83920475197236,5.1264113230236923],[-75.838671752649645,5.1259925371544179],[-75.838443325052751,5.1256879659298544],[-75.838214895943011,5.1251740029644743],[-75.837948396581723,5.1249265383405138],[-75.837510576400646,5.1247361827026268],[-75.8371488980127,5.1245458249331044],[-75.83697757727829,5.1243745038287072],[-75.83692046988223,5.1240508972940164],[-75.837053719743452,5.1235369333176886],[-75.837129861561635,5.1229848983314907],[-75.837015647954942,5.1223567208701848],[-75.836920469987462,5.1218998641833675],[-75.836870728246026,5.1211032420243026],[-75.836728334057881,5.1213880396384441],[-75.836419874896308,5.1218408844467236],[-75.836392828688247,5.1218805907865752],[-75.836501683949692,5.1227564709268538],[-75.836444576944217,5.1236130761492324],[-75.836520719942769,5.123974754803335],[-75.83659686294871,5.1244125753096936],[-75.83678721954054,5.1246981103565137],[-75.837053719769756,5.1248884677699902],[-75.83741539749893,5.1250788236964686],[-75.837681897088842,5.1252691806586714],[-75.83798646758359,5.125630859431169],[-75.83813875364757,5.1258973596904731],[-75.838348146250297,5.1261828940630094],[-75.838462360075667,5.1262971087866402],[-75.838919216564321,5.1265065008875332],[-75.839052466678623,5.1268872150857678],[-75.838995358935776,5.1271917854525855],[-75.838862109330606,5.1273821430384139],[-75.838766931360126,5.1276486422637308],[-75.838690788182575,5.1279722489042348],[-75.838519468155852,5.1282958554941231],[-75.838214896628472,5.1284862133665197],[-75.837739004352031,5.1285813910489795],[-75.837110826488896,5.1288669257123134],[-75.836825290835364,5.1291334264943202],[-75.836254220447557,5.1297235324653707],[-75.835873506119782,5.13061820965377],[-75.835568935994885,5.1312083164473723],[-75.835359543622801,5.1315699941201105],[-75.83484557941982,5.1319316723022359],[-75.834281403054547,5.1320809803458642]]]},"properties":{"OBJECTID":23,"ID_COBERT":511,"N1_COBERT":5,"N2_COBERT":51,"N3_COBERT":511,"N4_COBERT":0,"NOMENCLAT":511,"AREA_HA":6.99330849534,"Leyenda_N2":"Aguas continentales","RuleID":31,"Shape_Leng":3363.9490783299998,"LeyendaN3":"Ríos (50 m)","Shape_Length":3363.9490783346532,"Shape_Area":69959.776654016416}},{"type":"Feature","id":24,"geometry":{"type":"Polygon","coordinates":[[[-75.836392828688247,5.1218805907865752],[-75.83610633836625,5.1222228897239965],[-75.835843175181552,5.1225373185391261],[-75.835629023207829,5.1228585481019353],[-75.835493393279563,5.1231155293420434],[-75.835436287595869,5.1233796504827147],[-75.83547197877877,5.1236937375499529],[-75.83557905507439,5.1240435184641848],[-75.835764649734301,5.1245146533840087],[-75.836014495526996,5.1248501541124192],[-75.836421384433706,5.1251785208503167],[-75.837143298276146,5.1256740258703468],[-75.837246763340147,5.1257450405537579],[-75.837461135638108,5.1258921810071998],[-75.837973124678896,5.1266017808806676],[-75.838206666347673,5.127302401547186],[-75.838157761137936,5.1275020943325682],[-75.838098875790152,5.1277425323308661],[-75.837748568517938,5.1279670895897933],[-75.837244542789676,5.1280790952820929],[-75.837182684825521,5.1280928411772253],[-75.83633834871101,5.1285778888765918],[-75.835826358175865,5.1292425786933951],[-75.835547907333336,5.129736601449828],[-75.835206580800559,5.1304012903598526],[-75.834982022078762,5.130895318124959],[-75.834868706172287,5.1310393236976957],[-75.83455087220014,5.1314432368971339],[-75.834281403054547,5.1320809803458642],[-75.83484557941982,5.1319316723022359],[-75.835359543622801,5.1315699941201105],[-75.835568935994885,5.1312083164473723],[-75.835873506119782,5.13061820965377],[-75.836254220447557,5.1297235324653707],[-75.836825290835364,5.1291334264943202],[-75.837110826488896,5.1288669257123134],[-75.837739004352031,5.1285813910489795],[-75.838214896628472,5.1284862133665197],[-75.838519468155852,5.1282958554941231],[-75.838690788182575,5.1279722489042348],[-75.838766931360126,5.1276486422637308],[-75.838862109330606,5.1273821430384139],[-75.838995358935776,5.1271917854525855],[-75.839052466678623,5.1268872150857678],[-75.838919216564321,5.1265065008875332],[-75.838462360075667,5.1262971087866402],[-75.838348146250297,5.1261828940630094],[-75.83813875364757,5.1258973596904731],[-75.83798646758359,5.125630859431169],[-75.837681897088842,5.1252691806586714],[-75.83741539749893,5.1250788236964686],[-75.837053719769756,5.1248884677699902],[-75.83678721954054,5.1246981103565137],[-75.83659686294871,5.1244125753096936],[-75.836520719942769,5.123974754803335],[-75.836444576944217,5.1236130761492324],[-75.836501683949692,5.1227564709268538],[-75.836392828688247,5.1218805907865752]]]},"properties":{"OBJECTID":24,"ID_COBERT":241,"N1_COBERT":2,"N2_COBERT":24,"N3_COBERT":241,"N4_COBERT":0,"NOMENCLAT":241,"AREA_HA":10.7494419081,"Leyenda_N2":"Áreas agrícolas heterogéneas","RuleID":19,"Shape_Leng":2991.7513258099998,"LeyendaN3":"Mosaico de cultivos","Shape_Length":2991.7513258144531,"Shape_Area":107535.27226173262}},{"type":"Feature","id":25,"geometry":{"type":"Polygon","coordinates":[[[-75.833472993298102,5.135152926582303],[-75.833193782257723,5.135623177179296],[-75.832961004609459,5.1360152255511728],[-75.832673568179914,5.1366709341474177],[-75.832535856047244,5.137071552686078],[-75.83259488831672,5.1375483768269401],[-75.832690761139276,5.1377784717344142],[-75.833151403284248,5.1373568429973071],[-75.833320291644256,5.1371382819677649],[-75.833475010267676,5.1369380576560832],[-75.833563687489672,5.1367015838414742],[-75.833567207991678,5.1366921963090615],[-75.833646331467591,5.136481201402308],[-75.833646330743989,5.1358910950660448],[-75.833532116701846,5.135605560040343],[-75.833472993298102,5.135152926582303]]]},"properties":{"OBJECTID":25,"ID_COBERT":511,"N1_COBERT":5,"N2_COBERT":51,"N3_COBERT":511,"N4_COBERT":0,"NOMENCLAT":511,"AREA_HA":1.85428091071,"Leyenda_N2":"Aguas continentales","RuleID":31,"Shape_Leng":649.49009730700004,"LeyendaN3":"Ríos (50 m)","Shape_Length":649.49009730678154,"Shape_Area":18549.686292027694}},{"type":"Feature","id":26,"geometry":{"type":"Polygon","coordinates":[[[-75.832566339263991,5.1399111818245595],[-75.832564794463522,5.1399165860281606],[-75.832494956706924,5.1401610258548933],[-75.83248067920016,5.1404893931880551],[-75.832516371075428,5.1408677261505824],[-75.832616308565491,5.1413174429952786],[-75.83270910681361,5.1416957768797218],[-75.832809041421186,5.14219546343387],[-75.832844733580146,5.1426737350564382],[-75.832851875239001,5.143273362621529],[-75.832851874643112,5.1435660345537135],[-75.832830460158434,5.1437944630676498],[-75.833208509731932,5.1433150137420043],[-75.833455974724288,5.1427820147712291],[-75.833513081570075,5.142287086253627],[-75.83349404598394,5.1420015515636077],[-75.833341760532051,5.1415256589924887],[-75.833094296213943,5.1408974812857595],[-75.83288490340604,5.1403835175501094],[-75.832566339263991,5.1399111818245595]]]},"properties":{"OBJECTID":26,"ID_COBERT":511,"N1_COBERT":5,"N2_COBERT":51,"N3_COBERT":511,"N4_COBERT":0,"NOMENCLAT":511,"AREA_HA":2.3827879532599998,"Leyenda_N2":"Aguas continentales","RuleID":31,"Shape_Leng":908.71743903399999,"LeyendaN3":"Ríos (50 m)","Shape_Length":908.71743903398021,"Shape_Area":23836.717555407493}},{"type":"Feature","id":27,"geometry":{"type":"Polygon","coordinates":[[[-75.842599811633917,5.1189641329173661],[-75.842438453348151,5.1189684942781035],[-75.842367068831507,5.1190827086607582],[-75.8421529175166,5.1191540913748312],[-75.841924488859689,5.1192397524758988],[-75.841696060849898,5.1193825203943488],[-75.841610400330865,5.1196395016473728],[-75.841667507059938,5.1198251000268042],[-75.841653230291953,5.1200106981677118],[-75.841524739154295,5.1201677426237904],[-75.8414533558866,5.1204247238045886],[-75.841496186322502,5.1206531518001421],[-75.841638953237265,5.1208815805601668],[-75.841667507477993,5.1211100086364283],[-75.84186738196874,5.1212956062632191],[-75.842309962231397,5.1216668024228786],[-75.842552667141248,5.1218952303557135],[-75.842581220115946,5.1221093826117059],[-75.842695434252022,5.1223663640612536],[-75.842966693165394,5.1225234088508431],[-75.843138013890155,5.1227090069273595],[-75.843195121520793,5.1228089441208473],[-75.843066630710837,5.1229517115998568],[-75.843080906977889,5.1232372471836651],[-75.843223675069737,5.1233800143074077],[-75.843280782659662,5.1236941030264802],[-75.843366442731138,5.1238797012325366],[-75.843352166076485,5.1240510227030214],[-75.843237951759491,5.1242223439498211],[-75.843237951772011,5.1244507719994399],[-75.843080907419221,5.1246791998479724],[-75.842909586029251,5.1247791369629621],[-75.842552667397825,5.1249504593029558],[-75.842452729115422,5.1250932265300424],[-75.842252854494859,5.1251788866314536],[-75.842138640421524,5.1252788246248953],[-75.842152917618478,5.1255072526667869],[-75.842195747920954,5.1257642350383312],[-75.842338515393536,5.1260069393292449],[-75.8424384521728,5.1261354305785343],[-75.842438452733646,5.1262639216060428],[-75.842452729278989,5.126478072184506],[-75.842624050792622,5.1266779472600854],[-75.842781095006146,5.1267065011586395],[-75.842995246459708,5.1268064381846719],[-75.84320939850447,5.1268492692184839],[-75.843209397851979,5.1270348669484571],[-75.843066630684277,5.1271062500652747],[-75.843166567953546,5.12739178581133],[-75.843195120859164,5.1276487671749846],[-75.843280781873048,5.1278058121559997],[-75.843452103252844,5.1278914722194644],[-75.843694808779063,5.1278343661715704],[-75.84380902280617,5.127862919565839],[-75.843980343651381,5.1279914097269019],[-75.844108834494108,5.127948580463034],[-75.844451476702616,5.1279485797446167],[-75.844765565069537,5.1279628568072733],[-75.844862599266492,5.1280383274083308],[-75.844875862003903,5.127903301932375],[-75.844886367794416,5.1277656068176158],[-75.844893874261146,5.1276277135450128],[-75.844898378997954,5.127489689014161],[-75.844899880500108,5.1273516001204857],[-75.844899878099582,5.1270184790639677],[-75.844898373985231,5.1268803890896768],[-75.844893866316696,5.1267423649148967],[-75.844886356289592,5.126604472519058],[-75.844875848701477,5.1264667769615864],[-75.844862346546805,5.1263293433099113],[-75.844845858237008,5.1261922384151335],[-75.844826392175435,5.1260555273204993],[-75.844803954052836,5.1259192732735412],[-75.844782606505746,5.1258041289420966],[-75.844759137749264,5.1256894017138137],[-75.844733556057761,5.1255751277076742],[-75.844705871532668,5.1254613484580256],[-75.844676090653309,5.125348101899637],[-75.844644226213461,5.1252354268431164],[-75.844610287408869,5.1251233639228966],[-75.844574287918718,5.1250119483299903],[-75.844491005969601,5.1247621094949185],[-75.844435836620079,5.1246036281849046],[-75.844395963872216,5.1244967963688932],[-75.844354179591235,5.1243907025089532],[-75.844264046418132,5.1241677557208707],[-75.844083603868057,5.123695421411659],[-75.844037914038125,5.123579265269858],[-75.843989949303648,5.1234640358062462],[-75.843939724281,5.1233497763427831],[-75.843887263514972,5.123236532868936],[-75.843832585223794,5.1231243477867618],[-75.843775709444614,5.1230132671058399],[-75.843716660701986,5.1229033322962261],[-75.843655460827904,5.1227945875517449],[-75.84355733127434,5.1226299849401142],[-75.843454275894203,5.1224684359262103],[-75.843346387319357,5.1223100937604897],[-75.843233763534315,5.1221550990149707],[-75.843001762235787,5.1218457712332155],[-75.842979448010198,5.1218168302651295],[-75.842978850283231,5.1218109122618527],[-75.843005691020608,5.1217059014477311],[-75.843036965774573,5.1215714104460242],[-75.843065305924924,5.1214362672106786],[-75.843090699144639,5.1213005377818996],[-75.843113133988268,5.1211642836763067],[-75.843132599034277,5.1210275718338494],[-75.843149083742617,5.1208904646709508],[-75.843162583014177,5.1207530318110734],[-75.843173087214382,5.1206153365704319],[-75.843180594826023,5.1204774431329962],[-75.843185099840369,5.1203394193183174],[-75.843186600740168,5.120201329310297],[-75.843185106980883,5.1200636801635504],[-75.843180627720045,5.1199260958066271],[-75.843173165959641,5.1197886431149708],[-75.843165377802151,5.1196862557353793],[-75.842741574050763,5.1191283515685946],[-75.842599811633917,5.1189641329173661]]]},"properties":{"OBJECTID":27,"ID_COBERT":231,"N1_COBERT":2,"N2_COBERT":23,"N3_COBERT":231,"N4_COBERT":0,"NOMENCLAT":231,"AREA_HA":76.378115063699994,"Leyenda_N2":"Pastos","RuleID":27,"Shape_Leng":5439.9400761899997,"LeyendaN3":"Pastos limpios","Shape_Length":2560.4373009462456,"Shape_Area":155871.27434340122}},{"type":"Feature","id":28,"geometry":{"type":"Polygon","coordinates":[[[-75.839237746865251,5.12649230960215],[-75.839417528404141,5.1265724079879478],[-75.839493671382286,5.1266771042488077],[-75.839588849493637,5.1268579434758363],[-75.839655474414073,5.1271625152097675],[-75.839684028866273,5.1273528713669316],[-75.839750653276681,5.1275622647815595],[-75.839836313980001,5.1277240680291705],[-75.839807760647773,5.1279429779323786],[-75.839693546431306,5.1281238168034564],[-75.839531742382448,5.128276102699167],[-75.839455599646712,5.128361763108626],[-75.839331868202677,5.1285616374903098],[-75.839236689729148,5.1286758524026981],[-75.839122475117932,5.1287424773659804],[-75.838951155155655,5.1288947621846228],[-75.838808386422002,5.1289899414543259],[-75.838713207786597,5.129104155470257],[-75.838732244633405,5.1292754759218449],[-75.838684654992264,5.1294467969455564],[-75.838646583037089,5.1295800477236817],[-75.838551404582049,5.12965619043774],[-75.838465744629062,5.1296371540659296],[-75.838361048878951,5.1295895651662518],[-75.838237316203077,5.1296086002904486],[-75.838113584741819,5.1296752259370688],[-75.837875637969972,5.1298751000162106],[-75.837809012623268,5.1300654573389828],[-75.837789978106983,5.1302272607109316],[-75.837799495978643,5.1304176168070139],[-75.83790419109495,5.130550867664688],[-75.83785660280239,5.1307317061772117],[-75.837713834992812,5.1308078489203623],[-75.837428300101507,5.1309030273005831],[-75.837361674897807,5.1309982053568381],[-75.837333121391865,5.1311504921223943],[-75.837304567569504,5.131283741397878],[-75.837304567340013,5.1313789198450692],[-75.83738071050314,5.1314740979261888],[-75.837599620000717,5.1315787942295303],[-75.837780459754768,5.1317405976703148],[-75.837894673431208,5.1317881875672118],[-75.838085030839082,5.1318548117312615],[-75.838142137344263,5.1319214371411457],[-75.83813261988989,5.1320451684127155],[-75.838161173144954,5.1322355256546199],[-75.838218280511285,5.1323687754368743],[-75.838322976660038,5.1324544363597502],[-75.83850381606382,5.1324829896730568],[-75.838722726609532,5.1325972035771414],[-75.838913082976376,5.1326447934627213],[-75.839151028892644,5.1326447925878975],[-75.83937945733814,5.1327114185333649],[-75.839579332798067,5.1327304534747347],[-75.839750653202913,5.1327114184621623],[-75.839855349668483,5.132825632005682],[-75.839750653637481,5.1329398462440139],[-75.839626921704479,5.1329493636893266],[-75.839350904000781,5.1328827390085028],[-75.839160546947042,5.1328256319368863],[-75.839065368699124,5.1328541862548622],[-75.839036814525599,5.1330540607109345],[-75.83907488607727,5.1331968282730367],[-75.839208135968263,5.1333110423633368],[-75.8393318686676,5.1333110414261958],[-75.839531742048464,5.133349113749361],[-75.839664992677626,5.1334728459548638],[-75.839779207430766,5.1336346482430573],[-75.839931491739492,5.1338154884323224],[-75.83994101025813,5.1339201832440082],[-75.839893421535976,5.1341200582679338],[-75.839893420540605,5.1342723443419045],[-75.839950527216899,5.1345007727947518],[-75.839931492167977,5.1347672715863375],[-75.839931493075568,5.1349576298379738],[-75.839988599253701,5.1351003973961804],[-75.840112331887283,5.1353097890798605],[-75.840197991752547,5.1353668969684234],[-75.840311599985512,5.1354642747407704],[-75.840356073298707,5.1354206451935047],[-75.840452397837112,5.1353219358422857],[-75.840546550326209,5.1352211408797857],[-75.840638488624109,5.1351183120179362],[-75.840728166065418,5.1350134973731079],[-75.840846139183611,5.1348682166318032],[-75.840959772363249,5.1347194968301633],[-75.841068966136504,5.1345674730966735],[-75.841173625519332,5.1344122751161549],[-75.84155434226534,5.1338293021789294],[-75.841649335682035,5.1336792914919398],[-75.841740091101769,5.133526665669935],[-75.841807030027198,5.1334074580208338],[-75.841869917031133,5.1332895791040389],[-75.841877336791569,5.1332845275073833],[-75.842008880777939,5.1331924995189082],[-75.842138050703909,5.1330971511590082],[-75.842264762993821,5.132998542460423],[-75.842388936800717,5.1328967388672053],[-75.842493473809895,5.1328068206660831],[-75.842596029117018,5.1327146397450818],[-75.842696555115026,5.1326202351858008],[-75.842795003343483,5.1325236569205348],[-75.842891326203528,5.1324249458385971],[-75.842985479746488,5.1323241527560741],[-75.843077417295248,5.132221323077597],[-75.843167094901332,5.1321165076191706],[-75.843254471312875,5.1320097553768704],[-75.843339503487115,5.1319011180664083],[-75.843422152884884,5.1317906464795193],[-75.843502378270585,5.1316783932277081],[-75.843580142916281,5.1315644109023015],[-75.843655407405606,5.1314487557222721],[-75.843728139526249,5.1313314820665834],[-75.843798301665004,5.1312126461459853],[-75.843868188526443,5.1310880471809766],[-75.843935251231343,5.1309618979314076],[-75.843962393543492,5.1309094212670843],[-75.843674285606681,5.1307977059527392],[-75.843245982163239,5.1304741002428091],[-75.843179356882686,5.1302647071031382],[-75.84312225005965,5.1298554398365281],[-75.84306514344317,5.129408101327753],[-75.842960446924025,5.1291701555696392],[-75.842655875369132,5.1289702802382582],[-75.84235130522066,5.1286847457691618],[-75.84171360942689,5.128132710236132],[-75.841056877982894,5.127552121954289],[-75.840428700575927,5.1270667119490003],[-75.840219307849267,5.1268097301413951],[-75.840257379974375,5.1265146770149368],[-75.840419182741584,5.1262101061480152],[-75.840533396534809,5.1259436066133546],[-75.840600021172094,5.1254581959250691],[-75.840657129314266,5.1252107328159457],[-75.840799896650211,5.1250394112029278],[-75.840980735948747,5.1248109825177073],[-75.841228199359648,5.1244302691789505],[-75.841294824634872,5.1241256976856961],[-75.841247234563184,5.1239448596689545],[-75.841123502636535,5.1238401626590218],[-75.840914110616538,5.1236117345335481],[-75.840685682684125,5.1232881285797411],[-75.840600021333501,5.1230406634924019],[-75.840600021898922,5.1226409150656922],[-75.840685682031435,5.1220508085018066],[-75.840641651502708,5.1219554082712282],[-75.840571468302429,5.1218033435820924],[-75.840504842964179,5.1216891300620002],[-75.840447736420714,5.1214797376168395],[-75.840438218975223,5.121222755772818],[-75.840457254330289,5.1210704692633895],[-75.840466772458171,5.1208134878583484],[-75.840482536111139,5.1205817685858932],[-75.840325491325885,5.1206103219791039],[-75.84009706295825,5.1205960445563781],[-75.839825804262844,5.1204390013169387],[-75.83959737623465,5.1203533401871004],[-75.839411778441146,5.1202391256346438],[-75.839197627012453,5.1202819565124056],[-75.838997752511503,5.1205246612977469],[-75.838897814353928,5.1206388758910535],[-75.838697939910674,5.1208387502174446],[-75.838540895306309,5.1210671782739094],[-75.838426682290361,5.1210529023728109],[-75.838283914011782,5.1209957952005905],[-75.838069762366175,5.1209957944668139],[-75.837941271103034,5.1209815176373716],[-75.837784227051941,5.1208387502459844],[-75.837641459490698,5.1208101968533182],[-75.837527245239414,5.1206103221012356],[-75.837498691472106,5.1203961704574619],[-75.837384477926733,5.1202391261447566],[-75.837370200815712,5.1200106969686034],[-75.837227433576615,5.1198679301000691],[-75.837098942664085,5.1197394396817133],[-75.837002276870635,5.1195397625178041],[-75.83696420589618,5.11938747758985],[-75.836897581164948,5.1192161560882807],[-75.836830955088942,5.1191209773752098],[-75.836840473495315,5.1189020675369612],[-75.836878544692354,5.1186831567726641],[-75.836878544033567,5.1185499068624765],[-75.836897580254259,5.1184261749332425],[-75.836792883661019,5.1183881039046062],[-75.836678670058944,5.1185118355930888],[-75.836631080134225,5.1186355675576509],[-75.836528030023317,5.1187486892470799],[-75.836673005017843,5.1191967962697591],[-75.836844326990914,5.1196536538066377],[-75.836933103333863,5.1203959254852425],[-75.83695676322634,5.1204814662983269],[-75.836956763025,5.1205243393340032],[-75.836956762588585,5.120752725247911],[-75.83690383820344,5.1210239332770859],[-75.83689964977799,5.1210453965063563],[-75.836870728246026,5.1211032420243026],[-75.836920469987462,5.1218998641833675],[-75.837015647954942,5.1223567208701848],[-75.837129861561635,5.1229848983314907],[-75.837053719743452,5.1235369333176886],[-75.83692046988223,5.1240508972940164],[-75.83697757727829,5.1243745038287072],[-75.8371488980127,5.1245458249331044],[-75.837510576400646,5.1247361827026268],[-75.837948396581723,5.1249265383405138],[-75.838214895943011,5.1251740029644743],[-75.838443325052751,5.1256879659298544],[-75.838671752649645,5.1259925371544179],[-75.83920475197236,5.1264113230236923],[-75.839237746865251,5.12649230960215]]]},"properties":{"OBJECTID":28,"ID_COBERT":223,"N1_COBERT":2,"N2_COBERT":22,"N3_COBERT":223,"N4_COBERT":2235,"NOMENCLAT":2235,"AREA_HA":106.497969353,"Leyenda_N2":"Cultivos permanentes","RuleID":2,"Shape_Leng":9943.3636036000007,"LeyendaN3":"Aguacate","Shape_Length":5309.3376697252452,"Shape_Area":590773.0418823167}},{"type":"Feature","id":29,"geometry":{"type":"Polygon","coordinates":[[[-75.840641651502708,5.1219554082712282],[-75.840764304327905,5.1218131397715663],[-75.840811892398079,5.1216323000117123],[-75.840830928718105,5.1213943545238516],[-75.840821410311776,5.1211088188665297],[-75.840830928371389,5.1209279791780027],[-75.84080237437388,5.1207281057049778],[-75.840745267673867,5.1205282306558209],[-75.840707197211415,5.1203854629371683],[-75.840688161570455,5.1202617303901006],[-75.840573946645179,5.1201189635757816],[-75.840383590756247,5.1199286062192781],[-75.840393108211387,5.1197477673806251],[-75.840497804203039,5.1196811419989778],[-75.840688160433587,5.1196811420470008],[-75.84084044620424,5.1196430716714278],[-75.84089755338772,5.1194907861228005],[-75.840954660334674,5.119319464949454],[-75.841059357422111,5.1193194638052821],[-75.841173570565118,5.11940512457178],[-75.841344892383404,5.1195003030660295],[-75.841344891704424,5.1196240351065594],[-75.841287785312616,5.1197572850099622],[-75.841278266974626,5.1199190890015744],[-75.841135500375387,5.1200333022424491],[-75.841068874971299,5.1200333034321428],[-75.840954660630018,5.1200808912464382],[-75.840868999856482,5.1202331770655203],[-75.840868999408855,5.1203759456933069],[-75.840935624444754,5.1205187131237295],[-75.841116464181084,5.1206329264756061],[-75.841268750005298,5.1207566591888423],[-75.841183088422426,5.1209089441560698],[-75.841097427778337,5.1210326761334954],[-75.841154535770542,5.1211468902667221],[-75.841278267515719,5.1212611040197737],[-75.841506695170665,5.121394354663944],[-75.841706569788826,5.1215656758259129],[-75.841963552130821,5.1218416925511905],[-75.842077766565893,5.1220510856876293],[-75.842020658932455,5.12223192427866],[-75.84194451696078,5.1222890314425422],[-75.841820784271533,5.1223651750998558],[-75.841773194773651,5.1225174600254801],[-75.841839819512501,5.1225745663843538],[-75.842077765910147,5.1225936020836258],[-75.842287158251423,5.1225936024443506],[-75.842477515501997,5.1226982995847958],[-75.842591729306832,5.1228220308652563],[-75.84256317607597,5.1229267266364813],[-75.842591730055645,5.1230694955563871],[-75.842820158295282,5.1233359944358901],[-75.842953407698758,5.1236215298389922],[-75.842877264473799,5.1238499575778871],[-75.842848711796037,5.1240022437173431],[-75.84285823011578,5.1242211537468867],[-75.842801122082321,5.1244305462415447],[-75.842658354943254,5.1245923505856474],[-75.842410890625985,5.1246018683226664],[-75.842258605435347,5.1245637963141171],[-75.842077766387163,5.1244971716961381],[-75.841906444738513,5.1244591001516886],[-75.841839819981743,5.1245447605984493],[-75.841820784306293,5.1249159570781648],[-75.841868373145601,5.1254013666118139],[-75.841896927554203,5.1256964196078156],[-75.842077766388769,5.1260105079830689],[-75.842211016305129,5.1261818306328557],[-75.842201497719032,5.1263245971198863],[-75.842220533917001,5.1265339900440035],[-75.842287158513145,5.1266862750535553],[-75.842353783788155,5.1267814532086886],[-75.842629801226337,5.127038435720582],[-75.842829676008762,5.1272383101301573],[-75.842896300926284,5.1274952921061585],[-75.842886783008296,5.1276951671298283],[-75.842924853789995,5.1278950418872595],[-75.843096175801719,5.128066362691265],[-75.843305568368223,5.128123470318033],[-75.8435435139628,5.1281044340392503],[-75.843667245874954,5.1281139519640684],[-75.843886156898265,5.1281615412296793],[-75.8440098885726,5.1281805773225555],[-75.844190727587105,5.1281805775356535],[-75.844400120471661,5.1281805770981954],[-75.844523852221016,5.1282757553711926],[-75.844628548158909,5.1283804516441283],[-75.844609512247715,5.1285993618758381],[-75.844580959534028,5.1287516479660988],[-75.844542887643172,5.1289039330702764],[-75.844571441907902,5.1290562188245783],[-75.844659856102083,5.1291280560621564],[-75.844672880142852,5.1290726512661617],[-75.844673911790949,5.1290680403144542],[-75.844751262575173,5.1287170658299468],[-75.844779043120582,5.1285842191973749],[-75.844803978659698,5.1284508058303695],[-75.844826413422624,5.1283145526542659],[-75.844845877449686,5.1281778408685534],[-75.844862362917809,5.1280407355892512],[-75.844862599266492,5.1280383274083308],[-75.844765565069537,5.1279628568072733],[-75.844451476702616,5.1279485797446167],[-75.844108834494108,5.127948580463034],[-75.843980343651381,5.1279914097269019],[-75.84380902280617,5.127862919565839],[-75.843694808779063,5.1278343661715704],[-75.843452103252844,5.1278914722194644],[-75.843280781873048,5.1278058121559997],[-75.843195120859164,5.1276487671749846],[-75.843166567953546,5.12739178581133],[-75.843066630684277,5.1271062500652747],[-75.843209397851979,5.1270348669484571],[-75.84320939850447,5.1268492692184839],[-75.842995246459708,5.1268064381846719],[-75.842781095006146,5.1267065011586395],[-75.842624050792622,5.1266779472600854],[-75.842452729278989,5.126478072184506],[-75.842438452733646,5.1262639216060428],[-75.8424384521728,5.1261354305785343],[-75.842338515393536,5.1260069393292449],[-75.842195747920954,5.1257642350383312],[-75.842152917618478,5.1255072526667869],[-75.842138640421524,5.1252788246248953],[-75.842252854494859,5.1251788866314536],[-75.842452729115422,5.1250932265300424],[-75.842552667397825,5.1249504593029558],[-75.842909586029251,5.1247791369629621],[-75.843080907419221,5.1246791998479724],[-75.843237951772011,5.1244507719994399],[-75.843237951759491,5.1242223439498211],[-75.843352166076485,5.1240510227030214],[-75.843366442731138,5.1238797012325366],[-75.843280782659662,5.1236941030264802],[-75.843223675069737,5.1233800143074077],[-75.843080906977889,5.1232372471836651],[-75.843066630710837,5.1229517115998568],[-75.843195121520793,5.1228089441208473],[-75.843138013890155,5.1227090069273595],[-75.842966693165394,5.1225234088508431],[-75.842695434252022,5.1223663640612536],[-75.842581220115946,5.1221093826117059],[-75.842552667141248,5.1218952303557135],[-75.842309962231397,5.1216668024228786],[-75.84186738196874,5.1212956062632191],[-75.841667507477993,5.1211100086364283],[-75.841638953237265,5.1208815805601668],[-75.841496186322502,5.1206531518001421],[-75.8414533558866,5.1204247238045886],[-75.841524739154295,5.1201677426237904],[-75.841653230291953,5.1200106981677118],[-75.841667507059938,5.1198251000268042],[-75.841610400330865,5.1196395016473728],[-75.841696060849898,5.1193825203943488],[-75.841924488859689,5.1192397524758988],[-75.8421529175166,5.1191540913748312],[-75.842367068831507,5.1190827086607582],[-75.842438453348151,5.1189684942781035],[-75.842599811633917,5.1189641329173661],[-75.842966693244136,5.1189542177468743],[-75.843073669602404,5.1189380088790202],[-75.843053380629982,5.1188295737685916],[-75.843032449173876,5.1187297694015594],[-75.842766818800186,5.1187828958022772],[-75.842381345901245,5.1187115127291305],[-75.84219574761083,5.1186686823271774],[-75.841910212877409,5.118768618536401],[-75.841738891222136,5.1188971102761149],[-75.841453355621113,5.118911387413295],[-75.841110713256455,5.118811449274645],[-75.840896562367547,5.1189256638073797],[-75.840539643091262,5.1189256636750136],[-75.840453982234123,5.1187686190772608],[-75.840211277142828,5.1186258510360156],[-75.839954295181485,5.1185830212250876],[-75.839611653718734,5.1184830838585],[-75.839368948271897,5.1184116997424978],[-75.839183349615212,5.1181547177593778],[-75.839154796689812,5.1179548438443616],[-75.839154796702388,5.117726414959443],[-75.839054859057299,5.1175836473740972],[-75.838797878256088,5.1174408802234401],[-75.838583725646174,5.1171981752923603],[-75.838555172685076,5.1170411308112902],[-75.838326744018573,5.116798425693081],[-75.838012655776069,5.1167270416373567],[-75.837912717445889,5.1167698722624158],[-75.837941271420817,5.11689836288196],[-75.838112592169765,5.1170411307377863],[-75.838255360610148,5.1171553445816746],[-75.838198253781343,5.1173980493893705],[-75.838412404718341,5.1178263530307815],[-75.838598002828206,5.1178977360606046],[-75.838740770311276,5.1180547810366717],[-75.838783601032944,5.1183974229661393],[-75.838983475382847,5.1186258511043654],[-75.839240458013165,5.118854279724772],[-75.839411778071238,5.1190969851283272],[-75.839454608494506,5.11931113629457],[-75.839597376017863,5.119411072909644],[-75.839882911712664,5.1195110103734889],[-75.840097062717021,5.1196537785921752],[-75.840211277566922,5.119967867324025],[-75.840325490803153,5.1202819568826339],[-75.84042542863159,5.1203818934488279],[-75.84052536644333,5.1204961073911299],[-75.840482536111139,5.1205817685858932],[-75.840466772458171,5.1208134878583484],[-75.840457254330289,5.1210704692633895],[-75.840438218975223,5.121222755772818],[-75.840447736420714,5.1214797376168395],[-75.840504842964179,5.1216891300620002],[-75.840571468302429,5.1218033435820924],[-75.840641651502708,5.1219554082712282]]]},"properties":{"OBJECTID":29,"ID_COBERT":314,"N1_COBERT":3,"N2_COBERT":31,"N3_COBERT":314,"N4_COBERT":0,"NOMENCLAT":314,"AREA_HA":17.1062646918,"Leyenda_N2":"Bosques","RuleID":6,"Shape_Leng":7875.7376470500003,"LeyendaN3":"Bosque de galería y/o ripario","Shape_Length":5076.4058012249734,"Shape_Area":106171.25857585571}},{"type":"Feature","id":30,"geometry":{"type":"Polygon","coordinates":[[[-75.840641651502708,5.1219554082712282],[-75.840685682031435,5.1220508085018066],[-75.840600021898922,5.1226409150656922],[-75.840600021333501,5.1230406634924019],[-75.840685682684125,5.1232881285797411],[-75.840914110616538,5.1236117345335481],[-75.841123502636535,5.1238401626590218],[-75.841247234563184,5.1239448596689545],[-75.841294824634872,5.1241256976856961],[-75.841228199359648,5.1244302691789505],[-75.840980735948747,5.1248109825177073],[-75.840799896650211,5.1250394112029278],[-75.840657129314266,5.1252107328159457],[-75.840600021172094,5.1254581959250691],[-75.840533396534809,5.1259436066133546],[-75.840419182741584,5.1262101061480152],[-75.840257379974375,5.1265146770149368],[-75.840219307849267,5.1268097301413951],[-75.840428700575927,5.1270667119490003],[-75.841056877982894,5.127552121954289],[-75.84171360942689,5.128132710236132],[-75.84235130522066,5.1286847457691618],[-75.842655875369132,5.1289702802382582],[-75.842960446924025,5.1291701555696392],[-75.84306514344317,5.129408101327753],[-75.84312225005965,5.1298554398365281],[-75.843179356882686,5.1302647071031382],[-75.843245982163239,5.1304741002428091],[-75.843674285606681,5.1307977059527392],[-75.843962393543492,5.1309094212670843],[-75.844109248011137,5.1306254922877397],[-75.84411366597007,5.1306168528595419],[-75.844171159995028,5.1305021356084337],[-75.844204594835972,5.1304335647130674],[-75.844230752733182,5.1303776467166688],[-75.844287878200007,5.1302519855956392],[-75.844289836481167,5.1302475476820213],[-75.844341657897516,5.1301248551544933],[-75.844368737936861,5.1300587404971205],[-75.844392934006962,5.1299966972724551],[-75.844441835826132,5.1298675972455436],[-75.844487113072759,5.1297371773823706],[-75.844509494250374,5.1296706317078575],[-75.844530013985747,5.1296059636252824],[-75.844570334646434,5.1294739162061367],[-75.844571000747337,5.1294716498329471],[-75.844607074334021,5.1293408244500318],[-75.844625605259694,5.1292706522489269],[-75.844641283195998,5.129207066035427],[-75.844659856102083,5.1291280560621564],[-75.844571441907902,5.1290562188245783],[-75.844542887643172,5.1289039330702764],[-75.844580959534028,5.1287516479660988],[-75.844609512247715,5.1285993618758381],[-75.844628548158909,5.1283804516441283],[-75.844523852221016,5.1282757553711926],[-75.844400120471661,5.1281805770981954],[-75.844190727587105,5.1281805775356535],[-75.8440098885726,5.1281805773225555],[-75.843886156898265,5.1281615412296793],[-75.843667245874954,5.1281139519640684],[-75.8435435139628,5.1281044340392503],[-75.843305568368223,5.128123470318033],[-75.843096175801719,5.128066362691265],[-75.842924853789995,5.1278950418872595],[-75.842886783008296,5.1276951671298283],[-75.842896300926284,5.1274952921061585],[-75.842829676008762,5.1272383101301573],[-75.842629801226337,5.127038435720582],[-75.842353783788155,5.1267814532086886],[-75.842287158513145,5.1266862750535553],[-75.842220533917001,5.1265339900440035],[-75.842201497719032,5.1263245971198863],[-75.842211016305129,5.1261818306328557],[-75.842077766388769,5.1260105079830689],[-75.841896927554203,5.1256964196078156],[-75.841868373145601,5.1254013666118139],[-75.841820784306293,5.1249159570781648],[-75.841839819981743,5.1245447605984493],[-75.841906444738513,5.1244591001516886],[-75.842077766387163,5.1244971716961381],[-75.842258605435347,5.1245637963141171],[-75.842410890625985,5.1246018683226664],[-75.842658354943254,5.1245923505856474],[-75.842801122082321,5.1244305462415447],[-75.84285823011578,5.1242211537468867],[-75.842848711796037,5.1240022437173431],[-75.842877264473799,5.1238499575778871],[-75.842953407698758,5.1236215298389922],[-75.842820158295282,5.1233359944358901],[-75.842591730055645,5.1230694955563871],[-75.84256317607597,5.1229267266364813],[-75.842591729306832,5.1228220308652563],[-75.842477515501997,5.1226982995847958],[-75.842287158251423,5.1225936024443506],[-75.842077765910147,5.1225936020836258],[-75.841839819512501,5.1225745663843538],[-75.841773194773651,5.1225174600254801],[-75.841820784271533,5.1223651750998558],[-75.84194451696078,5.1222890314425422],[-75.842020658932455,5.12223192427866],[-75.842077766565893,5.1220510856876293],[-75.841963552130821,5.1218416925511905],[-75.841706569788826,5.1215656758259129],[-75.841506695170665,5.121394354663944],[-75.841278267515719,5.1212611040197737],[-75.841154535770542,5.1211468902667221],[-75.841097427778337,5.1210326761334954],[-75.841183088422426,5.1209089441560698],[-75.841268750005298,5.1207566591888423],[-75.841116464181084,5.1206329264756061],[-75.840935624444754,5.1205187131237295],[-75.840868999408855,5.1203759456933069],[-75.840868999856482,5.1202331770655203],[-75.840954660630018,5.1200808912464382],[-75.841068874971299,5.1200333034321428],[-75.841135500375387,5.1200333022424491],[-75.841278266974626,5.1199190890015744],[-75.841287785312616,5.1197572850099622],[-75.841344891704424,5.1196240351065594],[-75.841344892383404,5.1195003030660295],[-75.841173570565118,5.11940512457178],[-75.841059357422111,5.1193194638052821],[-75.840954660334674,5.119319464949454],[-75.84089755338772,5.1194907861228005],[-75.84084044620424,5.1196430716714278],[-75.840688160433587,5.1196811420470008],[-75.840497804203039,5.1196811419989778],[-75.840393108211387,5.1197477673806251],[-75.840383590756247,5.1199286062192781],[-75.840573946645179,5.1201189635757816],[-75.840688161570455,5.1202617303901006],[-75.840707197211415,5.1203854629371683],[-75.840745267673867,5.1205282306558209],[-75.84080237437388,5.1207281057049778],[-75.840830928371389,5.1209279791780027],[-75.840821410311776,5.1211088188665297],[-75.840830928718105,5.1213943545238516],[-75.840811892398079,5.1216323000117123],[-75.840764304327905,5.1218131397715663],[-75.840641651502708,5.1219554082712282]]]},"properties":{"OBJECTID":30,"ID_COBERT":221,"N1_COBERT":2,"N2_COBERT":22,"N3_COBERT":221,"N4_COBERT":2212,"NOMENCLAT":2212,"AREA_HA":31.926584879699998,"Leyenda_N2":"Cultivos permanentes","RuleID":13,"Shape_Leng":5762.6634119800001,"LeyendaN3":"Caña","Shape_Length":3426.7069942194344,"Shape_Area":194440.82304829918}},{"type":"Feature","id":31,"geometry":{"type":"Polygon","coordinates":[[[-75.837415311686058,5.132418794506413],[-75.837462900418387,5.1323140977359367],[-75.837567597019472,5.1321998827984432],[-75.837738917986414,5.1321998831482887],[-75.83791975730891,5.1321998836157992],[-75.838091078156125,5.1323902406309845],[-75.838081560190133,5.1325330075879565],[-75.838205292810969,5.132789989907133],[-75.838319506273521,5.1328851674315157],[-75.83855745226299,5.1329232398735636],[-75.838671667095852,5.132904204193224],[-75.838747809520441,5.1330089001838184],[-75.838785881008974,5.1331516678005169],[-75.838804917203689,5.1334086490990325],[-75.838738292510612,5.1335609352209612],[-75.838633595763412,5.1337227390700901],[-75.838633595313951,5.1338750244036513],[-75.838795398876087,5.1339511667340361],[-75.838947684323784,5.1339130949000324],[-75.83907141610706,5.1339892374946521],[-75.839176112541267,5.134151041598062],[-75.839280809095129,5.1342747734387713],[-75.839414058573325,5.1342747734206995],[-75.839604415246143,5.1342938088664312],[-75.839642487100676,5.1344746475784229],[-75.839709112142842,5.1347411475055047],[-75.83970911207453,5.1349315048939888],[-75.839737665682136,5.1351884869419502],[-75.839842361893332,5.1353027002609268],[-75.839946264636794,5.1354335708904451],[-75.840069996455142,5.1356048921761674],[-75.840078586104738,5.1356821996157764],[-75.840157098402528,5.1356116281386672],[-75.840257626101149,5.1355172253244401],[-75.840311599985512,5.1354642747407704],[-75.840197991752547,5.1353668969684234],[-75.840112331887283,5.1353097890798605],[-75.839988599253701,5.1351003973961804],[-75.839931493075568,5.1349576298379738],[-75.839931492167977,5.1347672715863375],[-75.839950527216899,5.1345007727947518],[-75.839893420540605,5.1342723443419045],[-75.839893421535976,5.1341200582679338],[-75.83994101025813,5.1339201832440082],[-75.839931491739492,5.1338154884323224],[-75.839779207430766,5.1336346482430573],[-75.839664992677626,5.1334728459548638],[-75.839531742048464,5.133349113749361],[-75.8393318686676,5.1333110414261958],[-75.839208135968263,5.1333110423633368],[-75.83907488607727,5.1331968282730367],[-75.839036814525599,5.1330540607109345],[-75.839065368699124,5.1328541862548622],[-75.839160546947042,5.1328256319368863],[-75.839350904000781,5.1328827390085028],[-75.839626921704479,5.1329493636893266],[-75.839750653637481,5.1329398462440139],[-75.839855349668483,5.132825632005682],[-75.839750653202913,5.1327114184621623],[-75.839579332798067,5.1327304534747347],[-75.83937945733814,5.1327114185333649],[-75.839151028892644,5.1326447925878975],[-75.838913082976376,5.1326447934627213],[-75.838722726609532,5.1325972035771414],[-75.83850381606382,5.1324829896730568],[-75.838322976660038,5.1324544363597502],[-75.838218280511285,5.1323687754368743],[-75.838161173144954,5.1322355256546199],[-75.83813261988989,5.1320451684127155],[-75.838142137344263,5.1319214371411457],[-75.838085030839082,5.1318548117312615],[-75.837894673431208,5.1317881875672118],[-75.837780459754768,5.1317405976703148],[-75.837599620000717,5.1315787942295303],[-75.83738071050314,5.1314740979261888],[-75.837304567340013,5.1313789198450692],[-75.837304567569504,5.131283741397878],[-75.837333121391865,5.1311504921223943],[-75.837361674897807,5.1309982053568381],[-75.837428300101507,5.1309030273005831],[-75.837713834992812,5.1308078489203623],[-75.83785660280239,5.1307317061772117],[-75.83790419109495,5.130550867664688],[-75.837799495978643,5.1304176168070139],[-75.837789978106983,5.1302272607109316],[-75.837809012623268,5.1300654573389828],[-75.837875637969972,5.1298751000162106],[-75.838113584741819,5.1296752259370688],[-75.838237316203077,5.1296086002904486],[-75.838361048878951,5.1295895651662518],[-75.838465744629062,5.1296371540659296],[-75.838551404582049,5.12965619043774],[-75.838646583037089,5.1295800477236817],[-75.838684654992264,5.1294467969455564],[-75.838732244633405,5.1292754759218449],[-75.838713207786597,5.129104155470257],[-75.838808386422002,5.1289899414543259],[-75.838951155155655,5.1288947621846228],[-75.839122475117932,5.1287424773659804],[-75.839236689729148,5.1286758524026981],[-75.839331868202677,5.1285616374903098],[-75.839455599646712,5.128361763108626],[-75.839531742382448,5.128276102699167],[-75.839693546431306,5.1281238168034564],[-75.839807760647773,5.1279429779323786],[-75.839836313980001,5.1277240680291705],[-75.839750653276681,5.1275622647815595],[-75.839684028866273,5.1273528713669316],[-75.839655474414073,5.1271625152097675],[-75.839588849493637,5.1268579434758363],[-75.839493671382286,5.1266771042488077],[-75.839417528404141,5.1265724079879478],[-75.839237746865251,5.12649230960215],[-75.839414144291865,5.1269252863799055],[-75.839490287402825,5.1275534635917772],[-75.839376073719748,5.1280674268651412],[-75.839014395449269,5.1284671761487477],[-75.838500431614975,5.1287527121272554],[-75.838138753557743,5.1289430689750617],[-75.837548646936966,5.1290192114601352],[-75.837053719163976,5.1292476401736193],[-75.836615898386512,5.1297425679534845],[-75.83633036350021,5.1302946026085134],[-75.836309290988552,5.1303417056123193],[-75.836354468861288,5.1304101325353235],[-75.836431800398273,5.1305231571591765],[-75.836515082151024,5.1305647969752668],[-75.836645952109279,5.1306421291444027],[-75.836753027638906,5.1307789483544912],[-75.836758977249815,5.1308681788166757],[-75.836770188242397,5.1309929082351742],[-75.836834723668588,5.1310482244421332],[-75.836939420043478,5.1310577421294612],[-75.837015561936056,5.1312766527743578],[-75.837082186738456,5.1314860457984235],[-75.837082187236874,5.1317906159758655],[-75.837101222407625,5.1320190446492351],[-75.837101221761458,5.1322474729584036],[-75.837177365777308,5.1324092754840409],[-75.837348686342835,5.1324568655821343],[-75.837415311686058,5.132418794506413]]]},"properties":{"OBJECTID":31,"ID_COBERT":314,"N1_COBERT":3,"N2_COBERT":31,"N3_COBERT":314,"N4_COBERT":0,"NOMENCLAT":314,"AREA_HA":21.388259597699999,"Leyenda_N2":"Bosques","RuleID":6,"Shape_Leng":9001.6220457100007,"LeyendaN3":"Bosque de galería y/o ripario","Shape_Length":3113.0894634922715,"Shape_Area":78421.543328447558}},{"type":"Feature","id":32,"geometry":{"type":"MultiPolygon","coordinates":[[[[-75.83923709112473,5.1432312609972346],[-75.839237091262575,5.1433264401622658],[-75.839296577539727,5.1435643859228151],[-75.839498831690548,5.1436119759040837],[-75.839653496698148,5.1436357698863553],[-75.839659491087957,5.1436357702765596],[-75.839696914120438,5.1434460803826978],[-75.839715202916125,5.1433444488871318],[-75.839719622103331,5.1433196057417172],[-75.839739407819081,5.143198335343973],[-75.83968918799178,5.143207466471269],[-75.839451242206366,5.143147980926642],[-75.839320371828109,5.1431241856102519],[-75.83923709112473,5.1432312609972346]]],[[[-75.8389396581819,5.1454560579894242],[-75.83874930098527,5.1457177981030835],[-75.838749300967024,5.1458724624950003],[-75.838796890975047,5.1461104088808582],[-75.838927761164214,5.1462650744546039],[-75.83904673373118,5.1464435335898058],[-75.839106219780192,5.1466338905511595],[-75.839248988765249,5.1467647614234799],[-75.839332269333497,5.1469908101061934],[-75.839403652988807,5.1471930637044458],[-75.839320372094932,5.1474667019837854],[-75.839367961453476,5.1477998263801741],[-75.839510728990845,5.1480734648194497],[-75.839736778331456,5.1482995134391549],[-75.839915237005243,5.1484541784630844],[-75.839927133785693,5.148692124631415],[-75.839867648447196,5.1488348921376916],[-75.839748674199839,5.1489419672625125],[-75.839784367073193,5.1490490435354488],[-75.839927134767777,5.1490728383022502],[-75.839962826423786,5.1491918119364657],[-75.839950928631922,5.1494297567394476],[-75.839843853643302,5.1496082173738982],[-75.83978436725495,5.1498461631332946],[-75.839879545451979,5.1499056500046398],[-75.839998518974326,5.1499770328540828],[-75.840046108214821,5.1500484171145935],[-75.840069901987675,5.1502982599201133],[-75.840058004639829,5.150405336179678],[-75.840046107933773,5.1505837958466163],[-75.840153183305787,5.1507979478998607],[-75.840093696505065,5.1510596884506086],[-75.840046107461305,5.1513571204692159],[-75.839998518191877,5.1515355804592842],[-75.839891443060594,5.1516545534423397],[-75.839808161847728,5.1518687050252465],[-75.83977246961409,5.1520114721829495],[-75.839641598529511,5.1521661378749064],[-75.839582112077863,5.1522851098765692],[-75.839451241807396,5.1524397755804952],[-75.839195635111679,5.1525680380233432],[-75.839182564666928,5.1526838008495419],[-75.839178995300728,5.1529443518120965],[-75.839296778291256,5.1530014588092001],[-75.839384113142316,5.1529975479812364],[-75.839408747694222,5.1529556135897003],[-75.839482981011642,5.1528230476282753],[-75.839554016820472,5.1526887333125302],[-75.839621814895366,5.1525527476555837],[-75.83968633681404,5.1524151676623555],[-75.8397339157343,5.1523104656832315],[-75.83978415486996,5.1521969756737303],[-75.839832162856524,5.1520825203055836],[-75.83987792455406,5.1519671412266188],[-75.839921418536008,5.1518508855362946],[-75.839967112226944,5.1517206083739406],[-75.840009959891432,5.1515893613685204],[-75.840049941986891,5.1514572096892142],[-75.840087038958785,5.1513242157934229],[-75.840121233047583,5.1511904403226518],[-75.840152508320926,5.1510559493336867],[-75.840180850637523,5.1509208061634899],[-75.840206244958509,5.1507850750568922],[-75.840226515213075,5.150662823481051],[-75.840244394680127,5.1505401966112672],[-75.840259875456212,5.1504172414860818],[-75.840272954149526,5.1502940060277629],[-75.840283621959074,5.1501705381827323],[-75.840291879099155,5.1500468858570789],[-75.840297718551668,5.1499230924696189],[-75.84030113964144,5.1497992086421212],[-75.840303518419319,5.1496659594435625],[-75.840304529623864,5.1495526188415894],[-75.840303355735102,5.1494306094681352],[-75.840299836212964,5.1493086449153651],[-75.840292694733961,5.1491230452599375],[-75.840287645643187,5.1490155692207891],[-75.840280776775444,5.148908194407988],[-75.840272088272101,5.1488009524575142],[-75.840261581172015,5.1486938740974022],[-75.840249262824713,5.1485869900275221],[-75.840235132465949,5.1484803309839062],[-75.840219197453237,5.1483739294742241],[-75.840201460620392,5.1482678144106275],[-75.840176063436886,5.1481320840802276],[-75.840147719004577,5.1479969408854913],[-75.840116440239285,5.1478624507535029],[-75.840082244556399,5.1477286777834248],[-75.840045144851473,5.1475956833827947],[-75.840005160338748,5.1474635307388086],[-75.839962312051469,5.1473322866462228],[-75.839916615577522,5.1472020097888196],[-75.839878121767057,5.1470987767829293],[-75.839837840555333,5.146996233298152],[-75.839795784688533,5.1468944072983769],[-75.839751967826402,5.1467933294551971],[-75.839706401845604,5.1466930349677797],[-75.839659101283246,5.1465935490802419],[-75.839610079806974,5.1464949042720258],[-75.839559353776892,5.1463971302987659],[-75.839411831826354,5.1461187311367764],[-75.839358766047326,5.1460206846228926],[-75.83930398795448,5.1459235885210752],[-75.839228342197558,5.1457957193176629],[-75.839149724914279,5.1456696666608277],[-75.839068176076736,5.1455454990686018],[-75.838997857129357,5.1454437193824862],[-75.839000546557557,5.1454386617071712],[-75.8389396581819,5.1454560579894242]]]]},"properties":{"OBJECTID":32,"ID_COBERT":314,"N1_COBERT":3,"N2_COBERT":31,"N3_COBERT":314,"N4_COBERT":0,"NOMENCLAT":314,"AREA_HA":17.234124149300001,"Leyenda_N2":"Bosques","RuleID":6,"Shape_Leng":5930.5894599499998,"LeyendaN3":"Bosque de galería y/o ripario","Shape_Length":2070.8717407180839,"Shape_Area":35812.604425516314}},{"type":"Feature","id":33,"geometry":{"type":"Polygon","coordinates":[[[-75.836767412113019,5.1416085990339537],[-75.836653197246832,5.1417977669464063],[-75.836546121496653,5.1419655190015092],[-75.836441425469204,5.1422433202372408],[-75.836310555034473,5.1426032138586395],[-75.836254043399265,5.142778698966544],[-75.836307580483179,5.1430136711153889],[-75.83636409220918,5.1432456687407599],[-75.836390861619591,5.1434568458765222],[-75.836399784905467,5.1436680229357092],[-75.836465219872011,5.1438345846974372],[-75.836652602738639,5.1440041213141861],[-75.836804292891912,5.144161760311567],[-75.836813216133535,5.1444383730920302],[-75.836805482538821,5.1449101011121954],[-75.836812621326189,5.1453169896313211],[-75.8368875741306,5.1455418478960473],[-75.836876866330485,5.1458987675629873],[-75.836794775794004,5.146141472123106],[-75.836602039477356,5.1463199317923456],[-75.836505670190277,5.1464662696222003],[-75.836548501520085,5.1465983297850455],[-75.83668412992678,5.1467375277361018],[-75.83684474437257,5.1468660184892325],[-75.836855451845608,5.1470123554799141],[-75.83683046753616,5.1473442902169699],[-75.836869728417355,5.1475370265857237],[-75.837037479659401,5.1476191177771451],[-75.837397968773502,5.1476298256300801],[-75.837651380769927,5.1477975771189541],[-75.838186759750457,5.1481437893157107],[-75.838404480215573,5.1483793561230478],[-75.838557955772586,5.1486006454171802],[-75.838532971505472,5.1488861815204201],[-75.838490141110242,5.149153870704871],[-75.838468725931989,5.1495000819366252],[-75.838536540490594,5.1498141710221859],[-75.838618631669505,5.1500497369645899],[-75.838732846231693,5.1503959484871018],[-75.838861337466611,5.1508920664947162],[-75.83895770481233,5.1511490474675261],[-75.839029089868234,5.1514167374717932],[-75.839050504473533,5.151648735083576],[-75.839057643322178,5.1518771635697451],[-75.839136164550894,5.1520841758295637],[-75.839214686555039,5.1523018976899717],[-75.839207549253615,5.1524625109278732],[-75.839195635111679,5.1525680380233432],[-75.839451241807396,5.1524397755804952],[-75.839582112077863,5.1522851098765692],[-75.839641598529511,5.1521661378749064],[-75.83977246961409,5.1520114721829495],[-75.839808161847728,5.1518687050252465],[-75.839891443060594,5.1516545534423397],[-75.839998518191877,5.1515355804592842],[-75.840046107461305,5.1513571204692159],[-75.840093696505065,5.1510596884506086],[-75.840153183305787,5.1507979478998607],[-75.840046107933773,5.1505837958466163],[-75.840058004639829,5.150405336179678],[-75.840069901987675,5.1502982599201133],[-75.840046108214821,5.1500484171145935],[-75.839998518974326,5.1499770328540828],[-75.839879545451979,5.1499056500046398],[-75.83978436725495,5.1498461631332946],[-75.839843853643302,5.1496082173738982],[-75.839950928631922,5.1494297567394476],[-75.839962826423786,5.1491918119364657],[-75.839927134767777,5.1490728383022502],[-75.839784367073193,5.1490490435354488],[-75.839748674199839,5.1489419672625125],[-75.839867648447196,5.1488348921376916],[-75.839927133785693,5.148692124631415],[-75.839915237005243,5.1484541784630844],[-75.839736778331456,5.1482995134391549],[-75.839510728990845,5.1480734648194497],[-75.839367961453476,5.1477998263801741],[-75.839320372094932,5.1474667019837854],[-75.839403652988807,5.1471930637044458],[-75.839332269333497,5.1469908101061934],[-75.839248988765249,5.1467647614234799],[-75.839106219780192,5.1466338905511595],[-75.83904673373118,5.1464435335898058],[-75.838927761164214,5.1462650744546039],[-75.838796890975047,5.1461104088808582],[-75.838749300967024,5.1458724624950003],[-75.83874930098527,5.1457177981030835],[-75.8389396581819,5.1454560579894242],[-75.839000546557557,5.1454386617071712],[-75.839049599942925,5.1453463985830066],[-75.839113737807111,5.1452189192638054],[-75.839174992520611,5.1450900219029112],[-75.839199382113023,5.1450371721211425],[-75.839253982993355,5.1449155059718468],[-75.839306016662846,5.1447927132412961],[-75.839355457219526,5.1446688482801646],[-75.839402281470143,5.1445439663308967],[-75.839456144931475,5.1443893935810356],[-75.839506002252079,5.1442334764965976],[-75.839551820536059,5.144076318270586],[-75.839593569600183,5.1439180238916675],[-75.839607799594432,5.1438611038894475],[-75.839655827528489,5.1436543413714579],[-75.839659491087957,5.1436357702765596],[-75.839653496698148,5.1436357698863553],[-75.839498831690548,5.1436119759040837],[-75.839296577539727,5.1435643859228151],[-75.839237091262575,5.1433264401622658],[-75.83923709112473,5.1432312609972346],[-75.839320371828109,5.1431241856102519],[-75.839451242206366,5.143147980926642],[-75.83968918799178,5.143207466471269],[-75.839739407819081,5.143198335343973],[-75.839744850363033,5.143164977233166],[-75.839766253507818,5.1430097701004804],[-75.839783819340425,5.142854079308492],[-75.839797536564987,5.1426979998179148],[-75.839805665869051,5.1425902696883412],[-75.839816136657987,5.1424215868608476],[-75.839822113190962,5.142252684531365],[-75.839827800027621,5.1419948613056654],[-75.839163327890077,5.141934455394261],[-75.838021185826221,5.1418868656170647],[-75.837319245626247,5.1418154818826585],[-75.836890942355794,5.1417084069386201],[-75.836767412113019,5.1416085990339537]]]},"properties":{"OBJECTID":33,"ID_COBERT":242,"N1_COBERT":2,"N2_COBERT":24,"N3_COBERT":242,"N4_COBERT":0,"NOMENCLAT":242,"AREA_HA":28.518111967199999,"Leyenda_N2":"Áreas agrícolas heterogéneas","RuleID":23,"Shape_Leng":3428.7346480400001,"LeyendaN3":"Mosaico de pastos y cultivos","Shape_Length":3164.3943475489896,"Shape_Area":263331.69577054825}},{"type":"Feature","id":34,"geometry":{"type":"Polygon","coordinates":[[[-75.830780271929967,5.1453808687687204],[-75.831042428020169,5.145484741148775],[-75.831224456741126,5.145602524993719],[-75.831392208485681,5.1457274463720992],[-75.831559960845993,5.1458773530839972],[-75.831791958577483,5.145913044023219],[-75.831952572402713,5.1458559372381387],[-75.832230969215601,5.1457381538126299],[-75.8324129984222,5.1456739082971685],[-75.83263785709336,5.1455704018310957],[-75.83287699204574,5.1454347731992431],[-75.833055451749175,5.1452206212098792],[-75.833248188527762,5.1449600705266496],[-75.833448063439931,5.1448065950234323],[-75.833622954324966,5.1447816105495985],[-75.833819259674613,5.1447423499669496],[-75.833965596452231,5.1447780409468802],[-75.83405482545173,5.1448422870268802],[-75.834179747386273,5.1449029637037782],[-75.834293962411806,5.1448958250177723],[-75.834347499471718,5.1447958866181187],[-75.83431180787251,5.1446745346286304],[-75.834251131726845,5.1445139207199455],[-75.834226147117889,5.1442783545570743],[-75.8342332855146,5.143871466634792],[-75.834268976757897,5.143693006998757],[-75.834429591023806,5.1434503018598239],[-75.834633034551416,5.1432504274774633],[-75.834757956823637,5.1430933833543593],[-75.834718695585295,5.1427436022747646],[-75.834704419562883,5.1423902524778979],[-75.834722264390905,5.1420190564016846],[-75.834840048564843,5.1416335838278897],[-75.834964970352885,5.1413444784601854],[-75.83514699896763,5.1412409719878571],[-75.835239797906553,5.1411588814682139],[-75.835221951452382,5.1410268208647478],[-75.834945336262038,5.1409307189446452],[-75.834631247411679,5.1408022287474093],[-75.834602693659363,5.1406166301796707],[-75.834616970389931,5.1403739255343357],[-75.8347026315882,5.1401312206604262],[-75.834631247137011,5.1399027912421662],[-75.834331434596891,5.139959898542056],[-75.83418866786576,5.1400598367260644],[-75.833974515569594,5.1401169435237559],[-75.833760364649379,5.140045559224184],[-75.833531936444174,5.1397885776255947],[-75.833403445777265,5.139545872906373],[-75.833317784775232,5.1391318466995326],[-75.833203571134504,5.1386464360153878],[-75.83313218669349,5.1384180087485243],[-75.833132186649777,5.138218133782579],[-75.833389169149171,5.1380325359665937],[-75.833417721900815,5.1378754913682316],[-75.833389169069207,5.1375471256938328],[-75.833320291644256,5.1371382819677649],[-75.833151403284248,5.1373568429973071],[-75.832690761139276,5.1377784717344142],[-75.832809041629062,5.1380623418703628],[-75.83286615170428,5.138319324407199],[-75.832887566995154,5.1386762425888231],[-75.832823321121907,5.1390402991859512],[-75.83266627376257,5.1395828152952978],[-75.832566339263991,5.1399111818245595],[-75.83288490340604,5.1403835175501094],[-75.833094296213943,5.1408974812857595],[-75.833341760532051,5.1415256589924887],[-75.83349404598394,5.1420015515636077],[-75.833513081570075,5.142287086253627],[-75.833455974724288,5.1427820147712291],[-75.833208509731932,5.1433150137420043],[-75.832830460158434,5.1437944630676498],[-75.832723384366886,5.143965782994032],[-75.832629317912506,5.1440423498676395],[-75.832416433542306,5.1442156264929659],[-75.832045238536693,5.1444511934592221],[-75.83150020019626,5.1447610054373207],[-75.831367091174883,5.1448366665970653],[-75.831017309727187,5.1450222621963029],[-75.830838850893002,5.1452506923752894],[-75.830805926004871,5.1453238588557788],[-75.830783676992283,5.145373300418675],[-75.830780271929967,5.1453808687687204]]]},"properties":{"OBJECTID":34,"ID_COBERT":243,"N1_COBERT":2,"N2_COBERT":24,"N3_COBERT":243,"N4_COBERT":0,"NOMENCLAT":243,"AREA_HA":13.6079929349,"Leyenda_N2":"Áreas agrícolas heterogéneas","RuleID":21,"Shape_Leng":2668.6052075399998,"LeyendaN3":"Mosaico de cultivos, pastos y espacios naturales","Shape_Length":2668.6052075397665,"Shape_Area":136130.50181154549}},{"type":"Feature","id":35,"geometry":{"type":"Polygon","coordinates":[[[-75.836767412113019,5.1416085990339537],[-75.836890942355794,5.1417084069386201],[-75.837319245626247,5.1418154818826585],[-75.838021185826221,5.1418868656170647],[-75.839163327890077,5.141934455394261],[-75.839827800027621,5.1419948613056654],[-75.839828210620539,5.1419762441547521],[-75.83982952218328,5.1418904021012235],[-75.839831550069036,5.1416525826564303],[-75.839831781375864,5.1415984088183784],[-75.839830516630201,5.1414717590452739],[-75.839826725101432,5.1413451612098857],[-75.839820407007437,5.1412186641220003],[-75.839811565282602,5.1410923192910936],[-75.839803434470909,5.1409906889725736],[-75.839789753331459,5.1408417794634769],[-75.839772568633791,5.1406932344763208],[-75.839751887964894,5.1405451380402001],[-75.839727724320753,5.1403975741601],[-75.839696988791374,5.1402352369661637],[-75.839662038792383,5.1400737591853138],[-75.839622896459431,5.1399132528026517],[-75.839579589309082,5.1397538234518034],[-75.839563330178692,5.1396969046465477],[-75.839506299911832,5.1395084048798001],[-75.839443449531501,5.1393217759162093],[-75.83940889838729,5.1392242151740195],[-75.839392071440798,5.1391772890013288],[-75.839326375663433,5.1390042368875219],[-75.839255703764309,5.1388332931579583],[-75.839277579369835,5.1387392205731137],[-75.839305921872551,5.1386040766959731],[-75.83933131554781,5.1384683466581631],[-75.839353750753361,5.1383320919685413],[-75.839373216071962,5.1381953804712666],[-75.839389701869337,5.1380582754829049],[-75.839403200322266,5.1379208421197315],[-75.839413706316051,5.1377831463898191],[-75.839421213830434,5.1376452534013293],[-75.839425718652151,5.1375072291582073],[-75.839427219272466,5.1373691396523666],[-75.839427217631723,5.1371906796318667],[-75.839425247119436,5.1370325873684335],[-75.839422557538526,5.1369606708110274],[-75.839443640949497,5.1368226767023764],[-75.839463181626684,5.1366846352313624],[-75.8394796850733,5.1365461960032039],[-75.839493143470136,5.1364074250380689],[-75.839503550812964,5.1362683910597191],[-75.839511591687042,5.1361423976255765],[-75.839782627224139,5.135929736941363],[-75.839866895111285,5.1358624481867032],[-75.839950004476762,5.1357937282604391],[-75.840054543203294,5.1357038109149578],[-75.840078586104738,5.1356821996157764],[-75.840069996455142,5.1356048921761674],[-75.839946264636794,5.1354335708904451],[-75.839842361893332,5.1353027002609268],[-75.839737665682136,5.1351884869419502],[-75.83970911207453,5.1349315048939888],[-75.839709112142842,5.1347411475055047],[-75.839642487100676,5.1344746475784229],[-75.839604415246143,5.1342938088664312],[-75.839414058573325,5.1342747734206995],[-75.839280809095129,5.1342747734387713],[-75.839176112541267,5.134151041598062],[-75.83907141610706,5.1339892374946521],[-75.838947684323784,5.1339130949000324],[-75.838795398876087,5.1339511667340361],[-75.838633595313951,5.1338750244036513],[-75.838633595763412,5.1337227390700901],[-75.838738292510612,5.1335609352209612],[-75.838804917203689,5.1334086490990325],[-75.838785881008974,5.1331516678005169],[-75.838747809520441,5.1330089001838184],[-75.838671667095852,5.132904204193224],[-75.83855745226299,5.1329232398735636],[-75.838319506273521,5.1328851674315157],[-75.838205292810969,5.132789989907133],[-75.838081560190133,5.1325330075879565],[-75.838091078156125,5.1323902406309845],[-75.83791975730891,5.1321998836157992],[-75.837738917986414,5.1321998831482887],[-75.837567597019472,5.1321998827984432],[-75.837462900418387,5.1323140977359367],[-75.837415311686058,5.132418794506413],[-75.836851681082621,5.1338139492334403],[-75.836494762109695,5.1346848326798895],[-75.835268479915868,5.1373442647861554],[-75.834895384806742,5.1378171678882332],[-75.834623491366457,5.1377735809916398],[-75.834022893015486,5.1374566585019315],[-75.833320291644256,5.1371382819677649],[-75.833389169069207,5.1375471256938328],[-75.833417721900815,5.1378754913682316],[-75.833389169149171,5.1380325359665937],[-75.833132186649777,5.138218133782579],[-75.83313218669349,5.1384180087485243],[-75.833203571134504,5.1386464360153878],[-75.833317784775232,5.1391318466995326],[-75.833403445777265,5.139545872906373],[-75.833531936444174,5.1397885776255947],[-75.833760364649379,5.140045559224184],[-75.833974515569594,5.1401169435237559],[-75.83418866786576,5.1400598367260644],[-75.834331434596891,5.139959898542056],[-75.834631247137011,5.1399027912421662],[-75.8347026315882,5.1401312206604262],[-75.834616970389931,5.1403739255343357],[-75.834602693659363,5.1406166301796707],[-75.834631247411679,5.1408022287474093],[-75.834945336262038,5.1409307189446452],[-75.835221951452382,5.1410268208647478],[-75.835246935559425,5.14054498010122],[-75.835257642882496,5.1401380929030811],[-75.835282628028466,5.1397169270973624],[-75.835357581301409,5.1395634528140759],[-75.835525333459216,5.1393635777341107],[-75.835685946418806,5.1391173035230642],[-75.83584299083482,5.1388424758297617],[-75.835971482411736,5.1387532465652592],[-75.836107111397354,5.1387389695337564],[-75.83619990922287,5.1387746611459084],[-75.8363391087547,5.1389209978998407],[-75.836439046700519,5.1390851809748117],[-75.83659965962913,5.1392707790873775],[-75.836803103719745,5.1394670850694757],[-75.836910178464407,5.1396848053169046],[-75.836938732796554,5.1398311424944083],[-75.837002978578809,5.1398846796432442],[-75.83711005326812,5.1398989559149211],[-75.837449127642955,5.1400203092450534],[-75.837566910347149,5.1401309536212194],[-75.837549064211942,5.1402772902780391],[-75.837445558072204,5.1403986425005117],[-75.837299221131019,5.1404985807962769],[-75.83717429924647,5.1405771029375105],[-75.837027962435698,5.1407055933937764],[-75.836853071877115,5.1408412235943857],[-75.836774550634402,5.1410339594012653],[-75.836749565888695,5.1412266955114276],[-75.836763842854282,5.1414479861779556],[-75.836767412113019,5.1416085990339537]]]},"properties":{"OBJECTID":35,"ID_COBERT":223,"N1_COBERT":2,"N2_COBERT":22,"N3_COBERT":223,"N4_COBERT":2235,"NOMENCLAT":2235,"AREA_HA":78.755413568600005,"Leyenda_N2":"Cultivos permanentes","RuleID":2,"Shape_Leng":6303.4512585800003,"LeyendaN3":"Aguacate","Shape_Length":3912.2416606613938,"Shape_Area":423483.23252261296}},{"type":"Feature","id":36,"geometry":{"type":"Polygon","coordinates":[[[-75.83001793746655,5.1522177539354512],[-75.830480017014935,5.1522648860702711],[-75.831127230035392,5.1522172963722452],[-75.831565050611005,5.1521601901097132],[-75.832031424614485,5.152093564626063],[-75.832459727826887,5.1519032083318228],[-75.832669120473128,5.1516938151001375],[-75.832735745784021,5.1515320122344725],[-75.832745263315914,5.1512845484172223],[-75.832823321037552,5.1509328451231058],[-75.832073787198652,5.1512754888600369],[-75.831367090952838,5.151518194086421],[-75.830788882796668,5.1518322802806011],[-75.830539039163853,5.1519607711077819],[-75.830267780220595,5.152053571656646],[-75.83001793746655,5.1522177539354512]]]},"properties":{"OBJECTID":36,"ID_COBERT":511,"N1_COBERT":5,"N2_COBERT":51,"N3_COBERT":511,"N4_COBERT":0,"NOMENCLAT":511,"AREA_HA":1.89023638859,"Leyenda_N2":"Aguas continentales","RuleID":31,"Shape_Leng":739.35838064100005,"LeyendaN3":"Ríos (50 m)","Shape_Length":739.35838064113932,"Shape_Area":18909.300856432797}},{"type":"Feature","id":37,"geometry":{"type":"Polygon","coordinates":[[[-75.836885524988077,5.1521126007483895],[-75.837037811200716,5.1521221184237067],[-75.837094918646088,5.1519983861264969],[-75.837075881792046,5.1518936902890751],[-75.836952150424736,5.1517794768284189],[-75.836818900512796,5.151722369458561],[-75.836571437323897,5.1515986372533877],[-75.836343008323666,5.1515700834499585],[-75.836181204963964,5.1515224940955147],[-75.835971812541345,5.1514273156942449],[-75.835790973346079,5.1513416556217493],[-75.835610134642948,5.1512274414548784],[-75.835362670455922,5.1511227451633657],[-75.835143760555425,5.1510180488905961],[-75.834934366677246,5.150761066816167],[-75.83477256415523,5.150675405484118],[-75.83462027854705,5.1505897459645009],[-75.834467992411192,5.1504374599881588],[-75.83449654628123,5.1503137284234146],[-75.834639314340905,5.1501899958883079],[-75.834820153975727,5.1500853002439309],[-75.835086652390927,5.1500377105093005],[-75.83524845589524,5.1500567463711926],[-75.835600616252719,5.1500377109955862],[-75.835819526589276,5.149933014498175],[-75.836152651065404,5.1498663890554468],[-75.836304937673773,5.1499330142962823],[-75.836466739789572,5.1500281926259905],[-75.836638060896519,5.1501043352301688],[-75.836837935732987,5.1501519247915599],[-75.837132988637393,5.1502851747167764],[-75.837351900112907,5.1503803528678898],[-75.837523221015061,5.1505421561222828],[-75.837761166825203,5.1507991386774208],[-75.837903934955534,5.1512179236637214],[-75.837942006118283,5.151351173397301],[-75.838056220417272,5.1515510475615987],[-75.838160916837992,5.1516176719996079],[-75.838417898294637,5.1515415294098714],[-75.838617773076777,5.1514653867596261],[-75.838617772589259,5.1513511728090116],[-75.838484522494682,5.1512464771218331],[-75.838246576624798,5.1511798517419498],[-75.838056219385749,5.151056120197997],[-75.837913452886852,5.1508562450318136],[-75.837827792127072,5.1506563707972672],[-75.83760888179178,5.1503422812704418],[-75.837304310456503,5.1500091574135851],[-75.837266239836623,5.1497426577474688],[-75.837313828401861,5.1495142288380782],[-75.837370934890728,5.1493333896292981],[-75.837475631420205,5.14918110457221],[-75.837485149530636,5.1490383365658694],[-75.837418524140858,5.1488289447476525],[-75.837228167715324,5.1487718378144338],[-75.837094917840744,5.1487052127781192],[-75.837028293313352,5.1486195514275197],[-75.836847454080228,5.1485434086862307],[-75.836790346252755,5.148629069450446],[-75.836885525686782,5.1488289451075184],[-75.836923597281981,5.1490097838689479],[-75.836856971383199,5.149171586463452],[-75.83684745389192,5.1493238728313342],[-75.83679986467881,5.1494666398353672],[-75.836676132309051,5.149514228959041],[-75.836590472147179,5.1494856754727225],[-75.836590471632377,5.149352426529612],[-75.83663806105757,5.1492001403171068],[-75.836666615001377,5.1490478549212941],[-75.836542882791832,5.1489812307214207],[-75.836428669253124,5.1490193015015606],[-75.836438186863703,5.1491335157261666],[-75.83640963360682,5.1492953185361277],[-75.836247830324936,5.1494951929620916],[-75.836038437357288,5.1496379618499359],[-75.835724347952763,5.1497331394940637],[-75.835533991195561,5.1497712106683275],[-75.835086652447231,5.1498378359320771],[-75.834715457032218,5.1498283176946158],[-75.834391850393018,5.149771210744909],[-75.834188719041194,5.1497335932841679],[-75.834172940118364,5.1498949425787091],[-75.834068242816969,5.150075781637887],[-75.833944512327335,5.1501804776014923],[-75.833694101749217,5.1503199903404013],[-75.833801744000652,5.1503517998501076],[-75.833849332912592,5.150351799345029],[-75.834011136668991,5.150323245710454],[-75.834134868852132,5.150408906137379],[-75.834258600517629,5.150523120571501],[-75.834211010674252,5.1507134775245627],[-75.834201493420977,5.1508276909337081],[-75.834306188906339,5.1508847988863415],[-75.834448956743444,5.1507801029378344],[-75.834563171275988,5.1508657631328223],[-75.834734492760703,5.1509894951037083],[-75.834848707189778,5.1510846735180102],[-75.835029545730848,5.1512559942481975],[-75.835219902539919,5.1513511729680541],[-75.835457848352334,5.1513892447014786],[-75.835657723888161,5.1514844223706282],[-75.83587663353299,5.1516176723393281],[-75.836105062218792,5.1517318865109196],[-75.836304937258816,5.151808029073444],[-75.836514329887976,5.1518365827941865],[-75.836714203780659,5.1519317617813716],[-75.836885524988077,5.1521126007483895]]]},"properties":{"OBJECTID":37,"ID_COBERT":314,"N1_COBERT":3,"N2_COBERT":31,"N3_COBERT":314,"N4_COBERT":0,"NOMENCLAT":314,"AREA_HA":4.0634172597399996,"Leyenda_N2":"Bosques","RuleID":6,"Shape_Leng":2447.8606567299998,"LeyendaN3":"Bosque de galería y/o ripario","Shape_Length":2447.8606567279535,"Shape_Area":40649.558810189941}},{"type":"Feature","id":38,"geometry":{"type":"Polygon","coordinates":[[[-75.833751310981384,5.1488984069206065],[-75.833844110105858,5.1493909558311968],[-75.833867476017545,5.1496713484265477],[-75.833879802183915,5.1498192559414662],[-75.83382269490734,5.1500833757363633],[-75.833694101749217,5.1503199903404013],[-75.833944512327335,5.1501804776014923],[-75.834068242816969,5.150075781637887],[-75.834172940118364,5.1498949425787091],[-75.834188719041194,5.1497335932841679],[-75.834172939083317,5.1494951931144426],[-75.834125350825474,5.1493333903279765],[-75.834001618190598,5.149152551109184],[-75.833925476156637,5.1490193011579768],[-75.833751310981384,5.1488984069206065]]]},"properties":{"OBJECTID":38,"ID_COBERT":511,"N1_COBERT":5,"N2_COBERT":51,"N3_COBERT":511,"N4_COBERT":0,"NOMENCLAT":511,"AREA_HA":0.41213777439799998,"Leyenda_N2":"Aguas continentales","RuleID":31,"Shape_Leng":363.35462119300001,"LeyendaN3":"Ríos (50 m)","Shape_Length":363.35462119333147,"Shape_Area":4122.9172867712186}},{"type":"Feature","id":39,"geometry":{"type":"Polygon","coordinates":[[[-75.827888740371421,5.1536943413485323],[-75.82782226437719,5.1537969057646142],[-75.827712238707505,5.1539666586047792],[-75.82763371583566,5.1542165013163155],[-75.827533778787952,5.1546305268146453],[-75.827391012495696,5.1550374156722096],[-75.82717686104148,5.155708424875427],[-75.827026954071556,5.156258077901283],[-75.827014653137866,5.1563564882708768],[-75.827165112850992,5.1562262251467716],[-75.827448407453588,5.1559325588391216],[-75.827602699780684,5.1557247532055452],[-75.827730109479702,5.1554569975424416],[-75.827757912390908,5.1554152921942586],[-75.827836271431948,5.1552372329286573],[-75.827969259341842,5.1549432711131509],[-75.828005466734908,5.1547280563617139],[-75.828009480335282,5.1545056033939662],[-75.827995417323251,5.1543764041934574],[-75.827914579042286,5.1540342508836883],[-75.827888740371421,5.1536943413485323]]]},"properties":{"OBJECTID":39,"ID_COBERT":231,"N1_COBERT":2,"N2_COBERT":23,"N3_COBERT":231,"N4_COBERT":0,"NOMENCLAT":231,"AREA_HA":1.180769443,"Leyenda_N2":"Pastos","RuleID":27,"Shape_Leng":642.97276669300004,"LeyendaN3":"Pastos limpios","Shape_Length":642.97276669285304,"Shape_Area":11811.906838659219}},{"type":"Feature","id":40,"geometry":{"type":"Polygon","coordinates":[[[-75.827014653137866,5.1563564882708768],[-75.826994144629708,5.1565205622342196],[-75.826991262455891,5.1565436135038327],[-75.827243949738886,5.1564051478668507],[-75.827776948589062,5.1558340780747649],[-75.828072002136295,5.1552439712154001],[-75.828157662391334,5.1546633827698924],[-75.82816717994298,5.154073276762607],[-75.828176234462092,5.1534027286135622],[-75.827962082718784,5.1535811857923521],[-75.827888740371421,5.1536943413485323],[-75.827914579042286,5.1540342508836883],[-75.827995417323251,5.1543764041934574],[-75.828009480335282,5.1545056033939662],[-75.828005466734908,5.1547280563617139],[-75.827969259341842,5.1549432711131509],[-75.827836271431948,5.1552372329286573],[-75.827757912390908,5.1554152921942586],[-75.827730109479702,5.1554569975424416],[-75.827602699780684,5.1557247532055452],[-75.827448407453588,5.1559325588391216],[-75.827165112850992,5.1562262251467716],[-75.827014653137866,5.1563564882708768]]]},"properties":{"OBJECTID":40,"ID_COBERT":511,"N1_COBERT":5,"N2_COBERT":51,"N3_COBERT":511,"N4_COBERT":0,"NOMENCLAT":511,"AREA_HA":0.79610685343800003,"Leyenda_N2":"Aguas continentales","RuleID":31,"Shape_Leng":793.84868314200003,"LeyendaN3":"Ríos (50 m)","Shape_Length":793.84868314229186,"Shape_Area":7963.912667766348}},{"type":"Feature","id":41,"geometry":{"type":"Polygon","coordinates":[[[-75.82869302478332,5.15306822480939],[-75.828766804111297,5.1533404027721188],[-75.828985714260753,5.1534450986669365],[-75.829318838994837,5.1533594378158272],[-75.829661481882894,5.1532166704473132],[-75.829975570069436,5.1529977603451718],[-75.830203998706722,5.1527217426953182],[-75.830508569737958,5.1526075288363051],[-75.830708444464761,5.1526455999978786],[-75.830993979854441,5.1527598142422439],[-75.831146265313905,5.152759814055468],[-75.831317587197589,5.1528074030151183],[-75.831536497086546,5.1528264382769269],[-75.831726853645819,5.1528359575580325],[-75.83192672890516,5.1528454741510279],[-75.832021907256902,5.1528454741176581],[-75.832145639476906,5.1529596880001618],[-75.832278888925416,5.15301679644113],[-75.832364549113422,5.1531690814383673],[-75.83232647835483,5.1533213672044917],[-75.832316959812204,5.1535402770204852],[-75.832431174399233,5.1537020805151847],[-75.832469245742772,5.1538924374823507],[-75.832507316600413,5.1541113476199287],[-75.832716708897792,5.1543778478419027],[-75.83290706658471,5.1544920617725882],[-75.833087905998369,5.1545301334683833],[-75.833268744758513,5.1547109718318032],[-75.833440065454383,5.1549108466851008],[-75.833563798420599,5.1549679545134817],[-75.833601869313796,5.1551757605351387],[-75.833639940416361,5.1552519027585184],[-75.833744636091765,5.1553565993174688],[-75.833849332998483,5.1554422600998873],[-75.834020654038156,5.1555279201933475],[-75.834115832381386,5.1556040634519729],[-75.834296671407856,5.1556230988643348],[-75.834563170903834,5.1555945455977552],[-75.834772563433077,5.1556135809444426],[-75.834915331348924,5.1556706875110629],[-75.834962921261564,5.1558229733366483],[-75.835105688330614,5.1558800807328371],[-75.835267492592536,5.1558229729285463],[-75.835543509633126,5.1558039375475673],[-75.835857598428717,5.1558229743809481],[-75.836038437419461,5.1559086337273889],[-75.836190722723487,5.1560894732922113],[-75.836419151434228,5.1562227221252543],[-75.836580953970525,5.1563940440958094],[-75.836595441980975,5.156417751649097],[-75.836607537183525,5.1564073477408359],[-75.836710096679653,5.156315165263603],[-75.83681062677266,5.1562207627762957],[-75.836909078066981,5.1561241829848372],[-75.837005404789366,5.1560254721946013],[-75.837099562080297,5.1559246794186082],[-75.83716940564932,5.1558465625134913],[-75.837152025334092,5.1557944196781778],[-75.836733239852933,5.1556802060695919],[-75.836495294129762,5.1555755094586928],[-75.83635252653319,5.1555755094903235],[-75.836247830062845,5.1555945451896514],[-75.836086026857203,5.1555850268610577],[-75.835857597479389,5.155604063361646],[-75.835591098935552,5.1555850274219885],[-75.835514956358509,5.1554993671021085],[-75.835524473341579,5.1553565988603145],[-75.83559109882097,5.1552423847081155],[-75.835543509832661,5.1551567244091645],[-75.835438812950557,5.1552043139676869],[-75.835267491916241,5.155328046238937],[-75.835000992194026,5.1553946711572847],[-75.834886778399664,5.1553661168678007],[-75.834858224883348,5.1552994913328618],[-75.834696420822524,5.1552804560958858],[-75.834572689610383,5.1553470812215121],[-75.834277636371738,5.1553946709735197],[-75.834153904112355,5.1554041888684186],[-75.833982583700703,5.1552804564304662],[-75.833896922695459,5.1552423855294247],[-75.833839815706554,5.1551186525655224],[-75.83384933310181,5.1549679540191846],[-75.833868368061857,5.1549013285820182],[-75.833811261590398,5.1548061505518969],[-75.833649458954199,5.1547014536810627],[-75.833535244230021,5.1546253119598671],[-75.833440065607419,5.1544730255286364],[-75.833297299036786,5.1544064009830572],[-75.833106941943171,5.1543112229383858],[-75.8329546558857,5.1541874909756507],[-75.832859477421977,5.1539400264899582],[-75.832735745555283,5.1536925626461993],[-75.832659602820229,5.1535973842215519],[-75.832612014019176,5.1533879914556184],[-75.832592978052261,5.1532166704091438],[-75.832507317435685,5.1530834203318436],[-75.832421656390736,5.152883545520023],[-75.832393103388497,5.1527693325272361],[-75.832469246189333,5.152626564532933],[-75.832745263880014,5.1526360824483586],[-75.833068869911102,5.1526360822792991],[-75.83322115561424,5.1525599395274932],[-75.833354405104643,5.1526075285075965],[-75.833354404607903,5.1527788493020772],[-75.833440065672164,5.1529882421595339],[-75.833592351556263,5.1529501707766512],[-75.833639940724268,5.152797886073901],[-75.833573315279864,5.152540903591893],[-75.833573315589703,5.1524266891472124],[-75.833716083493314,5.1523410288516738],[-75.833830297321597,5.1524362074001404],[-75.83398258263027,5.1523695828611746],[-75.834001618330532,5.1522648859952094],[-75.834030172322372,5.1520840471624387],[-75.834058725360421,5.151808029676042],[-75.834087279235618,5.1516842980569031],[-75.834163421549604,5.1515415301350336],[-75.834163422579465,5.1514368340597816],[-75.834039690305374,5.1513892443148475],[-75.83369704827669,5.1515510478199706],[-75.833611387291882,5.1517794769584686],[-75.833601869835604,5.1519983865437693],[-75.833449583417888,5.1521221181982417],[-75.833183084065524,5.1521982609565473],[-75.832964173126655,5.1523029572004777],[-75.832735744975651,5.1524171716548741],[-75.83246924584985,5.1524647610391527],[-75.832259853394575,5.1525218673749142],[-75.832098050332704,5.152607528198196],[-75.831802996444864,5.1526170464812289],[-75.831593604914048,5.1525789746924611],[-75.831517461735814,5.1524362078852528],[-75.831565050611005,5.1521601901097132],[-75.831127230035392,5.1522172963722452],[-75.830480017014935,5.1522648860702711],[-75.83001793746655,5.1522177539354512],[-75.829461143482249,5.1525461203630094],[-75.829054252379635,5.1528459315901314],[-75.82869302478332,5.15306822480939]]]},"properties":{"OBJECTID":41,"ID_COBERT":314,"N1_COBERT":3,"N2_COBERT":31,"N3_COBERT":314,"N4_COBERT":0,"NOMENCLAT":314,"AREA_HA":8.8575861164400003,"Leyenda_N2":"Bosques","RuleID":6,"Shape_Leng":4447.0473445099997,"LeyendaN3":"Bosque de galería y/o ripario","Shape_Length":3175.0245052992027,"Shape_Area":59828.214170553743}},{"type":"Feature","id":42,"geometry":{"type":"Polygon","coordinates":[[[-75.834188719041194,5.1497335932841679],[-75.834391850393018,5.149771210744909],[-75.834715457032218,5.1498283176946158],[-75.835086652447231,5.1498378359320771],[-75.835533991195561,5.1497712106683275],[-75.835724347952763,5.1497331394940637],[-75.836038437357288,5.1496379618499359],[-75.836247830324936,5.1494951929620916],[-75.83640963360682,5.1492953185361277],[-75.836438186863703,5.1491335157261666],[-75.836428669253124,5.1490193015015606],[-75.836542882791832,5.1489812307214207],[-75.836666615001377,5.1490478549212941],[-75.83663806105757,5.1492001403171068],[-75.836590471632377,5.149352426529612],[-75.836590472147179,5.1494856754727225],[-75.836676132309051,5.149514228959041],[-75.83679986467881,5.1494666398353672],[-75.83684745389192,5.1493238728313342],[-75.836856971383199,5.149171586463452],[-75.836923597281981,5.1490097838689479],[-75.836885525686782,5.1488289451075184],[-75.836790346252755,5.148629069450446],[-75.836847454080228,5.1485434086862307],[-75.837028293313352,5.1486195514275197],[-75.837094917840744,5.1487052127781192],[-75.837228167715324,5.1487718378144338],[-75.837418524140858,5.1488289447476525],[-75.837485149530636,5.1490383365658694],[-75.837475631420205,5.14918110457221],[-75.837370934890728,5.1493333896292981],[-75.837313828401861,5.1495142288380782],[-75.837266239836623,5.1497426577474688],[-75.837304310456503,5.1500091574135851],[-75.83760888179178,5.1503422812704418],[-75.837827792127072,5.1506563707972672],[-75.837913452886852,5.1508562450318136],[-75.838056219385749,5.151056120197997],[-75.838246576624798,5.1511798517419498],[-75.838484522494682,5.1512464771218331],[-75.838617772589259,5.1513511728090116],[-75.838617773076777,5.1514653867596261],[-75.838749913903214,5.1513162104828245],[-75.838769204355117,5.1512109966399793],[-75.838848527718355,5.1510818095169428],[-75.838786383780075,5.1509253787832616],[-75.838704292902378,5.1505149215566632],[-75.838579370610901,5.1501508638094649],[-75.838408050683512,5.149679731175282],[-75.838390204489812,5.1492871196847751],[-75.838418757384517,5.1489409082280853],[-75.838472295203459,5.1487267565836055],[-75.83843303374573,5.148541158887495],[-75.838226021652389,5.1482663313773056],[-75.837922640393401,5.1480521798213186],[-75.83769659087497,5.1478885920096742],[-75.837378338391545,5.1477101325621542],[-75.837220698619944,5.1476714660039455],[-75.837107674329502,5.1476952612448645],[-75.836941112551983,5.1476744398322118],[-75.836825113027231,5.1475703388341483],[-75.836777523836957,5.1474394687389609],[-75.83677454976268,5.1471420365604503],[-75.836771575947083,5.1469546532507708],[-75.83669424336135,5.1468029627690814],[-75.836518757067907,5.1466810148292188],[-75.836432501927163,5.1464817354627339],[-75.83646522069958,5.1463508653491354],[-75.836569321307749,5.14623189185955],[-75.836682345790635,5.1461337393186506],[-75.836756703646103,5.146026663822572],[-75.83680429337582,5.1458571272963614],[-75.836813215856097,5.1456846156269309],[-75.8367894220777,5.1454555928175107],[-75.836750756003283,5.1452533390185886],[-75.836726960930505,5.1449737516987764],[-75.836744806483765,5.1445870900838777],[-75.836739218568539,5.1443952231928458],[-75.836735883961296,5.1442807346367472],[-75.836715063201225,5.1441587870715537],[-75.836619884961536,5.1440398137840297],[-75.836459270660995,5.1439267895637117],[-75.8363789642043,5.143825662080852],[-75.836334350272352,5.143638279728612],[-75.836334349857609,5.1434330514050757],[-75.8363135293678,5.1432486427340143],[-75.836265939961947,5.1431118236415099],[-75.836224299386842,5.1428411604702271],[-75.836227273908122,5.1426389063411744],[-75.836283786255919,5.1424574716176865],[-75.836384912590589,5.1422225005251123],[-75.836503290954226,5.1419333953846351],[-75.836646058349118,5.1416942598799285],[-75.836167357560683,5.1415584569884416],[-75.835318319443161,5.1411481731096647],[-75.835239797132033,5.1412552496269273],[-75.835114876046859,5.1413373402664027],[-75.834997092606244,5.1414408474335334],[-75.834886447765413,5.1416549983206696],[-75.834815063645152,5.1419655189882221],[-75.83476152622643,5.1423616992234882],[-75.834790079543964,5.1426972025772777],[-75.834804356456488,5.1429613233366336],[-75.834807924919573,5.1431112285887473],[-75.834761525997635,5.1432147354725712],[-75.834618757900046,5.1433610725124099],[-75.834429590841012,5.1435573779584791],[-75.834301100322548,5.1437501140560427],[-75.834308237809566,5.1439999575780568],[-75.834305260925717,5.1443483738124236],[-75.834304669278779,5.1444175528338389],[-75.834368914986101,5.1446209977381745],[-75.834408175874842,5.1448637018669388],[-75.834297530721955,5.1449493630057157],[-75.834172609420577,5.1449743467122255],[-75.8340655336673,5.1449065318648897],[-75.833840673907673,5.1448208716617287],[-75.833580123210965,5.1448351480623913],[-75.833462339523081,5.1448744098967278],[-75.833316002746756,5.1449957621377829],[-75.83317323603012,5.1451849289989173],[-75.833051883402973,5.1453705268015506],[-75.832912684520565,5.1454954485264457],[-75.832552196863602,5.1456810464622507],[-75.832195277412723,5.1458059687071991],[-75.831966848896172,5.1459273209138736],[-75.831741989630999,5.145973720855852],[-75.831588514354962,5.1459487365627403],[-75.831381501873295,5.145798830028105],[-75.831028151564638,5.1455311408015998],[-75.83075689801862,5.14543281197962],[-75.830710359984792,5.1455362301420093],[-75.830688942136277,5.1457075480549941],[-75.830746052694266,5.1458860085338101],[-75.830779445451043,5.1459465352123148],[-75.830860266254788,5.1460930222890591],[-75.831095833356358,5.1463428657476289],[-75.831724009886202,5.1468925202824769],[-75.832252246981682,5.1474421772542476],[-75.832637722847963,5.1477134370649189],[-75.833108857725506,5.1480774907525593],[-75.833537159944598,5.14852720962483],[-75.833751310981384,5.1488984069206065],[-75.833925476156637,5.1490193011579768],[-75.834001618190598,5.149152551109184],[-75.834125350825474,5.1493333903279765],[-75.834172939083317,5.1494951931144426],[-75.834188719041194,5.1497335932841679]]]},"properties":{"OBJECTID":42,"ID_COBERT":242,"N1_COBERT":2,"N2_COBERT":24,"N3_COBERT":242,"N4_COBERT":0,"NOMENCLAT":242,"AREA_HA":36.638763716,"Leyenda_N2":"Áreas agrícolas heterogéneas","RuleID":23,"Shape_Leng":3936.82543682,"LeyendaN3":"Mosaico de pastos y cultivos","Shape_Length":3936.8254368221701,"Shape_Area":366525.42632795795}},{"type":"Feature","id":43,"geometry":{"type":"Polygon","coordinates":[[[-75.839064781304742,5.1529419720450322],[-75.838936621064676,5.1530461426474963],[-75.838889032224515,5.1532269819015397],[-75.838889031236448,5.153426855815848],[-75.838784335575937,5.1536172125941162],[-75.83855590720502,5.153664802672024],[-75.838308442734444,5.153664802205844],[-75.838003871726102,5.1536362486552338],[-75.837842068312966,5.1534649277716644],[-75.837784962107108,5.1533316771983735],[-75.837813515030348,5.1531318030929505],[-75.837842068756146,5.1529414454710158],[-75.837823033589729,5.152827231445742],[-75.837708818560642,5.1525797686028607],[-75.837527980004651,5.1524845901379397],[-75.837385211329803,5.152636875456361],[-75.837347140727715,5.152884339248204],[-75.837423283691479,5.1532079458084556],[-75.83745183702446,5.1535220349365947],[-75.837394730432464,5.1538170874898892],[-75.837356659117404,5.1540645522189612],[-75.837242444880175,5.1543500865508687],[-75.83729003436224,5.1545594798995689],[-75.837385211510238,5.1549116403135224],[-75.837366177298989,5.1551210327825139],[-75.837385212666277,5.1554160862065457],[-75.837403212490528,5.1555660874868217],[-75.837440644238214,5.155518513287384],[-75.837517352361374,5.1554168791549486],[-75.837592003514601,5.1553137166419933],[-75.837664569038381,5.1552090683612217],[-75.83773501666704,5.1551029769414569],[-75.837803320441779,5.1549954840793575],[-75.837869452612821,5.1548866341912722],[-75.837920441442691,5.1548007744600657],[-75.837958077156784,5.1547364189783007],[-75.838006315860994,5.1546949287332327],[-75.838108875792798,5.1546027462845547],[-75.838209404516633,5.1545083420301472],[-75.838307857160999,5.1544117622713523],[-75.838404182535541,5.1543130515298827],[-75.838498338489615,5.1542122597105529],[-75.838590278336795,5.1541094304109398],[-75.838679960836217,5.1540046153395078],[-75.83878500969135,5.1538756864622517],[-75.838886641199437,5.153744032167185],[-75.838984786349855,5.1536097440596036],[-75.839079372529966,5.1534729146647367],[-75.839128201947602,5.1534002564358223],[-75.839176271086671,5.1533287586221883],[-75.839236806264822,5.1532370052368366],[-75.839295742846687,5.1531442113518136],[-75.839344778321362,5.1530639638062183],[-75.839257516793651,5.1530740318082122],[-75.839164718163175,5.1530312018265549],[-75.839064781304742,5.1529419720450322]]]},"properties":{"OBJECTID":43,"ID_COBERT":243,"N1_COBERT":2,"N2_COBERT":24,"N3_COBERT":243,"N4_COBERT":0,"NOMENCLAT":243,"AREA_HA":42.370951044400002,"Leyenda_N2":"Áreas agrícolas heterogéneas","RuleID":21,"Shape_Leng":4055.6109660500001,"LeyendaN3":"Mosaico de cultivos, pastos y espacios naturales","Shape_Length":1066.2950449364123,"Shape_Area":26700.688752306814}},{"type":"Feature","id":44,"geometry":{"type":"MultiPolygon","coordinates":[[[[-75.825392265602574,5.1596773642882994],[-75.825485063903699,5.159870101355593],[-75.825613215164367,5.1599651108062705],[-75.825641689506838,5.1599862210146012],[-75.825899090258304,5.1601770529224105],[-75.825978646550681,5.1602387101974507],[-75.826063520596776,5.1603044873961883],[-75.825790733194026,5.1598002429492658],[-75.825477923733686,5.159220507321848],[-75.825392265602574,5.1596773642882994]]],[[[-75.826434467934362,5.1609836884007709],[-75.826427609022375,5.1610539804837012],[-75.826405914831923,5.1612763651201732],[-75.826355946255106,5.1615476227876291],[-75.826353038478729,5.1615532825845838],[-75.826220316391229,5.1618117430506558],[-75.825978356552071,5.1620329644710568],[-75.825970474373591,5.1620401713495836],[-75.825901142892207,5.1621631759096172],[-75.826176206053532,5.1620131406808953],[-75.826490294290238,5.1618275427619267],[-75.826590232032302,5.1616419458101204],[-75.826633062308744,5.1614277940675128],[-75.826575955672538,5.1611993659845483],[-75.826421402239859,5.1609183608324765],[-75.826434467934362,5.1609836884007709]]],[[[-75.82413668074048,5.164057168065999],[-75.823950309961333,5.1641317142235259],[-75.823486313545217,5.1643601439396649],[-75.823115120441344,5.1645243256953508],[-75.822908105911949,5.1647170632075481],[-75.822729646046369,5.164988322085831],[-75.822651125488449,5.1652381659032205],[-75.822651125308425,5.1654737315898602],[-75.82273678621381,5.1656950243772011],[-75.822908105789992,5.1659377260150698],[-75.823336409658424,5.1664588315743085],[-75.82356149320465,5.1667120492792549],[-75.823642193938852,5.1668028369453562],[-75.823679053526064,5.1668443024621622],[-75.823734935576752,5.1669990597730795],[-75.823906199981835,5.1666388134322583],[-75.823977584253882,5.165882145416794],[-75.824106074652406,5.1649256017315563],[-75.824191735457589,5.1643973615547694],[-75.824388590774291,5.1639564053515175],[-75.82413668074048,5.164057168065999]]]]},"properties":{"OBJECTID":44,"ID_COBERT":231,"N1_COBERT":2,"N2_COBERT":23,"N3_COBERT":231,"N4_COBERT":0,"NOMENCLAT":231,"AREA_HA":3.8735754514699998,"Leyenda_N2":"Pastos","RuleID":27,"Shape_Leng":1466.1325555599999,"LeyendaN3":"Pastos limpios","Shape_Length":1466.1325555610858,"Shape_Area":38749.229389107379}},{"type":"Feature","id":45,"geometry":{"type":"MultiPolygon","coordinates":[[[[-75.825734906836146,5.158692266724918],[-75.825546679228012,5.1590791783054932],[-75.825541458798412,5.1590899094932601],[-75.825477923733686,5.159220507321848],[-75.825790733194026,5.1598002429492658],[-75.826063520596776,5.1603044873961883],[-75.826184625542183,5.1603983429515017],[-75.82637022285526,5.1606624629676574],[-75.826421402239859,5.1609183608324765],[-75.826575955672538,5.1611993659845483],[-75.826633062308744,5.1614277940675128],[-75.826590232032302,5.1616419458101204],[-75.826490294290238,5.1618275427619267],[-75.826176206053532,5.1620131406808953],[-75.825901142892207,5.1621631759096172],[-75.825749180545571,5.1624327817051912],[-75.825690427110018,5.1625883068812426],[-75.826090545504712,5.1623700600789517],[-75.826402246635794,5.1621960882213651],[-75.826704446706685,5.162027418585061],[-75.82687576764809,5.1617133292174566],[-75.826918598002933,5.1613421333675387],[-75.826832936521939,5.1609423833633095],[-75.826404634581223,5.1605283582331323],[-75.826076268959383,5.160000117232947],[-75.825962054223908,5.1595432605725895],[-75.825876393195188,5.1592720018091693],[-75.825776456051585,5.1589008065401938],[-75.825921370492452,5.1584093574954348],[-75.825734906836146,5.158692266724918]]],[[[-75.819378833764091,5.1728051710365737],[-75.819286034203003,5.1730121847740529],[-75.819221700216389,5.1733487005870415],[-75.819204075523885,5.1734408918215191],[-75.819193235103313,5.1734975923931206],[-75.819143265559475,5.1738330951614184],[-75.819086158861339,5.1740543886220056],[-75.818929114822808,5.1743185080433847],[-75.818894475550962,5.1743591196879848],[-75.819052099320984,5.1743197132040022],[-75.819251974668333,5.1741198382590898],[-75.819380465652785,5.1736629824759301],[-75.819412874665844,5.1734824137128239],[-75.819480402833065,5.1731061883209559],[-75.819623169698318,5.1728492067959717],[-75.819837322578891,5.1727778232821704],[-75.820251348489862,5.1729205902197801],[-75.820893801754067,5.1731204649860922],[-75.821493426124178,5.1732346786542882],[-75.821850345812976,5.1730348043439562],[-75.822292925514063,5.1726207781352542],[-75.822378586172803,5.1723637971103553],[-75.822464246355253,5.1718498326514686],[-75.822378585512794,5.1707790751342859],[-75.822464247263795,5.1695084433815817],[-75.822564183980305,5.1689802030134109],[-75.822792612148646,5.1685947297506161],[-75.823220915228347,5.1679951062419471],[-75.823649218657124,5.1675810799101729],[-75.824034690902891,5.166952902371726],[-75.824220288819902,5.1663247239577794],[-75.824240096713567,5.1659549676685161],[-75.824240369910669,5.1659498836469444],[-75.824263119092251,5.1655252257610336],[-75.824325571944883,5.1651435673596922],[-75.824391609902634,5.1647400043350755],[-75.824605762159777,5.1640118889425652],[-75.824807154104803,5.1635803352022673],[-75.824706976340764,5.1636677231014305],[-75.824449997326056,5.1639318433365888],[-75.824424073016829,5.1639422129482417],[-75.824388590774291,5.1639564053515175],[-75.824191735457589,5.1643973615547694],[-75.824106074652406,5.1649256017315563],[-75.823977584253882,5.165882145416794],[-75.823906199981835,5.1666388134322583],[-75.823734935576752,5.1669990597730795],[-75.82377184891989,5.1671012864064867],[-75.823786127603867,5.167294018742191],[-75.823650499538687,5.167508171219529],[-75.823422070191071,5.1677080454323692],[-75.823129397170675,5.1679578885602071],[-75.822915245622923,5.1682077327228431],[-75.822665402304054,5.1686288972365109],[-75.822551184244261,5.1689715388632793],[-75.822415558845776,5.1693355960229397],[-75.82222996089962,5.1697353470109757],[-75.822176056870319,5.1698270777144923],[-75.822048746387651,5.1700437271006123],[-75.822020035978227,5.1700925859790514],[-75.821855853066253,5.1704566412307944],[-75.821813020687316,5.1707136248687933],[-75.821827295523221,5.1708706702559057],[-75.821941511913451,5.1711205138675647],[-75.822001292049791,5.1712955861377452],[-75.822041446659327,5.1714131869900166],[-75.822127109724988,5.1718272124067965],[-75.822131956693482,5.171996852644078],[-75.822134248817648,5.172077053799395],[-75.822091417762735,5.1722626547791579],[-75.822010243088286,5.1723979464873651],[-75.821984342974872,5.1724411134897563],[-75.821755911360214,5.1726766792180063],[-75.821633812258696,5.1727569157397157],[-75.821622992083064,5.1727640254704275],[-75.821506071093737,5.1728408600136166],[-75.821270501616482,5.1728765526907763],[-75.821141894751847,5.1728489942745046],[-75.820910716989673,5.1727994570647331],[-75.820870755158126,5.172790894019033],[-75.820121220516015,5.1725767418359574],[-75.819864243373814,5.1725410497830371],[-75.819657230973391,5.1725767421587694],[-75.819521600536419,5.1726409883824047],[-75.819378833764091,5.1728051710365737]]],[[[-75.808414276916139,5.1889450538474069],[-75.808321478087905,5.18919489699707],[-75.808164433255953,5.1894732949524753],[-75.807928866582614,5.1897588308184712],[-75.807901001347844,5.1897899735714184],[-75.807807514007024,5.189894459472927],[-75.807450595098558,5.1900657785661668],[-75.807193612662289,5.1902442390289449],[-75.807130895322274,5.1902782106374072],[-75.80702229084892,5.1903370386602354],[-75.80690093553477,5.1905583277542391],[-75.806822417299003,5.1908438640206551],[-75.806822417645748,5.1911722307164121],[-75.806843362635718,5.1915544669980358],[-75.80685097116752,5.1916933331868531],[-75.806822417374434,5.1921501869247209],[-75.806782298873486,5.1923708382249805],[-75.806779586934056,5.1923857554212356],[-75.806715520375278,5.1925178869747546],[-75.80666537076803,5.1926213196793976],[-75.806386975821397,5.1929568266735089],[-75.806329605358414,5.1930204329966614],[-75.806372901053649,5.1930688527256503],[-75.806467063938058,5.1931696475880091],[-75.806563395093093,5.193268357318094],[-75.806563650463744,5.1932686074784984],[-75.807002509516053,5.1926939116331479],[-75.807216660592303,5.1922656077303815],[-75.807202384360323,5.1919943498354728],[-75.807159553242059,5.1915374928692115],[-75.807088169982947,5.1912519580574417],[-75.807145276560036,5.1909093154702708],[-75.807316598398131,5.190595226717412],[-75.807545026411233,5.1903096917885847],[-75.808044713378223,5.1901383702642381],[-75.808344525420949,5.1898813878994021],[-75.808572952993103,5.1893103173715565],[-75.808787105201745,5.1889962290260954],[-75.809129747538236,5.1888677378101091],[-75.809472389536054,5.1888677382251123],[-75.809815032047624,5.1888249078829896],[-75.810271888377599,5.1889533983613569],[-75.810714468140304,5.1890676127470741],[-75.811456859626119,5.1890390593964373],[-75.812584725040068,5.1887963542111475],[-75.813355669829875,5.1887106936549339],[-75.813969571604005,5.188567926188183],[-75.814269382518205,5.1884822652160718],[-75.814412150932199,5.1883966044639935],[-75.814440704280699,5.188168176755747],[-75.814412150946225,5.1879254718532417],[-75.814297936220356,5.1876542136065069],[-75.814169445972595,5.1873686779104746],[-75.813998124136646,5.1871688030570668],[-75.813826803155976,5.1869546512859621],[-75.813769696572166,5.1867833299756425],[-75.813741142654209,5.1865977330062147],[-75.813955293750112,5.1863550269821665],[-75.814355043679726,5.1858696174285779],[-75.814683409214695,5.1855126980554536],[-75.815111712802903,5.1852699934352948],[-75.815597122150152,5.1851700552085811],[-75.815996871206437,5.1849844572098744],[-75.816153916145637,5.1847845829156451],[-75.816196746137848,5.1843848338224987],[-75.816096809135885,5.1839422542189881],[-75.815711336680337,5.1831713087054885],[-75.815354417274207,5.182500300270048],[-75.814997498127525,5.181843568912802],[-75.814854731279297,5.181558034042447],[-75.814754793571623,5.1810726239616773],[-75.814783347003001,5.1807299811491969],[-75.814926114043899,5.1804016157007489],[-75.815211648818973,5.1801018038729465],[-75.815325863623528,5.1799447587586895],[-75.815982595042385,5.1797020539937941],[-75.816482281970664,5.1796306707101989],[-75.816981968903008,5.1795021800014993],[-75.817353164157041,5.1794307962069839],[-75.817595869574134,5.1792309206202747],[-75.817667253665107,5.1790310461365197],[-75.817652976887018,5.1787169576366505],[-75.817553038941313,5.1784171459328023],[-75.817395994989042,5.1780459488057859],[-75.817238949907491,5.1777175845634682],[-75.817110458895769,5.1771465126974068],[-75.816981968932694,5.1766468272462545],[-75.817053352664402,5.1761043094284531],[-75.817395994963888,5.1755760688081525],[-75.817881405092393,5.1750906585851526],[-75.818157711228736,5.1747867222645976],[-75.817986847259149,5.1748396100943532],[-75.817744142706701,5.1750037920601404],[-75.817587096012545,5.1751322823003649],[-75.817301558522331,5.1751751151980114],[-75.817016987708953,5.175215766102359],[-75.81688061984255,5.1752352462153821],[-75.816851840631415,5.175239357924851],[-75.816626982207609,5.1753027825159768],[-75.816573448333585,5.1753178823354338],[-75.816409266053739,5.1754820627067897],[-75.816409265777565,5.1755891403706329],[-75.81653775663149,5.1758247077037893],[-75.816680524441281,5.1761673514312943],[-75.81672335408409,5.1763600844253572],[-75.816723353248335,5.1766242047942059],[-75.816751907761912,5.1768098059612875],[-75.816760689107326,5.1768296796972795],[-75.816887534197974,5.1771167531463984],[-75.817094550183896,5.1774879505858715],[-75.817258732707899,5.1777663461013352],[-75.817330117616251,5.1779305283746293],[-75.817330117052762,5.1781589575786438],[-75.817293296886405,5.1782775923248137],[-75.817265866424307,5.178365971193422],[-75.81722374501706,5.1784396867468114],[-75.817123104525947,5.1786158140249174],[-75.81690895179355,5.1788656575030849],[-75.81673049396349,5.1790298404947182],[-75.816437816531234,5.1791797445491445],[-75.815509829277261,5.1794295885102795],[-75.815024419583338,5.1795723565200813],[-75.814781714064026,5.1797008467236809],[-75.814546147808983,5.179886447577406],[-75.814403380070658,5.1801505664711787],[-75.814360549601403,5.180428961299838],[-75.814389101332154,5.180714497761941],[-75.814403184311388,5.1807797916402141],[-75.814446261735867,5.1809795104098439],[-75.814467625110836,5.1810785565716317],[-75.814596115251419,5.1815782421619598],[-75.814831682431574,5.1821921443421806],[-75.815238570919121,5.1828774291837574],[-75.815445584355857,5.1832343462264774],[-75.815631181545712,5.1836412359382953],[-75.815674011835071,5.1838411099713921],[-75.815669204375098,5.183880774466691],[-75.815645456606759,5.1840766785285002],[-75.815531243722361,5.1843265231591564],[-75.815437903350713,5.1844402801304605],[-75.815302816064715,5.1846049168246848],[-75.815202889110836,5.184694435134424],[-75.814960173437839,5.1849118667302259],[-75.814663321550142,5.1851273221228515],[-75.81451758812365,5.1852330947978658],[-75.81443643930902,5.1852791214276204],[-75.814071350805278,5.1854861866121524],[-75.814039321682586,5.1855043529020506],[-75.813860863528049,5.1856685346553135],[-75.813632434125992,5.1860682884919012],[-75.813525357356681,5.1863823752583533],[-75.813526352089795,5.1864251578745204],[-75.81353249789295,5.1866893247381567],[-75.813535775929893,5.1867089961193944],[-75.813557970927292,5.1868421703966705],[-75.813589603586323,5.1870319669409417],[-75.813760923179515,5.1873603332843548],[-75.813861204136188,5.1874685336115256],[-75.814032181004137,5.1876530069047826],[-75.814182908518433,5.1877602546718462],[-75.814230974544898,5.1877944552225328],[-75.814403379855221,5.1879171260117349],[-75.814203504819815,5.1880598944034642],[-75.814016053145934,5.1881583071977841],[-75.813917970370966,5.1882098005307471],[-75.81369933581648,5.1883212613843348],[-75.813553911339852,5.1883953995918288],[-75.813406998236786,5.1884280472885917],[-75.813232685368334,5.1884667839346807],[-75.812853231621034,5.1884821672566206],[-75.812704444946831,5.1884881994342242],[-75.811975494204773,5.1885180725338271],[-75.811833562459228,5.1885238886795673],[-75.811398121564594,5.188609552363495],[-75.81105547863713,5.1886309654766212],[-75.810592323255932,5.1885992415400617],[-75.810534375729063,5.1885952735467891],[-75.810402848483022,5.1885821199673217],[-75.810177456563551,5.1885595808628748],[-75.809934749023711,5.1885096135880513],[-75.809874793656562,5.1884873433150602],[-75.809809871142392,5.1884632294011963],[-75.809684905663005,5.1884168121236085],[-75.809506449872515,5.1884382268766034],[-75.809349405863401,5.1884239517941735],[-75.809142390372301,5.188373984448841],[-75.808935377961959,5.1884025379639258],[-75.808728365055686,5.1885310277005088],[-75.808528490752352,5.188759457209116],[-75.808414276916139,5.1889450538474069]]]]},"properties":{"OBJECTID":45,"ID_COBERT":511,"N1_COBERT":5,"N2_COBERT":51,"N3_COBERT":511,"N4_COBERT":0,"NOMENCLAT":511,"AREA_HA":23.8695357892,"Leyenda_N2":"Aguas continentales","RuleID":31,"Shape_Leng":13517.474438900001,"LeyendaN3":"Ríos (50 m)","Shape_Length":10788.840805374808,"Shape_Area":184818.09031014107}},{"type":"Feature","id":46,"geometry":{"type":"Polygon","coordinates":[[[-75.836375106163956,5.1566016982298093],[-75.836256723565597,5.1566608885896086],[-75.836071125221153,5.1565895055395758],[-75.836042571579071,5.1567179962931524],[-75.836078285218505,5.1568251378472452],[-75.836087058888182,5.1568189583345072],[-75.836135358739156,5.1567840673442751],[-75.83622923132927,5.1567149284742761],[-75.836321816923544,5.1566440679523105],[-75.836375106163956,5.1566016982298093]]]},"properties":{"OBJECTID":46,"ID_COBERT":233,"N1_COBERT":2,"N2_COBERT":23,"N3_COBERT":233,"N4_COBERT":0,"NOMENCLAT":233,"AREA_HA":38.968215027399999,"Leyenda_N2":"Pastos","RuleID":26,"Shape_Leng":7935.1928065299999,"LeyendaN3":"Pastos enmalezados","Shape_Length":104.95873812081192,"Shape_Area":374.34006625489184}},{"type":"Feature","id":47,"geometry":{"type":"Polygon","coordinates":[[[-75.824325571944883,5.1651435673596922],[-75.824487095973851,5.1652210489560595],[-75.824591793061444,5.1652210491300483],[-75.82469648843292,5.1650497272855462],[-75.824839256455064,5.1647356390175503],[-75.825020095988791,5.164535764619802],[-75.825210452043393,5.1644025145256345],[-75.825562613003342,5.1642787825483349],[-75.825867183663149,5.164145533446054],[-75.826086094014443,5.1638980692678178],[-75.826181271994045,5.1635363906694645],[-75.826285969131817,5.1632508556122518],[-75.826305004247317,5.1629938740216277],[-75.826314522381196,5.1626893031586274],[-75.826324040018406,5.1626226782149889],[-75.826333557564482,5.1625179815650384],[-75.826390664537541,5.1624037670049843],[-75.826402246635794,5.1621960882213651],[-75.826090545504712,5.1623700600789517],[-75.825690427110018,5.1625883068812426],[-75.825627831100462,5.1627540066408768],[-75.825556447059427,5.162932468362281],[-75.825385126498674,5.1630895108449559],[-75.825042483965703,5.1633750451654317],[-75.824807154104803,5.1635803352022673],[-75.824605762159777,5.1640118889425652],[-75.824391609902634,5.1647400043350755],[-75.824325571944883,5.1651435673596922]]]},"properties":{"OBJECTID":47,"ID_COBERT":231,"N1_COBERT":2,"N2_COBERT":23,"N3_COBERT":231,"N4_COBERT":0,"NOMENCLAT":231,"AREA_HA":3.0295586606599998,"Leyenda_N2":"Pastos","RuleID":27,"Shape_Leng":878.47165166599996,"LeyendaN3":"Pastos limpios","Shape_Length":878.47165166643924,"Shape_Area":30306.236111383991}},{"type":"Feature","id":48,"geometry":{"type":"Polygon","coordinates":[[[-75.824240369910669,5.1659498836469444],[-75.824382400076004,5.1659539235172485],[-75.824487096703535,5.1658968159985159],[-75.824744078326972,5.1656207986937535],[-75.824962987740847,5.1655446563734575],[-75.825010577417231,5.165363817369574],[-75.825086720617577,5.1651734602594601],[-75.825200934985759,5.1649926210107893],[-75.825324666488797,5.1648974428280567],[-75.825600684096145,5.1649450318492676],[-75.825800559043017,5.1650782819100698],[-75.826009951355303,5.1652971919444317],[-75.826152718933557,5.1655256197111203],[-75.826305005043523,5.1656398341439926],[-75.826476325259776,5.1655732094275502],[-75.826476325767146,5.1654970669288032],[-75.826428736290794,5.1654018882430339],[-75.826343075824369,5.1652876734109894],[-75.826219343332923,5.1651163534092079],[-75.826057540055345,5.1650116571782538],[-75.825867183469768,5.1649545489285416],[-75.825772004652549,5.1647737105944609],[-75.825829112185076,5.1645928708624949],[-75.825981397333877,5.1644691395606053],[-75.826086094163216,5.1644691395552522],[-75.826257416064138,5.164535765122598],[-75.826409700736036,5.1647070854046193],[-75.826476326021606,5.1649545492633555],[-75.826571503592191,5.1651163524278925],[-75.826742825334634,5.1652020135869936],[-75.826933181937463,5.1652591205856275],[-75.82717112791623,5.1654209235568365],[-75.827361485570208,5.1656303161467561],[-75.827589913072657,5.1658301913434954],[-75.827818341052932,5.1658397089993446],[-75.827970627362646,5.1657826022024738],[-75.827970627229959,5.1656779056134834],[-75.827894484751624,5.1655541737446606],[-75.827723163016344,5.1655161021570306],[-75.82754232492222,5.1654304413241219],[-75.827380520435909,5.165335263065618],[-75.827209200060878,5.1652210488342236],[-75.827104503218749,5.1650687632762642],[-75.826895110120603,5.1648403363008661],[-75.82672379011926,5.1647166034399197],[-75.826609575803062,5.1645928718420082],[-75.826533432843263,5.1644691395937938],[-75.826371629288033,5.1642978183503452],[-75.826247898027063,5.1641264973403729],[-75.826295486441907,5.1639932476774755],[-75.826466808347448,5.1638695156406706],[-75.826504878866487,5.1637267484420528],[-75.826609575894892,5.1635268724549288],[-75.826676200266178,5.1634412121569655],[-75.826857039083905,5.1633174802193187],[-75.826971253710823,5.1632698910934707],[-75.827114021025281,5.1631080880469344],[-75.827161610570968,5.1629082134618498],[-75.82715209194393,5.1627559275688117],[-75.827199681651933,5.1625941237747375],[-75.827199682036834,5.1623942497157103],[-75.82725678925263,5.162213411086146],[-75.827256789169752,5.1621277493593078],[-75.827275825328982,5.161766072201635],[-75.827361485786696,5.161623303729999],[-75.827428110488157,5.1614234293957493],[-75.827390038954405,5.1613568040747042],[-75.82721871765024,5.161356804298058],[-75.827037878923889,5.1613282510687419],[-75.826918598002933,5.1613421333675387],[-75.82687576764809,5.1617133292174566],[-75.826704446706685,5.162027418585061],[-75.826402246635794,5.1621960882213651],[-75.826390664537541,5.1624037670049843],[-75.826333557564482,5.1625179815650384],[-75.826324040018406,5.1626226782149889],[-75.826314522381196,5.1626893031586274],[-75.826305004247317,5.1629938740216277],[-75.826285969131817,5.1632508556122518],[-75.826181271994045,5.1635363906694645],[-75.826086094014443,5.1638980692678178],[-75.825867183663149,5.164145533446054],[-75.825562613003342,5.1642787825483349],[-75.825210452043393,5.1644025145256345],[-75.825020095988791,5.164535764619802],[-75.824839256455064,5.1647356390175503],[-75.82469648843292,5.1650497272855462],[-75.824591793061444,5.1652210491300483],[-75.824487095973851,5.1652210489560595],[-75.824325571944883,5.1651435673596922],[-75.824263119092251,5.1655252257610336],[-75.824240369910669,5.1659498836469444]]]},"properties":{"OBJECTID":48,"ID_COBERT":314,"N1_COBERT":3,"N2_COBERT":31,"N3_COBERT":314,"N4_COBERT":0,"NOMENCLAT":314,"AREA_HA":4.6397331597499996,"Leyenda_N2":"Bosques","RuleID":6,"Shape_Leng":2149.9883586199999,"LeyendaN3":"Bosque de galería y/o ripario","Shape_Length":2149.9883586172755,"Shape_Area":46413.737935804791}},{"type":"Feature","id":49,"geometry":{"type":"Polygon","coordinates":[[[-75.833048814372731,5.1610044330682898],[-75.832873129537987,5.1609010886619817],[-75.832644701555481,5.1608582586656162],[-75.832416273068333,5.1608868115258817],[-75.83224495199994,5.1610010248799645],[-75.832030800116499,5.1611437935901838],[-75.832016523507377,5.1612865608721661],[-75.832016524187424,5.1614721584176655],[-75.832002247283029,5.1617434177766635],[-75.831888033234137,5.161829078081027],[-75.831745265213172,5.1618148012399399],[-75.831602497471096,5.1616149267491096],[-75.831502560140862,5.1613579445241777],[-75.831416899435695,5.1611009627330482],[-75.831245578394189,5.1609153654326958],[-75.831159917729153,5.1607012142373057],[-75.831002873594258,5.1604156783079533],[-75.830788722531707,5.1602871874203133],[-75.830674507162968,5.1601158657295558],[-75.830503186441774,5.1599159913458292],[-75.830289035112642,5.1598160533763906],[-75.830074883711134,5.1597732235845024],[-75.82997494598979,5.1599302680457573],[-75.830074883582299,5.1600873119285637],[-75.830317588563133,5.1602871873150749],[-75.830488909247691,5.160415678652881],[-75.830688784055624,5.1606726595424863],[-75.831002873933656,5.1608868117958071],[-75.831059980717882,5.1611009629281268],[-75.831202748530103,5.1614293289552853],[-75.831288408128529,5.1616720332932093],[-75.831274131948518,5.1620003992197514],[-75.831374069710307,5.1621717200444301],[-75.831531114038825,5.162414425739434],[-75.831730988203191,5.1624715324365695],[-75.831859479145081,5.1624001491528473],[-75.832045077350358,5.1621574440635607],[-75.832159291296833,5.1619718457491892],[-75.832230674618089,5.1617291405830699],[-75.832373443002311,5.1615292657407874],[-75.832330612373894,5.1613722209271664],[-75.832401996211999,5.1611580698936539],[-75.83261614768378,5.1611437940119353],[-75.832844575642582,5.161272284379864],[-75.8329587902371,5.1614578818304011],[-75.833063315510756,5.1615354329976366],[-75.83306394771266,5.1614975096415163],[-75.833061962034094,5.1613388454159432],[-75.833059582125344,5.1612436755060873],[-75.833054735200676,5.1611080289264626],[-75.833048814372731,5.1610044330682898]]]},"properties":{"OBJECTID":49,"ID_COBERT":314,"N1_COBERT":3,"N2_COBERT":31,"N3_COBERT":314,"N4_COBERT":0,"NOMENCLAT":314,"AREA_HA":23.377840755499999,"Leyenda_N2":"Bosques","RuleID":6,"Shape_Leng":7560.9220739800003,"LeyendaN3":"Bosque de galería y/o ripario","Shape_Length":1237.3563126613492,"Shape_Area":21329.813035167394}},{"type":"Feature","id":50,"geometry":{"type":"Polygon","coordinates":[[[-75.831290596035302,5.1664691204577391],[-75.831271752770661,5.166368623875619],[-75.831314582831268,5.1659974271857374],[-75.831271753335088,5.1657975525243112],[-75.831200369215807,5.1655691246572912],[-75.831128985378413,5.1651265449655694],[-75.831148135070364,5.1650950842209458],[-75.831143261107101,5.1650837147032833],[-75.830914833020017,5.1648552862284012],[-75.83077206595587,5.1646982425229693],[-75.83057219126762,5.1646125817336541],[-75.830429423466455,5.1647981793183222],[-75.830400869618828,5.1649552238415621],[-75.830172441861876,5.1651265447144121],[-75.830143888037995,5.1653835264897943],[-75.830286656094913,5.1655834019841729],[-75.830229548264469,5.1658403828242108],[-75.830086780792229,5.1660545346674338],[-75.830172441420814,5.1662401325531793],[-75.830243826009962,5.166497114825007],[-75.83010105778115,5.1665827753878935],[-75.829929736160366,5.1667112657805898],[-75.829958290041091,5.1669254168818597],[-75.830143888148939,5.1669682481137826],[-75.830429423357089,5.1669539714266763],[-75.830729235712411,5.1669682473690672],[-75.830747211158652,5.166986223039129],[-75.830844836227072,5.1669022562658755],[-75.830947396127584,5.1668100742731689],[-75.831047928376591,5.1667156704440149],[-75.831146381790376,5.1666190911081546],[-75.831242709689121,5.1665203816713161],[-75.831290596035302,5.1664691204577391]]]},"properties":{"OBJECTID":50,"ID_COBERT":314,"N1_COBERT":3,"N2_COBERT":31,"N3_COBERT":314,"N4_COBERT":0,"NOMENCLAT":314,"AREA_HA":3.42308636893,"Leyenda_N2":"Bosques","RuleID":6,"Shape_Leng":916.07419446500001,"LeyendaN3":"Bosque de galería y/o ripario","Shape_Length":719.16804719716754,"Shape_Area":26730.074438759075}},{"type":"Feature","id":51,"geometry":{"type":"Polygon","coordinates":[[[-75.828415566088708,5.1697246153585166],[-75.828546436420154,5.1698554858245718],[-75.828582128678548,5.1699744587560277],[-75.828736793916036,5.1699863555329433],[-75.828736793723849,5.1699030757798843],[-75.828724896104106,5.1697008208512685],[-75.828582128582809,5.1695342586090112],[-75.828463155560087,5.1694390799401795],[-75.828284696652489,5.1694509766417616],[-75.827999160715535,5.1694985672695619],[-75.82772552218853,5.1694866696045052],[-75.827547063139349,5.1694152862734031],[-75.827356706269043,5.1694390808847785],[-75.82721393903303,5.1695461563312124],[-75.827059273796976,5.1696413340057461],[-75.826975993057815,5.1696294364975479],[-75.826868916622033,5.16953425857377],[-75.826880813920837,5.1694033879877956],[-75.826987889855744,5.16929631272136],[-75.827023582002568,5.1691654426715612],[-75.826952198148248,5.169117852849431],[-75.826845122337261,5.169034571479652],[-75.826678560425933,5.1689750855640657],[-75.82647630599655,5.1689750854543606],[-75.826309743217195,5.1690702635626131],[-75.826143181005747,5.1692249283555638],[-75.825929029720982,5.1693320046437936],[-75.825762467369145,5.1693320043042155],[-75.825643494800346,5.1691535448764849],[-75.825560212481932,5.1690345711987806],[-75.825465034841926,5.1688085230481891],[-75.825334164731046,5.168713344067867],[-75.825215191678609,5.1686538579355377],[-75.825108116027096,5.168546781942899],[-75.825048629632988,5.1683564253133767],[-75.824929656206663,5.1682850415434611],[-75.824858272067999,5.1682493488811518],[-75.824810683689662,5.1680470949475152],[-75.825001040675957,5.1679995062098332],[-75.825215191517415,5.1679043279251262],[-75.825405548366291,5.167856738201607],[-75.825512623375616,5.1679281225029836],[-75.825643494632175,5.1680351981392878],[-75.825893338564768,5.1680351980499699],[-75.826048002622159,5.1679995056830652],[-75.826333538520331,5.1679281220862112],[-75.826523894332567,5.1679281221443087],[-75.82673804686732,5.1679757118559548],[-75.826880814326856,5.1679638140644748],[-75.827071170961702,5.167963813948103],[-75.827130657307478,5.1677734578325563],[-75.826987890182096,5.1677258680859444],[-75.826904608393747,5.1677258679499092],[-75.826726148850426,5.1677615599052329],[-75.826476305626116,5.167749662743967],[-75.826309743818896,5.1677734573621885],[-75.826095592176273,5.1677020733055263],[-75.825929029742795,5.1676425869651812],[-75.825726776024538,5.1676068956110734],[-75.825584007554994,5.1675949980588856],[-75.825393650797395,5.167618791823001],[-75.825262780652338,5.1677258680025373],[-75.825036731992626,5.1677377650314673],[-75.824941553102548,5.1676782784588475],[-75.824725937237758,5.1675647961711082],[-75.824418072189459,5.1675117168432037],[-75.824275304541402,5.1674760247882743],[-75.824049255368664,5.1674522297016168],[-75.823954076671654,5.1675712033591559],[-75.823977871715854,5.1677258684860359],[-75.824025461652354,5.1678805333636033],[-75.824144434864237,5.1680470959320246],[-75.82429909909024,5.1682255551504985],[-75.82437048357734,5.1684872957270649],[-75.824418072390117,5.1687252414618712],[-75.824382379615656,5.1689988803133726],[-75.824394277550027,5.1691773391958238],[-75.824501352863891,5.1692963119514337],[-75.824644120871397,5.1692130310669153],[-75.824667915686931,5.1690940581198177],[-75.824656018174892,5.1689750860612378],[-75.824632223665262,5.1688204201729908],[-75.82457273686606,5.1686181659005435],[-75.824513250588495,5.1684040140602532],[-75.824406174229225,5.1681541710051873],[-75.824310996223133,5.1680233009004093],[-75.824299098970656,5.1678329444433126],[-75.824370482626335,5.1678329436897164],[-75.824477558920833,5.1679638141128637],[-75.824537045094473,5.1681065825664048],[-75.824608428727757,5.1682969387538265],[-75.824751196586931,5.1684516041739421],[-75.824917758955337,5.1686419600302198],[-75.825036732126549,5.168820420660559],[-75.825155704903892,5.1689869818936423],[-75.825262781465725,5.1690226744525605],[-75.825417446203346,5.1691773398415384],[-75.825512624752463,5.1693557987644132],[-75.825691084051471,5.169498567055812],[-75.825845747900502,5.1695818479793356],[-75.825976619515075,5.1696413341367711],[-75.826226462034711,5.1695937444006681],[-75.826333538242807,5.1695104642065992],[-75.82642871680288,5.1693795936656626],[-75.826488202948639,5.1692249281882896],[-75.826619073195872,5.1691892368036374],[-75.826749943892224,5.1692725178409189],[-75.82671425199139,5.1693676962641737],[-75.826738045753174,5.1695342584010087],[-75.826749944106211,5.1696413344904899],[-75.826880814256043,5.1697722054984174],[-75.827023581140395,5.1698435882402025],[-75.827225836017249,5.1698078972990249],[-75.827380500716728,5.1697841019198059],[-75.827570857785418,5.1697008206138646],[-75.82767793336167,5.1697127185201648],[-75.82790398273994,5.1697959984097013],[-75.828022956327473,5.1697603073753235],[-75.828260900880764,5.1697127184648206],[-75.828415566088708,5.1697246153585166]]]},"properties":{"OBJECTID":51,"ID_COBERT":314,"N1_COBERT":3,"N2_COBERT":31,"N3_COBERT":314,"N4_COBERT":0,"NOMENCLAT":314,"AREA_HA":3.2637614497,"Leyenda_N2":"Bosques","RuleID":6,"Shape_Leng":2386.3164394300002,"LeyendaN3":"Bosque de galería y/o ripario","Shape_Length":2386.3164394303444,"Shape_Area":32649.127226527162}},{"type":"Feature","id":52,"geometry":{"type":"Polygon","coordinates":[[[-75.825798159698877,5.1725799688224017],[-75.825905235550181,5.1726870442553503],[-75.82601231096379,5.1728655038800291],[-75.826166975802366,5.1730082718483006],[-75.826214565260159,5.1731986285996738],[-75.826250257841053,5.1733413959219954],[-75.826393024659026,5.1734484718619296],[-75.826559586903898,5.1735436506762191],[-75.826738046496018,5.1735555479445123],[-75.82690460913372,5.1736388291097644],[-75.827178247461433,5.1736031370333349],[-75.827273425440538,5.1735198561780509],[-75.82720204121955,5.1734008825119409],[-75.8272139389871,5.1732700119275483],[-75.827249630309268,5.1731272442758902],[-75.827190143447481,5.1728655042955145],[-75.827047376239975,5.1726870443731299],[-75.827023581660654,5.1724966873485396],[-75.826880814178864,5.1724490981558402],[-75.826773737851767,5.172472892903424],[-75.826630970735721,5.1724134061236615],[-75.8265001008225,5.1723063303724928],[-75.826369230191588,5.1722230496102055],[-75.826333538061434,5.172127870536996],[-75.826404921896454,5.1720207952430188],[-75.826285948444806,5.1719494112857261],[-75.826214564958306,5.1719613091221142],[-75.826059899966083,5.1718899243528966],[-75.826048002255888,5.1717590540731848],[-75.82595282372634,5.1716638763702738],[-75.825939605377513,5.1716585885941226],[-75.825833850926216,5.1717114656935834],[-75.825750569876178,5.1718066440767005],[-75.825512623736842,5.1719137202089707],[-75.825369856534778,5.1719137197511023],[-75.825262781419838,5.1718185407283981],[-75.825203294323799,5.1716757735406],[-75.825036731595958,5.1715092115090018],[-75.824882067066312,5.17140213552321],[-75.824632223094781,5.1712831623739897],[-75.824513250485779,5.1712950597539615],[-75.824477558232672,5.1713902382909067],[-75.824537044964472,5.1714616222366132],[-75.824715504486463,5.1715686979876043],[-75.824834477710411,5.1717471574732903],[-75.82491775852435,5.1719256169855417],[-75.8250367312328,5.1720445905143677],[-75.825143807191608,5.1721159736029918],[-75.825396030346056,5.1722563615609305],[-75.825491208709295,5.1723705761112919],[-75.825614941411004,5.1724372005905161],[-75.825700601426206,5.1724372007989423],[-75.825798159698877,5.1725799688224017]]]},"properties":{"OBJECTID":52,"ID_COBERT":314,"N1_COBERT":3,"N2_COBERT":31,"N3_COBERT":314,"N4_COBERT":0,"NOMENCLAT":314,"AREA_HA":2.6163950633400002,"Leyenda_N2":"Bosques","RuleID":6,"Shape_Leng":941.90331860399999,"LeyendaN3":"Bosque de galería y/o ripario","Shape_Length":941.90331860395565,"Shape_Area":26173.204369572846}},{"type":"Feature","id":53,"geometry":{"type":"Polygon","coordinates":[[[-75.822815742593221,5.1774321657136637],[-75.822929957230556,5.1776249014633677],[-75.822979925263112,5.1778247765098371],[-75.823022756211827,5.1779746832936393],[-75.823101278657475,5.178096034692655],[-75.823201215266565,5.1782173881332536],[-75.823336845120167,5.1782602177105375],[-75.823465336607825,5.1782388023456516],[-75.823593826834383,5.1781531427530103],[-75.823686625385562,5.178038928162187],[-75.823729455880965,5.1779247142135514],[-75.823793701431271,5.1778604689287411],[-75.823819019360201,5.177816781930547],[-75.823857090100887,5.1777882276774969],[-75.823911818467337,5.1777810900433758],[-75.82395464844592,5.1777810896177279],[-75.824016514098588,5.177797745935937],[-75.824049825972665,5.177821540581081],[-75.824080759151528,5.1778477141394381],[-75.824098731253159,5.1779188573584083],[-75.824133964024995,5.1780361514640809],[-75.824306476071555,5.1785120440258403],[-75.824396531715621,5.1786430346455408],[-75.824452311882325,5.1786146932489086],[-75.8245147205444,5.1785812493967374],[-75.824439487051521,5.1785060157754668],[-75.824287201761663,5.1780967494384793],[-75.824216222225701,5.1778398201993623],[-75.824171738644992,5.1776787972457994],[-75.824005176058179,5.1776074123831899],[-75.823814819109188,5.1775955155987701],[-75.823683949175162,5.1777025908741336],[-75.823600667375118,5.1779405373912715],[-75.823553078929109,5.1780476134408966],[-75.823469797275379,5.1781070995074723],[-75.823327030087398,5.1780833051494737],[-75.823184261909716,5.1778929486848044],[-75.823089083415297,5.1776193093831617],[-75.822958212874283,5.1772980826644499],[-75.822815445750251,5.1770601366437612],[-75.822788712493647,5.1769756894352676],[-75.822796326068669,5.1769109682898211],[-75.822822000743145,5.1768137615238734],[-75.822898726140224,5.1767151148748418],[-75.823112877608338,5.1766080398162924],[-75.823231850821699,5.1763938874267312],[-75.823255645433647,5.1761678381323986],[-75.823148569997343,5.1758942011504399],[-75.822851137573707,5.1758109196715276],[-75.822434731580088,5.1757633305875244],[-75.821827969457118,5.1757871246160745],[-75.821578125646852,5.1757752280839098],[-75.821328282918515,5.1755372821578245],[-75.821126028082702,5.1753469248534234],[-75.82093567141662,5.1752874383186587],[-75.820781007104443,5.1752636435760078],[-75.820650136665691,5.175180362459761],[-75.820566854908648,5.1750256980410034],[-75.820543059870673,5.1748353406841776],[-75.820340806746557,5.1747044707636034],[-75.820162346637389,5.1745617020247296],[-75.820067168109006,5.1743475509876724],[-75.819876810529479,5.1740501185719552],[-75.819650762223759,5.1737526867401877],[-75.819412874665844,5.1734824137128239],[-75.819380465652785,5.1736629824759301],[-75.819553502457964,5.1738772508321027],[-75.819781929944654,5.1741842004755227],[-75.819903282731744,5.1743840758187458],[-75.819996081214128,5.174533982246877],[-75.820074604229688,5.174648196205168],[-75.82018881835242,5.1747695486087535],[-75.820310170380452,5.1748766249770846],[-75.820360139541563,5.1749837002312322],[-75.820417246012539,5.1751050520432766],[-75.820488630283251,5.1752192669412578],[-75.820602844228091,5.1753834493599014],[-75.82071705870726,5.1754405562605497],[-75.820859826729674,5.1754691098881302],[-75.820981178257625,5.1755190790939656],[-75.821102531072498,5.1755976017075138],[-75.821259575178487,5.1757617837211738],[-75.821309543926731,5.175818891155866],[-75.821530834355272,5.1758831361847122],[-75.82183778434748,5.1759259665185731],[-75.822423132386959,5.1759116895842832],[-75.822722943191209,5.1759473821963233],[-75.822879988819381,5.1760187658668579],[-75.82298706425172,5.176168671842321],[-75.823029893851995,5.176311439443257],[-75.82294423419512,5.1764827604683079],[-75.82281574324675,5.1765755590547817],[-75.822722944064182,5.1766612200861646],[-75.822623006521326,5.1767825730796444],[-75.82257303783949,5.1769039246711239],[-75.822615868467679,5.1771038000393004],[-75.822701528821085,5.1772322906452608],[-75.822815742593221,5.1774321657136637]]]},"properties":{"OBJECTID":53,"ID_COBERT":511,"N1_COBERT":5,"N2_COBERT":51,"N3_COBERT":511,"N4_COBERT":0,"NOMENCLAT":511,"AREA_HA":6.2348042038599996,"Leyenda_N2":"Aguas continentales","RuleID":31,"Shape_Leng":7521.0757894500002,"LeyendaN3":"Ríos (50 m)","Shape_Length":2104.9695171337985,"Shape_Area":19019.417898384851}},{"type":"Feature","id":54,"geometry":{"type":"Polygon","coordinates":[[[-75.816981968932694,5.1766468272462545],[-75.817098882244792,5.1766190341713152],[-75.817164317570203,5.176672572306205],[-75.81721190561548,5.1767023160145271],[-75.817247597383741,5.1767736991686331],[-75.817285827777667,5.1770009439781193],[-75.81738100717142,5.1773626217121427],[-75.817742684338839,5.1782763349704819],[-75.817875934365489,5.1785047635713601],[-75.817990148078152,5.1788093340381263],[-75.818123399136425,5.1788664413668117],[-75.818370861903347,5.1789806548535937],[-75.818694468176759,5.1790758337218108],[-75.819037111458911,5.1790567985220219],[-75.819303610762688,5.1788854767596],[-75.819474931991522,5.1788664410716345],[-75.819798538492108,5.178885476408408],[-75.820084074016364,5.1789235482012863],[-75.820369609610026,5.1788474059949428],[-75.82057900218706,5.1787141564009929],[-75.820712251483172,5.1785428345344764],[-75.820807430154389,5.1784286202927747],[-75.821073929850385,5.1785047625817429],[-75.821264286996922,5.1785618693873143],[-75.821492714642957,5.1785618702968135],[-75.821949571383897,5.1783905486014516],[-75.822158964503558,5.1782953705682022],[-75.822311249860931,5.1779907991206233],[-75.822387392335827,5.1778194788577352],[-75.822620650142767,5.1776085678741399],[-75.822815742593221,5.1774321657136637],[-75.822701528821085,5.1772322906452608],[-75.822615868467679,5.1771038000393004],[-75.82257303783949,5.1769039246711239],[-75.822623006521326,5.1767825730796444],[-75.822722944064182,5.1766612200861646],[-75.82281574324675,5.1765755590547817],[-75.82294423419512,5.1764827604683079],[-75.823029893851995,5.176311439443257],[-75.82298706425172,5.176168671842321],[-75.822879988819381,5.1760187658668579],[-75.822722943191209,5.1759473821963233],[-75.822423132386959,5.1759116895842832],[-75.82183778434748,5.1759259665185731],[-75.821530834355272,5.1758831361847122],[-75.821309543926731,5.175818891155866],[-75.821259575178487,5.1757617837211738],[-75.821102531072498,5.1755976017075138],[-75.820981178257625,5.1755190790939656],[-75.820859826729674,5.1754691098881302],[-75.82071705870726,5.1754405562605497],[-75.820602844228091,5.1753834493599014],[-75.820488630283251,5.1752192669412578],[-75.820417246012539,5.1751050520432766],[-75.820360139541563,5.1749837002312322],[-75.820310170380452,5.1748766249770846],[-75.82018881835242,5.1747695486087535],[-75.820074604229688,5.174648196205168],[-75.819996081214128,5.174533982246877],[-75.819903282731744,5.1743840758187458],[-75.819781929944654,5.1741842004755227],[-75.819553502457964,5.1738772508321027],[-75.819380465652785,5.1736629824759301],[-75.819251974668333,5.1741198382590898],[-75.819052099320984,5.1743197132040022],[-75.818894475550962,5.1743591196879848],[-75.818722101628609,5.1745612124690936],[-75.818543641922432,5.1746611533108036],[-75.818286658249747,5.1747468080743628],[-75.818157711228736,5.1747867222645976],[-75.817881405092393,5.1750906585851526],[-75.817395994963888,5.1755760688081525],[-75.817053352664402,5.1761043094284531],[-75.816981968932694,5.1766468272462545]]]},"properties":{"OBJECTID":54,"ID_COBERT":232,"N1_COBERT":2,"N2_COBERT":23,"N3_COBERT":232,"N4_COBERT":0,"NOMENCLAT":232,"AREA_HA":23.394747152200001,"Leyenda_N2":"Pastos","RuleID":25,"Shape_Leng":2047.84712687,"LeyendaN3":"Pastos arbolados","Shape_Length":2047.8471268688909,"Shape_Area":234026.44518638094}},{"type":"Feature","id":55,"geometry":{"type":"Polygon","coordinates":[[[-75.826168832334631,5.1739742695259805],[-75.826261630962478,5.1739528543288218],[-75.826268769458096,5.173888609127637],[-75.826204524075209,5.1737958101299508],[-75.826147417167661,5.1736815958986542],[-75.826111724749751,5.1735959352220338],[-75.826040341599395,5.1735102738243661],[-75.825968957572599,5.1734246133158228],[-75.825861881486389,5.1732675687333209],[-75.825854742766225,5.1730819713815483],[-75.825804773725167,5.1729035118337077],[-75.825590623228138,5.1728107135110077],[-75.825497823783593,5.1727821601868191],[-75.825319364261063,5.1727536066192688],[-75.825155181802671,5.1727393292568022],[-75.825062383186477,5.1726536682390476],[-75.824791123635876,5.1725608702650687],[-75.824643596861122,5.1725180392104591],[-75.824505588968862,5.1725180400034745],[-75.824398513150911,5.1724609325850519],[-75.8242842986065,5.1723538569316991],[-75.824198638309312,5.1722824730909389],[-75.824120116424652,5.1722396424138894],[-75.824077285845874,5.172353857063186],[-75.824127253961777,5.1723895483543298],[-75.824255745578625,5.1724537936001553],[-75.824398513260846,5.1725822844030738],[-75.824555557813952,5.1726536680153892],[-75.824691186802283,5.1727321914148812],[-75.824805401187234,5.1727678826189694],[-75.824905337781601,5.1728535434830203],[-75.824955307595545,5.1729320655908548],[-75.825062381999388,5.1729534811595492],[-75.825326502352382,5.1730177257700403],[-75.825462132345777,5.173096248000923],[-75.825583484755569,5.1731819089480231],[-75.825626315556235,5.1732961228317595],[-75.82570483716286,5.1734603057803836],[-75.825726251313881,5.1736173502937559],[-75.82570483724858,5.1737529792871149],[-75.825719113833259,5.173881470672967],[-75.825811912613602,5.1739599922083199],[-75.825968956934062,5.1739528544437263],[-75.826083171441653,5.1739385769346571],[-75.826168832334631,5.1739742695259805]]]},"properties":{"OBJECTID":55,"ID_COBERT":314,"N1_COBERT":3,"N2_COBERT":31,"N3_COBERT":314,"N4_COBERT":0,"NOMENCLAT":314,"AREA_HA":0.85427108478799996,"Leyenda_N2":"Bosques","RuleID":6,"Shape_Leng":690.44683503399995,"LeyendaN3":"Bosque de galería y/o ripario","Shape_Length":690.44683503359863,"Shape_Area":8545.7096765115657}},{"type":"Feature","id":56,"geometry":{"type":"Polygon","coordinates":[[[-75.824719740328078,5.1745524781932977],[-75.82483395418933,5.174538201743867],[-75.824948168296373,5.1745382019525747],[-75.825048106131746,5.1744739566223181],[-75.825019552480185,5.1743811572755645],[-75.824848231176503,5.1742954968811796],[-75.824712602022473,5.1741812829140459],[-75.824669771853834,5.1740527913265471],[-75.824605525684888,5.173959992052251],[-75.824412790333653,5.1738600553747629],[-75.824284298709969,5.1738172244500751],[-75.824170084824473,5.1737172872416934],[-75.824027316684337,5.1736387649160918],[-75.823855995284802,5.1735316890339487],[-75.823656120991387,5.17341747549363],[-75.823463384834611,5.1733104000104211],[-75.823384861835677,5.1732033241550184],[-75.823235345794686,5.1730413480947783],[-75.823113604641932,5.1729891725908441],[-75.823020804277036,5.173032002365975],[-75.822999389838131,5.1731248023731133],[-75.823056496716575,5.173210462015728],[-75.823156434746181,5.1733318149880665],[-75.823249233346814,5.1734745831632978],[-75.823327755295239,5.1736887342627069],[-75.823299201824028,5.1737672559544405],[-75.823320616622397,5.1738814698665543],[-75.823434830980091,5.1738957471079887],[-75.823520492153818,5.1738315014704437],[-75.823599013619415,5.1738315011523364],[-75.823656121123733,5.1739457158522848],[-75.823684674437743,5.1740313761314578],[-75.82369895146249,5.1741527294319711],[-75.82376319656241,5.1742383896143584],[-75.823863134270738,5.1742098361588269],[-75.823891687093209,5.1741527286035609],[-75.823941656899976,5.1740599296234011],[-75.824027317257134,5.1740599299390286],[-75.824077286151805,5.1741313128777655],[-75.824134391851643,5.1742383891368897],[-75.824227191540302,5.1743169109786118],[-75.824312852082272,5.1742740820848772],[-75.824434204705966,5.1742526662777921],[-75.824519865173329,5.1742598039492265],[-75.824598387632946,5.1743169111035048],[-75.824626940957444,5.1744454022085939],[-75.824719740328078,5.1745524781932977]]]},"properties":{"OBJECTID":56,"ID_COBERT":314,"N1_COBERT":3,"N2_COBERT":31,"N3_COBERT":314,"N4_COBERT":0,"NOMENCLAT":314,"AREA_HA":1.10375221648,"Leyenda_N2":"Bosques","RuleID":6,"Shape_Leng":668.68000014300003,"LeyendaN3":"Bosque de galería y/o ripario","Shape_Length":668.68000014323934,"Shape_Area":11041.362987970791}},{"type":"Feature","id":57,"geometry":{"type":"Polygon","coordinates":[[[-75.806563650463744,5.1932686074784984],[-75.806661852842922,5.1933649369030972],[-75.806762388294615,5.1934593404584444],[-75.806864954362382,5.1935515229955236],[-75.806969501251487,5.1936414386338647],[-75.807075980096712,5.1937290478166025],[-75.807184340209503,5.1938143064752662],[-75.807294530023597,5.1938971759690933],[-75.807406495263805,5.1939776167654266],[-75.807520185257289,5.1940555884117652],[-75.807635545740695,5.1941310540873982],[-75.807752519761735,5.1942039805994762],[-75.807871052151256,5.1942743302275405],[-75.807991088669723,5.1943420715746988],[-75.80811257055737,5.1944071705523784],[-75.808235439074409,5.1944695975917758],[-75.808359638181869,5.1945293222081634],[-75.808485105545415,5.1945863175607139],[-75.808611785129955,5.1946405540687808],[-75.808739612805795,5.1946920067075597],[-75.808868530762624,5.1947406522321122],[-75.808998475780285,5.1947864674216211],[-75.809123906391719,5.1948276293009226],[-75.809152116093415,5.1945643407849991],[-75.809209223623839,5.1940884474631197],[-75.80938054459503,5.1936696637030719],[-75.809608972360422,5.1933079844118106],[-75.809723186779792,5.1928891992976327],[-75.80991354398806,5.1925846289582731],[-75.810008234098177,5.1924967020955153],[-75.810180044162749,5.1923371650243029],[-75.810427507519435,5.19214680829519],[-75.810655935511221,5.1916899514648973],[-75.810789186181793,5.1912902020495082],[-75.810694007576657,5.1908714160614737],[-75.810720695903143,5.1905333633808066],[-75.810724453167722,5.1904857740416386],[-75.810726143533884,5.1904643593832489],[-75.810751114221858,5.1901480604733337],[-75.810759349677397,5.1900574715130956],[-75.810770149728313,5.1899386681755768],[-75.810756501693845,5.1897251602258683],[-75.810714468140304,5.1890676127470741],[-75.810271888377599,5.1889533983613569],[-75.809815032047624,5.1888249078829896],[-75.809472389536054,5.1888677382251123],[-75.809129747538236,5.1888677378101091],[-75.808787105201745,5.1889962290260954],[-75.808572952993103,5.1893103173715565],[-75.808344525420949,5.1898813878994021],[-75.808044713378223,5.1901383702642381],[-75.807545026411233,5.1903096917885847],[-75.807316598398131,5.190595226717412],[-75.807145276560036,5.1909093154702708],[-75.807088169982947,5.1912519580574417],[-75.807159553242059,5.1915374928692115],[-75.807202384360323,5.1919943498354728],[-75.807216660592303,5.1922656077303815],[-75.807002509516053,5.1926939116331479],[-75.806563650463744,5.1932686074784984]]]},"properties":{"OBJECTID":57,"ID_COBERT":231,"N1_COBERT":2,"N2_COBERT":23,"N3_COBERT":231,"N4_COBERT":0,"NOMENCLAT":231,"AREA_HA":56.569232175700002,"Leyenda_N2":"Pastos","RuleID":27,"Shape_Leng":5391.7412726399998,"LeyendaN3":"Pastos limpios","Shape_Length":1826.2671297361642,"Shape_Area":191029.05013309873}},{"type":"Feature","id":58,"geometry":{"type":"Polygon","coordinates":[[[-75.824216222225701,5.1778398201993623],[-75.824287201761663,5.1780967494384793],[-75.824439487051521,5.1785060157754668],[-75.8245147205444,5.1785812493967374],[-75.824573789473206,5.1785495948689295],[-75.824693822634444,5.1784818535077894],[-75.824805601856639,5.1784156043197394],[-75.824915998629351,5.178347065314111],[-75.825024965288847,5.1782762638227426],[-75.825132457797892,5.1782032316809543],[-75.825218107688301,5.1781437412245328],[-75.825336857926317,5.1780592123352838],[-75.825453630526525,5.1779719605957668],[-75.82556836527975,5.1778820305689122],[-75.825681001997097,5.177789471337106],[-75.825785546779628,5.1776995542705597],[-75.825888109651842,5.1776073717669044],[-75.825988642129602,5.1775129692402144],[-75.826087097520073,5.1774163893847582],[-75.826183427347331,5.1773176794223836],[-75.826277585836365,5.1772168856588729],[-75.826369530834683,5.1771140579995087],[-75.826459214760234,5.1770092418541243],[-75.826555368865883,5.1768915058792171],[-75.826648671846655,5.1767714884713509],[-75.826739072607353,5.1766492558465078],[-75.826793959938499,5.1765708208299532],[-75.826795787481814,5.1765685871939358],[-75.826839217413564,5.1765226589238349],[-75.826860900975632,5.1764989180022836],[-75.826788229674179,5.1764797936601985],[-75.826693050397751,5.176441723147625],[-75.826569318872203,5.1764322050882887],[-75.826521729293702,5.1765559368375111],[-75.826521729257308,5.1766606326257376],[-75.826397997592551,5.1768605079605257],[-75.826312337499871,5.1769080964336514],[-75.82621715898199,5.1769747225839629],[-75.826198123130851,5.177003275047511],[-75.826036320371529,5.1770794179085575],[-75.825922106186809,5.17714604318149],[-75.825712712786853,5.1772412210545395],[-75.825617534375468,5.1773744713240237],[-75.825522356648534,5.177526757457481],[-75.825436695991115,5.1776124176206437],[-75.825312963546011,5.1776600070230057],[-75.825189231454715,5.1776695246784605],[-75.825046463817088,5.1776695239462986],[-75.824979838785538,5.1777456674916005],[-75.824875142473942,5.1778218110751979],[-75.824637196478292,5.1778313278368504],[-75.82448491116115,5.1778503637826914],[-75.824216222225701,5.1778398201993623]]]},"properties":{"OBJECTID":58,"ID_COBERT":232,"N1_COBERT":2,"N2_COBERT":23,"N3_COBERT":232,"N4_COBERT":0,"NOMENCLAT":232,"AREA_HA":29.442184512899999,"Leyenda_N2":"Pastos","RuleID":25,"Shape_Leng":3672.7668330299998,"LeyendaN3":"Pastos arbolados","Shape_Length":808.09327950835893,"Shape_Area":13942.842111307282}},{"type":"Feature","id":59,"geometry":{"type":"Polygon","coordinates":[[[-75.824216222225701,5.1778398201993623],[-75.82448491116115,5.1778503637826914],[-75.824637196478292,5.1778313278368504],[-75.824875142473942,5.1778218110751979],[-75.824979838785538,5.1777456674916005],[-75.825046463817088,5.1776695239462986],[-75.825189231454715,5.1776695246784605],[-75.825312963546011,5.1776600070230057],[-75.825436695991115,5.1776124176206437],[-75.825522356648534,5.177526757457481],[-75.825617534375468,5.1773744713240237],[-75.825712712786853,5.1772412210545395],[-75.825922106186809,5.17714604318149],[-75.826036320371529,5.1770794179085575],[-75.826198123130851,5.177003275047511],[-75.82621715898199,5.1769747225839629],[-75.826312337499871,5.1769080964336514],[-75.826397997592551,5.1768605079605257],[-75.826521729257308,5.1766606326257376],[-75.826521729293702,5.1765559368375111],[-75.826569318872203,5.1764322050882887],[-75.826693050397751,5.176441723147625],[-75.826788229674179,5.1764797936601985],[-75.826860900975632,5.1764989180022836],[-75.826913045771633,5.1764418243456589],[-75.826985466474483,5.1763597197090192],[-75.82705645890681,5.1762763722242751],[-75.827143841247349,5.1761696211308559],[-75.827228880021082,5.1760609822592283],[-75.827311534907224,5.1759505118338103],[-75.827391765552932,5.1758382588475911],[-75.827452208385068,5.1757496696157803],[-75.827428094569655,5.1757183215231271],[-75.827294459749908,5.1756657204352354],[-75.827240207568749,5.1756628649939476],[-75.827214509298798,5.17566714869481],[-75.827163113042999,5.1756885636311729],[-75.827132492578656,5.1757254378658839],[-75.827122270798057,5.1759298925382105],[-75.827038988757579,5.1760964545373538],[-75.826801043443027,5.1761797359645394],[-75.8265749941975,5.1761202500679104],[-75.82617048493087,5.1762868120335037],[-75.826003923150665,5.1765485527824833],[-75.825706490161593,5.1767627038917015],[-75.825504236398743,5.1768340881593353],[-75.825278187126969,5.1770363429609851],[-75.82512352287371,5.1771910071260772],[-75.824933166463509,5.1773218782887636],[-75.824802296027414,5.1775479262840518],[-75.824611938695796,5.1776431048421081],[-75.824397787139787,5.177702591216045],[-75.824171738644992,5.1776787972457994],[-75.824216222225701,5.1778398201993623]]]},"properties":{"OBJECTID":59,"ID_COBERT":314,"N1_COBERT":3,"N2_COBERT":31,"N3_COBERT":314,"N4_COBERT":0,"NOMENCLAT":314,"AREA_HA":2.74462416166,"Leyenda_N2":"Bosques","RuleID":6,"Shape_Leng":1577.1237888400001,"LeyendaN3":"Bosque de galería y/o ripario","Shape_Length":962.96327082845141,"Shape_Area":16807.233094751395}},{"type":"Feature","id":60,"geometry":{"type":"Polygon","coordinates":[[[-75.819786990514118,5.1905826431994644],[-75.82013159228508,5.190582643918118],[-75.820154668483809,5.1905250189876924],[-75.820203187643543,5.1903957719894835],[-75.820208869273046,5.1903800561224447],[-75.820230289893644,5.19032056473909],[-75.820274976305399,5.1901921484158127],[-75.820316902278037,5.1900627971094924],[-75.820356045554675,5.1899325741946454],[-75.820392389259965,5.1898015366941737],[-75.820425916550732,5.1896697488622108],[-75.820456612346817,5.1895372659056402],[-75.820484460722753,5.1894041556901334],[-75.820509451110439,5.1892704743062179],[-75.820537692770415,5.1890956132698074],[-75.820545408873102,5.1890375914647233],[-75.820548495299207,5.1890343813677378],[-75.820665809842325,5.1889054372607859],[-75.820779533398266,5.1887733002366963],[-75.820913201458751,5.1886080281227498],[-75.821041252567781,5.1884383464158015],[-75.821163543317581,5.188264445584883],[-75.821279934832972,5.188086521502024],[-75.821348943697629,5.1879770596734858],[-75.821415459361333,5.1878691773124146],[-75.821479805267813,5.1877599803885532],[-75.821547372705012,5.1876396371448541],[-75.821612303648521,5.1875178449313104],[-75.821674569506143,5.1873946617275291],[-75.821734139886416,5.1872701464251376],[-75.821790987098822,5.1871443569995819],[-75.821845085272102,5.1870173550339391],[-75.821896404920594,5.1868892003194311],[-75.821944923775533,5.1867599535189521],[-75.821980891556677,5.1866581844927024],[-75.82201512285377,5.1865558166895918],[-75.82204605099129,5.1864606354469576],[-75.822079454044044,5.1863546953949031],[-75.822110998117552,5.1862481842311032],[-75.822140670735138,5.1861411345526482],[-75.822168464825737,5.1860335780285594],[-75.822194372436826,5.1859255508514028],[-75.822218384686082,5.185817082890396],[-75.822240494518525,5.1857082094300964],[-75.822260694875169,5.1855989648511676],[-75.822283130229721,5.1854627107389648],[-75.822302598132239,5.1853259998414876],[-75.822319084432479,5.1851888936885571],[-75.822332584024267,5.1850514600971165],[-75.822343091793343,5.1849137650762342],[-75.822350598109409,5.1847758728471742],[-75.822355104165339,5.1846378484867914],[-75.822356605748382,5.184499757999979],[-75.822355721881536,5.1843939792806726],[-75.822353341970683,5.1842512092969129],[-75.822350519104958,5.1841402352983357],[-75.822345756264397,5.1840293278143639],[-75.822339054508134,5.1839185220930277],[-75.822330415780897,5.1838078497627018],[-75.822319842953064,5.1836973478711075],[-75.822307337067713,5.1835870480506179],[-75.82229290549509,5.1834769855210103],[-75.822276550183815,5.1833671928144875],[-75.822247348511297,5.1831822719900771],[-75.822343207440213,5.1830643354875328],[-75.822453744883134,5.1829200660825192],[-75.822522753470722,5.1828272639951107],[-75.82263100636834,5.1826771581707822],[-75.822734831993472,5.1825239409036135],[-75.822834140776735,5.1823677445689036],[-75.822928848554525,5.1822087006136082],[-75.822990245324704,5.1820996021097754],[-75.823049478301499,5.181989307428168],[-75.823106521528814,5.1818778591696475],[-75.823161354468212,5.1817653017186869],[-75.823206564122557,5.1816701201324813],[-75.823269664306892,5.1815330879860593],[-75.823329487799882,5.1813945871271896],[-75.823386000693048,5.1812546963493169],[-75.823439171774652,5.1811134926258555],[-75.823484866526087,5.1809832155705244],[-75.823527715989968,5.1808519704605542],[-75.823567699704881,5.1807198188543468],[-75.823604798115042,5.1805868232101382],[-75.823638994381454,5.1804530486857931],[-75.823670271657164,5.1803185586312344],[-75.823698614894326,5.1801834154843869],[-75.823724010860374,5.1800476843868495],[-75.823743392565646,5.1799311199852367],[-75.823760599874092,5.1798142136650878],[-75.823775630263015,5.179697006114079],[-75.823788473091284,5.1795795371522271],[-75.823795878465788,5.1795039200757609],[-75.823796800229687,5.1794948567621137],[-75.823802536155355,5.1794369750381772],[-75.823809923009904,5.1793573897878149],[-75.823816297690442,5.1792795030238157],[-75.823820442769787,5.1792197012219274],[-75.823826163882998,5.1791217374490994],[-75.823827996270012,5.1790818152834648],[-75.823832128846448,5.178963773251704],[-75.823832572076952,5.178943796201672],[-75.82383311173534,5.1788964015842298],[-75.823953109612205,5.1788480768840124],[-75.824079785570888,5.1787938404793747],[-75.824205250103489,5.1787368452484355],[-75.824329445636167,5.178677120375446],[-75.824396531715621,5.1786430346455408],[-75.824306476071555,5.1785120440258403],[-75.824133964024995,5.1780361514640809],[-75.824098731253159,5.1779188573584083],[-75.824080759151528,5.1778477141394381],[-75.824049825972665,5.177821540581081],[-75.824016514098588,5.177797745935937],[-75.82395464844592,5.1777810896177279],[-75.823911818467337,5.1777810900433758],[-75.823857090100887,5.1777882276774969],[-75.823819019360201,5.177816781930547],[-75.823793701431271,5.1778604689287411],[-75.823729455880965,5.1779247142135514],[-75.823686625385562,5.178038928162187],[-75.823593826834383,5.1781531427530103],[-75.823465336607825,5.1782388023456516],[-75.823336845120167,5.1782602177105375],[-75.823201215266565,5.1782173881332536],[-75.823101278657475,5.178096034692655],[-75.823022756211827,5.1779746832936393],[-75.822979925263112,5.1778247765098371],[-75.822929957230556,5.1776249014633677],[-75.822815742593221,5.1774321657136637],[-75.822620650142767,5.1776085678741399],[-75.822679907210812,5.1778979947892285],[-75.822665630800131,5.1781835301830217],[-75.822722738103664,5.178397681756234],[-75.822722737506481,5.1786118332062241],[-75.822694184163822,5.1789401982298493],[-75.822694185093724,5.1791829030815046],[-75.822694184003865,5.1794113321417585],[-75.822708461117813,5.179511269527727],[-75.82280839839396,5.1796968671962516],[-75.822808398406366,5.1798824652185189],[-75.822679907909958,5.1798824655817297],[-75.822637077614729,5.1797825272666369],[-75.822508586328993,5.1794541615618668],[-75.822494308829619,5.1792828415322001],[-75.822494309381014,5.1790686900441578],[-75.822437201969308,5.1789544753887142],[-75.822237327728516,5.1790686895370692],[-75.822251604882453,5.1793256707691899],[-75.822280158120407,5.1796254834997999],[-75.822337265170702,5.1798110816876424],[-75.822208774022371,5.1800680627056774],[-75.822080283478826,5.1801679999382371],[-75.82198034633852,5.1802822148272822],[-75.821908962406027,5.1804963658473628],[-75.821837578030667,5.1806391342256068],[-75.821751917743399,5.1807961779458065],[-75.821709087248422,5.1810246066684735],[-75.821709087687623,5.1812387573814727],[-75.821737641056558,5.1814814624551149],[-75.821694810643422,5.1817098912004926],[-75.82173764070771,5.1818812122507758],[-75.821908962853058,5.1819668734949129],[-75.821923238897782,5.1820953643559413],[-75.821794748418696,5.18212391730275],[-75.821623426996638,5.182123917233441],[-75.821494936055572,5.182223854618325],[-75.821337891359278,5.1823951755686952],[-75.821295061663108,5.1825236673577315],[-75.82135216828847,5.1827092647347888],[-75.821466382212122,5.1828805853805937],[-75.821552043223036,5.1830233534460275],[-75.821552043056172,5.1832803361345707],[-75.821552043543875,5.1835230402953094],[-75.821523488926985,5.1838085755330878],[-75.821509212383774,5.1840084500157335],[-75.82156631974965,5.1842511550213697],[-75.821694810765266,5.18443675348699],[-75.821694810512767,5.1845081370549382],[-75.821552042142599,5.1845652441303489],[-75.821366444362141,5.1844653068923048],[-75.821366444951437,5.1842368794112694],[-75.821309338292153,5.1838942364106639],[-75.821366444561605,5.1835658709762118],[-75.821337890795476,5.1833231649696057],[-75.821295061847707,5.1830376301377505],[-75.821152293473773,5.1828092025555144],[-75.821095186128431,5.1825379439055075],[-75.821123739308035,5.182295238774822],[-75.821237953521006,5.1820668095774005],[-75.82132361496673,5.1818669356089426],[-75.821323614806147,5.1816670606425248],[-75.821323615051398,5.1814386322355128],[-75.821309338157477,5.1812530344124887],[-75.821309337711227,5.180981775845825],[-75.821394998647619,5.1807533476156085],[-75.821394998658761,5.1805534735591889],[-75.821380722520644,5.1804535351384962],[-75.821423552359121,5.1801251693680026],[-75.821452105620111,5.179768251495406],[-75.821380721622802,5.1794684388389296],[-75.821423551785458,5.1792542868429088],[-75.821466382862454,5.1790401357583598],[-75.821466382951726,5.1788830918597384],[-75.821492714642957,5.1785618702968135],[-75.821264286996922,5.1785618693873143],[-75.821073929850385,5.1785047625817429],[-75.820807430154389,5.1784286202927747],[-75.820712251483172,5.1785428345344764],[-75.82057900218706,5.1787141564009929],[-75.820369609610026,5.1788474059949428],[-75.820084074016364,5.1789235482012863],[-75.819798538492108,5.178885476408408],[-75.819474931991522,5.1788664410716345],[-75.819303610762688,5.1788854767596],[-75.819037111458911,5.1790567985220219],[-75.818694468176759,5.1790758337218108],[-75.818370861903347,5.1789806548535937],[-75.818123399136425,5.1788664413668117],[-75.817990148078152,5.1788093340381263],[-75.817875934365489,5.1785047635713601],[-75.817742684338839,5.1782763349704819],[-75.81738100717142,5.1773626217121427],[-75.817285827777667,5.1770009439781193],[-75.817247597383741,5.1767736991686331],[-75.81721190561548,5.1767023160145271],[-75.817164317570203,5.176672572306205],[-75.817098882244792,5.1766190341713152],[-75.816981968932694,5.1766468272462545],[-75.817110458895769,5.1771465126974068],[-75.817238949907491,5.1777175845634682],[-75.817395994989042,5.1780459488057859],[-75.817553038941313,5.1784171459328023],[-75.817652976887018,5.1787169576366505],[-75.817667253665107,5.1790310461365197],[-75.817595869574134,5.1792309206202747],[-75.817353164157041,5.1794307962069839],[-75.816981968903008,5.1795021800014993],[-75.816482281970664,5.1796306707101989],[-75.815982595042385,5.1797020539937941],[-75.815325863623528,5.1799447587586895],[-75.815211648818973,5.1801018038729465],[-75.814926114043899,5.1804016157007489],[-75.814783347003001,5.1807299811491969],[-75.814754793571623,5.1810726239616773],[-75.814854731279297,5.181558034042447],[-75.814997498127525,5.181843568912802],[-75.815354417274207,5.182500300270048],[-75.815711336680337,5.1831713087054885],[-75.816096809135885,5.1839422542189881],[-75.816196746137848,5.1843848338224987],[-75.81642668358991,5.1844224767719345],[-75.816612281133857,5.1843082624597461],[-75.816826433965062,5.1842654321673134],[-75.816897817436484,5.1841512179917624],[-75.81708341536789,5.1839513430093715],[-75.817240459144998,5.1838371293732637],[-75.817397503673988,5.1837800227881603],[-75.817654485800233,5.1837942991922272],[-75.817654485689943,5.1839085132941705],[-75.817597379269657,5.1841226644339704],[-75.817511718263361,5.1843225395850148],[-75.817368950263983,5.1845224144542899],[-75.817111969167641,5.184665182544169],[-75.817012031330378,5.1847793956931794],[-75.816869263159674,5.1849221635007314],[-75.816626558533486,5.1850363776186414],[-75.81648379030996,5.1852505292982469],[-75.816483790454356,5.1854504041669669],[-75.81648379111644,5.185621724575916],[-75.816398129804114,5.1857644927589961],[-75.816283916938588,5.1857359385289516],[-75.816155425453786,5.1858644301310752],[-75.81621253263377,5.1859929205848543],[-75.816326746180863,5.186064305135587],[-75.816469514436449,5.1861499656712686],[-75.816583728744689,5.1861499653624934],[-75.8166836658379,5.1860928583213868],[-75.816869264526517,5.1859786445981424],[-75.817069138551474,5.185864430476113],[-75.817283290376238,5.1857359391683309],[-75.817454611344587,5.1856074481099084],[-75.817597378731534,5.1855360639773052],[-75.817825807564432,5.1855217871917398],[-75.817882913558137,5.1856217247197245],[-75.817840083410076,5.1857644935210745],[-75.817725869099078,5.1858073234000202],[-75.817668762031147,5.1858073231916677],[-75.817483165395458,5.1858073229247612],[-75.817211905863914,5.1860071978874549],[-75.817083414862822,5.1861499645652955],[-75.816826434079431,5.186292732922003],[-75.816683665683698,5.1864354999856213],[-75.816626558459191,5.1866068219088222],[-75.816493816798868,5.1868135764415557],[-75.81670320932696,5.1869468275767261],[-75.816817422854285,5.1869468271515959],[-75.817160065413873,5.1868706844888033],[-75.817445600423483,5.1868706845488211],[-75.817654993102025,5.1870610413907237],[-75.817731136243324,5.1873275408161597],[-75.817769208068668,5.1876130761016643],[-75.817845350631345,5.1878034324347215],[-75.818111849614994,5.187822468813958],[-75.81845449243238,5.1874227192048066],[-75.81900652712622,5.1868135769222059],[-75.819330133835507,5.1864138274065477],[-75.819520491353543,5.1861473286471025],[-75.819863132790019,5.185880828154307],[-75.820110597285037,5.1858998640829697],[-75.820167704861461,5.1860902207830861],[-75.820110597004003,5.1863376844701996],[-75.820205775816831,5.1868706844574941],[-75.8203009543561,5.187099112002822],[-75.820472275538279,5.1873846480608572],[-75.82047227541706,5.1875940406629795],[-75.820453239838017,5.1877463254963185],[-75.820472274620045,5.1880889678080022],[-75.820586488935987,5.188298360969541],[-75.820586489917531,5.1885077535418027],[-75.820319989084808,5.1886219672804135],[-75.819996383258058,5.1887742529830581],[-75.819729883382237,5.1889455744313118],[-75.819501455636413,5.1891930377662865],[-75.819292061997544,5.1894405028906183],[-75.819292062987529,5.1898212156732928],[-75.819387241389933,5.1902590369656147],[-75.819482419382041,5.1904493935027967],[-75.819786990514118,5.1905826431994644]]]},"properties":{"OBJECTID":60,"ID_COBERT":232,"N1_COBERT":2,"N2_COBERT":23,"N3_COBERT":232,"N4_COBERT":0,"NOMENCLAT":232,"AREA_HA":170.32460481999999,"Leyenda_N2":"Pastos","RuleID":25,"Shape_Leng":15782.2650278,"LeyendaN3":"Pastos arbolados","Shape_Length":7629.5925690245531,"Shape_Area":702984.16372208286}},{"type":"Feature","id":61,"geometry":{"type":"Polygon","coordinates":[[[-75.821492714642957,5.1785618702968135],[-75.821466382951726,5.1788830918597384],[-75.821466382862454,5.1790401357583598],[-75.821423551785458,5.1792542868429088],[-75.821380721622802,5.1794684388389296],[-75.821452105620111,5.179768251495406],[-75.821423552359121,5.1801251693680026],[-75.821380722520644,5.1804535351384962],[-75.821394998658761,5.1805534735591889],[-75.821394998647619,5.1807533476156085],[-75.821309337711227,5.180981775845825],[-75.821309338157477,5.1812530344124887],[-75.821323615051398,5.1814386322355128],[-75.821323614806147,5.1816670606425248],[-75.82132361496673,5.1818669356089426],[-75.821237953521006,5.1820668095774005],[-75.821123739308035,5.182295238774822],[-75.821095186128431,5.1825379439055075],[-75.821152293473773,5.1828092025555144],[-75.821295061847707,5.1830376301377505],[-75.821337890795476,5.1833231649696057],[-75.821366444561605,5.1835658709762118],[-75.821309338292153,5.1838942364106639],[-75.821366444951437,5.1842368794112694],[-75.821366444362141,5.1844653068923048],[-75.821552042142599,5.1845652441303489],[-75.821694810512767,5.1845081370549382],[-75.821694810765266,5.18443675348699],[-75.82156631974965,5.1842511550213697],[-75.821509212383774,5.1840084500157335],[-75.821523488926985,5.1838085755330878],[-75.821552043543875,5.1835230402953094],[-75.821552043056172,5.1832803361345707],[-75.821552043223036,5.1830233534460275],[-75.821466382212122,5.1828805853805937],[-75.82135216828847,5.1827092647347888],[-75.821295061663108,5.1825236673577315],[-75.821337891359278,5.1823951755686952],[-75.821494936055572,5.182223854618325],[-75.821623426996638,5.182123917233441],[-75.821794748418696,5.18212391730275],[-75.821923238897782,5.1820953643559413],[-75.821908962853058,5.1819668734949129],[-75.82173764070771,5.1818812122507758],[-75.821694810643422,5.1817098912004926],[-75.821737641056558,5.1814814624551149],[-75.821709087687623,5.1812387573814727],[-75.821709087248422,5.1810246066684735],[-75.821751917743399,5.1807961779458065],[-75.821837578030667,5.1806391342256068],[-75.821908962406027,5.1804963658473628],[-75.82198034633852,5.1802822148272822],[-75.822080283478826,5.1801679999382371],[-75.822208774022371,5.1800680627056774],[-75.822337265170702,5.1798110816876424],[-75.822280158120407,5.1796254834997999],[-75.822251604882453,5.1793256707691899],[-75.822237327728516,5.1790686895370692],[-75.822437201969308,5.1789544753887142],[-75.822494309381014,5.1790686900441578],[-75.822494308829619,5.1792828415322001],[-75.822508586328993,5.1794541615618668],[-75.822637077614729,5.1797825272666369],[-75.822679907909958,5.1798824655817297],[-75.822808398406366,5.1798824652185189],[-75.82280839839396,5.1796968671962516],[-75.822708461117813,5.179511269527727],[-75.822694184003865,5.1794113321417585],[-75.822694185093724,5.1791829030815046],[-75.822694184163822,5.1789401982298493],[-75.822722737506481,5.1786118332062241],[-75.822722738103664,5.178397681756234],[-75.822665630800131,5.1781835301830217],[-75.822679907210812,5.1778979947892285],[-75.822620650142767,5.1776085678741399],[-75.822387392335827,5.1778194788577352],[-75.822311249860931,5.1779907991206233],[-75.822158964503558,5.1782953705682022],[-75.821949571383897,5.1783905486014516],[-75.821492714642957,5.1785618702968135]]]},"properties":{"OBJECTID":61,"ID_COBERT":314,"N1_COBERT":3,"N2_COBERT":31,"N3_COBERT":314,"N4_COBERT":0,"NOMENCLAT":314,"AREA_HA":4.4111545208700003,"Leyenda_N2":"Bosques","RuleID":6,"Shape_Leng":1980.8581028799999,"LeyendaN3":"Bosque de galería y/o ripario","Shape_Length":1980.8581028817648,"Shape_Area":44126.673261441691}},{"type":"Feature","id":62,"geometry":{"type":"Polygon","coordinates":[[[-75.814355043679726,5.1858696174285779],[-75.814723497852228,5.1858427569549672],[-75.81512324774377,5.1859189006457882],[-75.815351674561725,5.1859760068048688],[-75.815732388812719,5.1862805775452259],[-75.815903710477556,5.1864328639958304],[-75.816132138206981,5.1866041848749935],[-75.816493816798868,5.1868135764415557],[-75.816626558459191,5.1866068219088222],[-75.816683665683698,5.1864354999856213],[-75.816826434079431,5.186292732922003],[-75.817083414862822,5.1861499645652955],[-75.817211905863914,5.1860071978874549],[-75.817483165395458,5.1858073229247612],[-75.817668762031147,5.1858073231916677],[-75.817725869099078,5.1858073234000202],[-75.817840083410076,5.1857644935210745],[-75.817882913558137,5.1856217247197245],[-75.817825807564432,5.1855217871917398],[-75.817597378731534,5.1855360639773052],[-75.817454611344587,5.1856074481099084],[-75.817283290376238,5.1857359391683309],[-75.817069138551474,5.185864430476113],[-75.816869264526517,5.1859786445981424],[-75.8166836658379,5.1860928583213868],[-75.816583728744689,5.1861499653624934],[-75.816469514436449,5.1861499656712686],[-75.816326746180863,5.186064305135587],[-75.81621253263377,5.1859929205848543],[-75.816155425453786,5.1858644301310752],[-75.816283916938588,5.1857359385289516],[-75.816398129804114,5.1857644927589961],[-75.81648379111644,5.185621724575916],[-75.816483790454356,5.1854504041669669],[-75.81648379030996,5.1852505292982469],[-75.816626558533486,5.1850363776186414],[-75.816869263159674,5.1849221635007314],[-75.817012031330378,5.1847793956931794],[-75.817111969167641,5.184665182544169],[-75.817368950263983,5.1845224144542899],[-75.817511718263361,5.1843225395850148],[-75.817597379269657,5.1841226644339704],[-75.817654485689943,5.1839085132941705],[-75.817654485800233,5.1837942991922272],[-75.817397503673988,5.1837800227881603],[-75.817240459144998,5.1838371293732637],[-75.81708341536789,5.1839513430093715],[-75.816897817436484,5.1841512179917624],[-75.816826433965062,5.1842654321673134],[-75.816612281133857,5.1843082624597461],[-75.81642668358991,5.1844224767719345],[-75.816196746137848,5.1843848338224987],[-75.816153916145637,5.1847845829156451],[-75.815996871206437,5.1849844572098744],[-75.815597122150152,5.1851700552085811],[-75.815111712802903,5.1852699934352948],[-75.814683409214695,5.1855126980554536],[-75.814355043679726,5.1858696174285779]]]},"properties":{"OBJECTID":62,"ID_COBERT":314,"N1_COBERT":3,"N2_COBERT":31,"N3_COBERT":314,"N4_COBERT":0,"NOMENCLAT":314,"AREA_HA":4.02876605317,"Leyenda_N2":"Bosques","RuleID":6,"Shape_Leng":1502.30227102,"LeyendaN3":"Bosque de galería y/o ripario","Shape_Length":1502.3022710153105,"Shape_Area":40300.915828468824}},{"type":"Feature","id":63,"geometry":{"type":"Polygon","coordinates":[[[-75.819786990514118,5.1905826431994644],[-75.81983379983069,5.1906969218426502],[-75.819848075943398,5.1907968593773015],[-75.819848076808128,5.1908325512075697],[-75.819840937808095,5.1909110735006347],[-75.819783830830815,5.1910038725054743],[-75.819712447119485,5.1910467025466538],[-75.819641062366756,5.1910467032852274],[-75.81957681800138,5.1910252877444254],[-75.819498295154844,5.1910681180266653],[-75.819469742182648,5.1911751936650212],[-75.81941263517804,5.1912323008308414],[-75.819298420337731,5.1912751305622908],[-75.819169929621111,5.1913036849399115],[-75.819005747149291,5.1913036852442129],[-75.81890580921575,5.1912537164901966],[-75.818755903713651,5.1913179615881528],[-75.818720212234155,5.1913393770291396],[-75.818605997341379,5.1914250378200988],[-75.81854175223917,5.1914535908014354],[-75.818363292681852,5.1915106975497034],[-75.81826335471122,5.1915820819858398],[-75.818199110203778,5.1916391893570459],[-75.818163418143229,5.1917177109001109],[-75.818213385755229,5.1917605412825214],[-75.818320461854256,5.191803371513994],[-75.818320462572331,5.1918747552701143],[-75.818320462142367,5.1919746925348935],[-75.818327600608711,5.1920246618249735],[-75.818420399980099,5.1920532148462941],[-75.818456092000304,5.1920532145183591],[-75.818570305952463,5.1920389383359504],[-75.818677381329167,5.1920103847338881],[-75.818720211289872,5.1919604155310788],[-75.818705934984351,5.1918890322909395],[-75.818591720323354,5.1918319247421953],[-75.81854175170956,5.1917462641636227],[-75.818556028148322,5.1916677415539683],[-75.818655965993472,5.1916320498560875],[-75.818820149172709,5.1916177737521911],[-75.818962916768257,5.1916034965523252],[-75.819048577098641,5.1916391881231307],[-75.819184206456129,5.1916249120270548],[-75.819284143859988,5.1915749426097708],[-75.819376943550566,5.1915463894484546],[-75.819541125626756,5.1916034968674829],[-75.819598538983485,5.1916264624152468],[-75.819667898434517,5.19151463596556],[-75.819726724251296,5.1914150090758477],[-75.819726724348911,5.1913393760065922],[-75.819812383991888,5.1912394385004044],[-75.819830169255411,5.1912294338393314],[-75.819870565380882,5.1911536645783087],[-75.819932831645019,5.1910304811804231],[-75.819992404219064,5.1909059665788346],[-75.820049249998618,5.1907801778694314],[-75.820103347612246,5.1906531748073146],[-75.82013159228508,5.190582643918118],[-75.819786990514118,5.1905826431994644]]]},"properties":{"OBJECTID":63,"ID_COBERT":314,"N1_COBERT":3,"N2_COBERT":31,"N3_COBERT":314,"N4_COBERT":0,"NOMENCLAT":314,"AREA_HA":2.5867474978299998,"Leyenda_N2":"Bosques","RuleID":6,"Shape_Leng":1216.3418418399999,"LeyendaN3":"Bosque de galería y/o ripario","Shape_Length":688.00934525410162,"Shape_Area":8910.3955275590033}},{"type":"Feature","id":64,"geometry":{"type":"Polygon","coordinates":[[[-75.817845350631345,5.1878034324347215],[-75.817713699364191,5.1878415684348127],[-75.817592347328784,5.1878772612264541],[-75.817478132801909,5.1879272296552177],[-75.817342503830929,5.1879343674982374],[-75.817164043886194,5.1880414439297624],[-75.817121214090761,5.1881056888176298],[-75.817007000073374,5.1881913491231835],[-75.81689278521182,5.1883341165098456],[-75.816750017693181,5.1884340544050884],[-75.816628666111342,5.1884055016175976],[-75.816521589647763,5.1883555323376145],[-75.816464482291281,5.1883555321449784],[-75.816378822394739,5.1883698095218129],[-75.816357407008695,5.1884840234351115],[-75.816307438356077,5.1885696836966515],[-75.816243192758122,5.1886767604349222],[-75.816178947676775,5.1887624192955784],[-75.816150393362875,5.1888338039972854],[-75.81620750083647,5.1888909113088317],[-75.816286023514891,5.1888766341128836],[-75.816350267790682,5.1887981118272215],[-75.816407375661754,5.1887195906415506],[-75.81651445060551,5.188676759978514],[-75.81662866511752,5.1886624826417709],[-75.816742879866965,5.1886624829620329],[-75.816864232441276,5.1885910992030446],[-75.816914201142396,5.1884626086264829],[-75.817056968350755,5.1883983626268844],[-75.817121213871928,5.1883983625555086],[-75.817214012670789,5.1883269787101067],[-75.817292535071516,5.1882555952810812],[-75.817428164757303,5.1882341806444225],[-75.817578070277548,5.1882341798005971],[-75.817635176931617,5.1882484566625555],[-75.817842190658808,5.1882984254017552],[-75.817956405219761,5.1882984246339001],[-75.818206248243129,5.188312701845649],[-75.818363292854983,5.1883626701183552],[-75.818506060355332,5.1884197780693393],[-75.818677381813217,5.1884483315662511],[-75.818855840835639,5.1884911615290603],[-75.818998608800115,5.1885696835396153],[-75.819034300463372,5.1886910365166425],[-75.819034301079029,5.1888052504678734],[-75.8190414388486,5.1889551560504854],[-75.819077131309044,5.1890265404015761],[-75.819105684408868,5.1891264784730158],[-75.819091407053108,5.1892478303626568],[-75.819020023256783,5.1893263521065229],[-75.818884394385805,5.1894262901854677],[-75.818777318814995,5.1894691203320731],[-75.818605997219876,5.1894905356371561],[-75.818548890315427,5.1895547810614007],[-75.818406122334224,5.1896190256524282],[-75.818356154497536,5.1896832717454577],[-75.818327599890011,5.1897689322844966],[-75.818191971961767,5.1899259773351201],[-75.818034927121857,5.190018775879957],[-75.817927850414947,5.1901044362430246],[-75.817927851116593,5.1902257886761287],[-75.817920712882668,5.1903114494483464],[-75.817856467176668,5.1903971093508998],[-75.817820774920364,5.1904256631123946],[-75.817727976666021,5.190482770410636],[-75.817670869888119,5.1905612926094333],[-75.817656593279565,5.1906398152475033],[-75.817670869671019,5.1907254753522842],[-75.8177565301838,5.1907326136841458],[-75.817899297744873,5.1906755065482049],[-75.817992096440477,5.1905541547167582],[-75.818084896302267,5.1904042484708395],[-75.818113449127694,5.1902757576542351],[-75.81815627941107,5.1901972350167629],[-75.818270493673921,5.1900830208882089],[-75.818370430297605,5.1899973607343393],[-75.818470368249521,5.1899331156990902],[-75.818627413120723,5.1898902848078734],[-75.81875590348821,5.1898117620677047],[-75.818834425395082,5.1897261016990033],[-75.818898671797569,5.1896404417999857],[-75.818941501207888,5.1895690575599023],[-75.819098546182204,5.1894976731295808],[-75.819148514695087,5.1894691197832161],[-75.819292061997544,5.1894405028906183],[-75.819501455636413,5.1891930377662865],[-75.819729883382237,5.1889455744313118],[-75.819996383258058,5.1887742529830581],[-75.820319989084808,5.1886219672804135],[-75.820586489917531,5.1885077535418027],[-75.820586488935987,5.188298360969541],[-75.820472274620045,5.1880889678080022],[-75.820453239838017,5.1877463254963185],[-75.82047227541706,5.1875940406629795],[-75.820472275538279,5.1873846480608572],[-75.8203009543561,5.187099112002822],[-75.820205775816831,5.1868706844574941],[-75.820110597004003,5.1863376844701996],[-75.820167704861461,5.1860902207830861],[-75.820110597285037,5.1858998640829697],[-75.819863132790019,5.185880828154307],[-75.819520491353543,5.1861473286471025],[-75.819330133835507,5.1864138274065477],[-75.81900652712622,5.1868135769222059],[-75.81845449243238,5.1874227192048066],[-75.818111849614994,5.187822468813958],[-75.817845350631345,5.1878034324347215]]]},"properties":{"OBJECTID":64,"ID_COBERT":314,"N1_COBERT":3,"N2_COBERT":31,"N3_COBERT":314,"N4_COBERT":0,"NOMENCLAT":314,"AREA_HA":7.2173278218399997,"Leyenda_N2":"Bosques","RuleID":6,"Shape_Leng":1997.7590777400001,"LeyendaN3":"Bosque de galería y/o ripario","Shape_Length":1997.7590777357098,"Shape_Area":72197.531842193552}},{"type":"Feature","id":65,"geometry":{"type":"MultiPolygon","coordinates":[[[[-75.819812383991888,5.1912394385004044],[-75.819726724348911,5.1913393760065922],[-75.819726724251296,5.1914150090758477],[-75.819738067021504,5.1913957986088954],[-75.819805633109425,5.1912754569890422],[-75.819830169255411,5.1912294338393314],[-75.819812383991888,5.1912394385004044]]],[[[-75.818234801615262,5.1921317370316862],[-75.818263354512723,5.1922102590984753],[-75.818363292326111,5.1923244732803742],[-75.818413260776026,5.1924386873621771],[-75.818584581854324,5.1925529016942491],[-75.818734489022461,5.1926599774237223],[-75.818727277423051,5.1927140622325965],[-75.818734674630591,5.1927068067457274],[-75.818831006346301,5.1926080969668371],[-75.818925168461789,5.192507304273545],[-75.8190171142992,5.1924044749759082],[-75.819106800811326,5.1922996607914413],[-75.819194184926928,5.1921929080140101],[-75.819279226311849,5.1920842701566947],[-75.819361882820786,5.1919737989327839],[-75.819442115914924,5.1918615460393456],[-75.819519887063635,5.1917475649812355],[-75.819595159547518,5.1916319110630385],[-75.819598538983485,5.1916264624152468],[-75.819541125626756,5.1916034968674829],[-75.819376943550566,5.1915463894484546],[-75.819284143859988,5.1915749426097708],[-75.819184206456129,5.1916249120270548],[-75.819048577098641,5.1916391881231307],[-75.818962916768257,5.1916034965523252],[-75.818820149172709,5.1916177737521911],[-75.818655965993472,5.1916320498560875],[-75.818556028148322,5.1916677415539683],[-75.81854175170956,5.1917462641636227],[-75.818591720323354,5.1918319247421953],[-75.818705934984351,5.1918890322909395],[-75.818720211289872,5.1919604155310788],[-75.818677381329167,5.1920103847338881],[-75.818570305952463,5.1920389383359504],[-75.818456092000304,5.1920532145183591],[-75.818420399980099,5.1920532148462941],[-75.818327600608711,5.1920246618249735],[-75.818320462142367,5.1919746925348935],[-75.818320462572331,5.1918747552701143],[-75.818320461854256,5.191803371513994],[-75.818213385755229,5.1917605412825214],[-75.818163418143229,5.1917177109001109],[-75.818199110203778,5.1916391893570459],[-75.81826335471122,5.1915820819858398],[-75.818363292681852,5.1915106975497034],[-75.81854175223917,5.1914535908014354],[-75.818605997341379,5.1914250378200988],[-75.818720212234155,5.1913393770291396],[-75.818755903713651,5.1913179615881528],[-75.81890580921575,5.1912537164901966],[-75.819005747149291,5.1913036852442129],[-75.819169929621111,5.1913036849399115],[-75.819298420337731,5.1912751305622908],[-75.81941263517804,5.1912323008308414],[-75.819469742182648,5.1911751936650212],[-75.819498295154844,5.1910681180266653],[-75.81957681800138,5.1910252877444254],[-75.819641062366756,5.1910467032852274],[-75.819712447119485,5.1910467025466538],[-75.819783830830815,5.1910038725054743],[-75.819840937808095,5.1909110735006347],[-75.819848076808128,5.1908325512075697],[-75.819848075943398,5.1907968593773015],[-75.81983379983069,5.1906969218426502],[-75.819786990514118,5.1905826431994644],[-75.819482419382041,5.1904493935027967],[-75.819387241389933,5.1902590369656147],[-75.819292062987529,5.1898212156732928],[-75.819292061997544,5.1894405028906183],[-75.819148514695087,5.1894691197832161],[-75.819098546182204,5.1894976731295808],[-75.818941501207888,5.1895690575599023],[-75.818898671797569,5.1896404417999857],[-75.818834425395082,5.1897261016990033],[-75.81875590348821,5.1898117620677047],[-75.818627413120723,5.1898902848078734],[-75.818470368249521,5.1899331156990902],[-75.818370430297605,5.1899973607343393],[-75.818270493673921,5.1900830208882089],[-75.81815627941107,5.1901972350167629],[-75.818113449127694,5.1902757576542351],[-75.818084896302267,5.1904042484708395],[-75.817992096440477,5.1905541547167582],[-75.817899297744873,5.1906755065482049],[-75.8177565301838,5.1907326136841458],[-75.817670869671019,5.1907254753522842],[-75.817656593279565,5.1906398152475033],[-75.817670869888119,5.1905612926094333],[-75.817727976666021,5.190482770410636],[-75.817820774920364,5.1904256631123946],[-75.817856467176668,5.1903971093508998],[-75.817920712882668,5.1903114494483464],[-75.817927851116593,5.1902257886761287],[-75.817927850414947,5.1901044362430246],[-75.818034927121857,5.190018775879957],[-75.818191971961767,5.1899259773351201],[-75.818327599890011,5.1897689322844966],[-75.818356154497536,5.1896832717454577],[-75.818406122334224,5.1896190256524282],[-75.818548890315427,5.1895547810614007],[-75.818605997219876,5.1894905356371561],[-75.818777318814995,5.1894691203320731],[-75.818884394385805,5.1894262901854677],[-75.819020023256783,5.1893263521065229],[-75.819091407053108,5.1892478303626568],[-75.819105684408868,5.1891264784730158],[-75.819077131309044,5.1890265404015761],[-75.8190414388486,5.1889551560504854],[-75.819034301079029,5.1888052504678734],[-75.819034300463372,5.1886910365166425],[-75.818998608800115,5.1885696835396153],[-75.818855840835639,5.1884911615290603],[-75.818677381813217,5.1884483315662511],[-75.818506060355332,5.1884197780693393],[-75.818363292854983,5.1883626701183552],[-75.818206248243129,5.188312701845649],[-75.817956405219761,5.1882984246339001],[-75.817842190658808,5.1882984254017552],[-75.817635176931617,5.1882484566625555],[-75.817578070277548,5.1882341798005971],[-75.817428164757303,5.1882341806444225],[-75.817292535071516,5.1882555952810812],[-75.817214012670789,5.1883269787101067],[-75.817121213871928,5.1883983625555086],[-75.817056968350755,5.1883983626268844],[-75.816914201142396,5.1884626086264829],[-75.816864232441276,5.1885910992030446],[-75.816742879866965,5.1886624829620329],[-75.81662866511752,5.1886624826417709],[-75.81651445060551,5.188676759978514],[-75.816407375661754,5.1887195906415506],[-75.816350267790682,5.1887981118272215],[-75.816286023514891,5.1888766341128836],[-75.81620750083647,5.1888909113088317],[-75.816150393362875,5.1888338039972854],[-75.816178947676775,5.1887624192955784],[-75.816243192758122,5.1886767604349222],[-75.816307438356077,5.1885696836966515],[-75.816357407008695,5.1884840234351115],[-75.816378822394739,5.1883698095218129],[-75.816464482291281,5.1883555321449784],[-75.816521589647763,5.1883555323376145],[-75.816628666111342,5.1884055016175976],[-75.816750017693181,5.1884340544050884],[-75.81689278521182,5.1883341165098456],[-75.817007000073374,5.1881913491231835],[-75.817121214090761,5.1881056888176298],[-75.817164043886194,5.1880414439297624],[-75.817342503830929,5.1879343674982374],[-75.817478132801909,5.1879272296552177],[-75.817592347328784,5.1878772612264541],[-75.817713699364191,5.1878415684348127],[-75.817845350631345,5.1878034324347215],[-75.817769208068668,5.1876130761016643],[-75.817731136243324,5.1873275408161597],[-75.817654993102025,5.1870610413907237],[-75.817445600423483,5.1868706845488211],[-75.817160065413873,5.1868706844888033],[-75.816817422854285,5.1869468271515959],[-75.81670320932696,5.1869468275767261],[-75.816493816798868,5.1868135764415557],[-75.816132138206981,5.1866041848749935],[-75.815903710477556,5.1864328639958304],[-75.815732388812719,5.1862805775452259],[-75.815351674561725,5.1859760068048688],[-75.81512324774377,5.1859189006457882],[-75.814723497852228,5.1858427569549672],[-75.814355043679726,5.1858696174285779],[-75.813955293750112,5.1863550269821665],[-75.813741142654209,5.1865977330062147],[-75.813769696572166,5.1867833299756425],[-75.813826803155976,5.1869546512859621],[-75.813998124136646,5.1871688030570668],[-75.814169445972595,5.1873686779104746],[-75.814297936220356,5.1876542136065069],[-75.814412150946225,5.1879254718532417],[-75.814440704280699,5.188168176755747],[-75.814412150932199,5.1883966044639935],[-75.814269382518205,5.1884822652160718],[-75.814529980821689,5.1887053129002432],[-75.814708440972908,5.1887338664460092],[-75.814851208341892,5.1887053136850616],[-75.81492973059899,5.1886553446709218],[-75.815015391741241,5.1885910995757669],[-75.815193850689369,5.1886053762038458],[-75.815293788005036,5.1886482066378585],[-75.815372310602456,5.1886838983219876],[-75.815572185156981,5.1887053135456487],[-75.815750644302739,5.188790973007376],[-75.815900550669454,5.188876634086248],[-75.815964796029206,5.1889694331871246],[-75.815979072294269,5.1890693711629741],[-75.816057594342311,5.1891764457121194],[-75.816193223518511,5.1892621070552831],[-75.816328853126421,5.1893192147935459],[-75.816457344679506,5.1893334905615198],[-75.816607250184049,5.1894619816745067],[-75.81684995546405,5.1897546555212655],[-75.816964169524482,5.1898046243899767],[-75.817135490399366,5.1899616681426082],[-75.817149767560153,5.1901401281907047],[-75.817121214368044,5.1902614806841454],[-75.816999862115225,5.1903114485886599],[-75.816907062676009,5.1904542164191243],[-75.816914200193892,5.1905113241853238],[-75.816978446638629,5.1906398149263167],[-75.817128352688556,5.190725476288951],[-75.817292535482309,5.1908254130033704],[-75.817335365543045,5.1908182750738767],[-75.81747099401602,5.1908896581923241],[-75.817463856199907,5.19099673413728],[-75.817399610995238,5.1910681172969309],[-75.817335365025926,5.1911466397470569],[-75.817335364842464,5.1912251628540975],[-75.817563793919533,5.1914678676619692],[-75.81784932937002,5.1916463267951913],[-75.817963543966769,5.1918247869614245],[-75.818099173038092,5.1919104474441076],[-75.818213385982133,5.1920103844616374],[-75.818234801615262,5.1921317370316862]]]]},"properties":{"OBJECTID":65,"ID_COBERT":231,"N1_COBERT":2,"N2_COBERT":23,"N3_COBERT":231,"N4_COBERT":0,"NOMENCLAT":231,"AREA_HA":22.728546546499999,"Leyenda_N2":"Pastos","RuleID":27,"Shape_Leng":4250.4335637300001,"LeyendaN3":"Pastos limpios","Shape_Length":3702.9965625886884,"Shape_Area":190953.8327417715}},{"type":"Feature","id":66,"geometry":{"type":"MultiPolygon","coordinates":[[[[-75.813186761010797,5.1927177080520908],[-75.813281939009499,5.192927101469107],[-75.813243866732591,5.1931936006012487],[-75.813224831692281,5.1935172070736124],[-75.813225268492502,5.1938357279302725],[-75.81320147311574,5.1941331612983666],[-75.813225268146255,5.1943235178351355],[-75.813284754132695,5.1945019766136538],[-75.813284754366208,5.1946566414737587],[-75.813223664428236,5.1949010028107363],[-75.813266440046448,5.1948942964079698],[-75.813661432464286,5.1948276758136842],[-75.813710348607529,5.1948192272193294],[-75.813886714526106,5.1947854502157558],[-75.814062051014076,5.1947466600040988],[-75.814161037972951,5.1947217812586866],[-75.814473008687145,5.1946807306828529],[-75.814610630574165,5.1946610759817222],[-75.814747789050088,5.194638387899924],[-75.814846634762986,5.1946200994066825],[-75.815042505452737,5.1945822396863495],[-75.815114211897253,5.1945704694565586],[-75.815190368849287,5.1945574870614646],[-75.815325753994884,5.1945320244726156],[-75.815460551650744,5.1945036077040472],[-75.815594699651896,5.194472247881837],[-75.815728133156682,5.1944379624716515],[-75.815860790016288,5.1944007662153187],[-75.815992605397298,5.1943606783863689],[-75.816123516261541,5.1943177164424386],[-75.816253463201562,5.1942719032486586],[-75.816384672073852,5.1942223628963937],[-75.816482232247495,5.1941842837363312],[-75.816593841621838,5.1941394879560265],[-75.816704580483886,5.1940925708972845],[-75.816814408324689,5.1940435472049424],[-75.816923285556967,5.1939924360394238],[-75.817031171691966,5.193939256565117],[-75.817138028941798,5.1938840270304514],[-75.817243816825822,5.1938267684076669],[-75.817348498461939,5.1937674998451024],[-75.817462406723351,5.1936999606343548],[-75.817574878001963,5.1936300441558618],[-75.8176858619358,5.193557779561667],[-75.817719543307987,5.1935348282469391],[-75.817692185404283,5.1934582271030472],[-75.817711221613635,5.1932488348858135],[-75.817996756753331,5.1930204059641261],[-75.818053863508368,5.1928110136921903],[-75.81801579169246,5.1926396927393501],[-75.817882542000191,5.1923351210599948],[-75.817654114273623,5.192316085537346],[-75.817368578805272,5.1923922290312463],[-75.817235328416487,5.1925445134964265],[-75.81708304332011,5.1925445145852365],[-75.816873650213438,5.1923160855724202],[-75.816283544117994,5.1921638003207109],[-75.8158266881847,5.1922018719490239],[-75.81559826034281,5.192030551120876],[-75.815445974474372,5.1918782645182775],[-75.815160439206622,5.1917640504451468],[-75.815065260852109,5.1915736935718053],[-75.815065260174094,5.1913071937677762],[-75.815141403281004,5.1909264798845181],[-75.81518848539892,5.190700483444938],[-75.814902986210967,5.1906781829842688],[-75.814688834944519,5.1907257721752282],[-75.814522272322279,5.1907852591610943],[-75.814236737184501,5.1908209507289405],[-75.81401068810672,5.1908328483527564],[-75.813737050627012,5.1907971568716329],[-75.813641871162659,5.190654389139751],[-75.813475309791684,5.1904759293353093],[-75.813308747280303,5.19042833992685],[-75.813189774894767,5.1904759292509732],[-75.81322546674302,5.1907019773190743],[-75.813427720648477,5.1908209516758603],[-75.813546693831796,5.1909756158832536],[-75.813582385691632,5.1910826919378321],[-75.813475309942476,5.1911659727899018],[-75.813320644767842,5.1911302814236002],[-75.813072545972574,5.1910425680544083],[-75.812977367413936,5.1914042461833025],[-75.812939296685457,5.1917659237995855],[-75.81292026072957,5.1921656736653903],[-75.813015439531867,5.1925273520464099],[-75.813186761010797,5.1927177080520908]]],[[[-75.812672043215301,5.1943592093872111],[-75.812582813370739,5.1943830039555499],[-75.812529275585177,5.1944662858098125],[-75.812482439552937,5.1945641707563013],[-75.812273047264696,5.1949448847894821],[-75.812162406604344,5.1950887176965557],[-75.812283603474995,5.1950759189204563],[-75.812408167841383,5.1950602486568895],[-75.812532395692926,5.1950420985586803],[-75.81265623837686,5.1950214769792229],[-75.812857232645968,5.1949825671739704],[-75.812915938645716,5.1949702097205313],[-75.812915937880632,5.1948588959337823],[-75.812927835545537,5.1947637177264729],[-75.812915937433729,5.194632847848454],[-75.812957579072929,5.1945317210414741],[-75.812921886878414,5.1944484394023167],[-75.812838605814022,5.1944008496046621],[-75.812749375742314,5.1943532610084056],[-75.812672043215301,5.1943592093872111]]]]},"properties":{"OBJECTID":66,"ID_COBERT":232,"N1_COBERT":2,"N2_COBERT":23,"N3_COBERT":232,"N4_COBERT":0,"NOMENCLAT":232,"AREA_HA":73.275736142400007,"Leyenda_N2":"Pastos","RuleID":25,"Shape_Leng":7273.8458822299999,"LeyendaN3":"Pastos arbolados","Shape_Length":2248.5849721072395,"Shape_Area":165788.9267387513}},{"type":"Feature","id":67,"geometry":{"type":"Polygon","coordinates":[[[-75.81518848539892,5.190700483444938],[-75.815141403281004,5.1909264798845181],[-75.815065260174094,5.1913071937677762],[-75.815065260852109,5.1915736935718053],[-75.815160439206622,5.1917640504451468],[-75.815445974474372,5.1918782645182775],[-75.81559826034281,5.192030551120876],[-75.8158266881847,5.1922018719490239],[-75.816283544117994,5.1921638003207109],[-75.816873650213438,5.1923160855724202],[-75.81708304332011,5.1925445145852365],[-75.817235328416487,5.1925445134964265],[-75.817368578805272,5.1923922290312463],[-75.817654114273623,5.192316085537346],[-75.817882542000191,5.1923351210599948],[-75.81801579169246,5.1926396927393501],[-75.818053863508368,5.1928110136921903],[-75.817996756753331,5.1930204059641261],[-75.817711221613635,5.1932488348858135],[-75.817692185404283,5.1934582271030472],[-75.817719543307987,5.1935348282469391],[-75.817795310871858,5.1934831968956763],[-75.817873831812832,5.1934284771506096],[-75.817990443543366,5.1933452298969112],[-75.818105142001684,5.1932593525975213],[-75.818217870583311,5.193170889799485],[-75.818328569093495,5.1930798896816297],[-75.818433116023741,5.1929899719346828],[-75.818535681889571,5.1928977905439053],[-75.818636217287803,5.1928033873121127],[-75.818727277423051,5.1927140622325965],[-75.818734489022461,5.1926599774237223],[-75.818584581854324,5.1925529016942491],[-75.818413260776026,5.1924386873621771],[-75.818363292326111,5.1923244732803742],[-75.818263354512723,5.1922102590984753],[-75.818234801615262,5.1921317370316862],[-75.818213385982133,5.1920103844616374],[-75.818099173038092,5.1919104474441076],[-75.817963543966769,5.1918247869614245],[-75.81784932937002,5.1916463267951913],[-75.817563793919533,5.1914678676619692],[-75.817335364842464,5.1912251628540975],[-75.817335365025926,5.1911466397470569],[-75.817399610995238,5.1910681172969309],[-75.817463856199907,5.19099673413728],[-75.81747099401602,5.1908896581923241],[-75.817335365543045,5.1908182750738767],[-75.817292535482309,5.1908254130033704],[-75.817128352688556,5.190725476288951],[-75.816978446638629,5.1906398149263167],[-75.816914200193892,5.1905113241853238],[-75.816907062676009,5.1904542164191243],[-75.816999862115225,5.1903114485886599],[-75.817121214368044,5.1902614806841454],[-75.817149767560153,5.1901401281907047],[-75.817135490399366,5.1899616681426082],[-75.816964169524482,5.1898046243899767],[-75.81684995546405,5.1897546555212655],[-75.816607250184049,5.1894619816745067],[-75.816457344679506,5.1893334905615198],[-75.816328853126421,5.1893192147935459],[-75.816193223518511,5.1892621070552831],[-75.816057594342311,5.1891764457121194],[-75.815979072294269,5.1890693711629741],[-75.815964796029206,5.1889694331871246],[-75.815900550669454,5.188876634086248],[-75.815750644302739,5.188790973007376],[-75.815572185156981,5.1887053135456487],[-75.815372310602456,5.1886838983219876],[-75.815293788005036,5.1886482066378585],[-75.815193850689369,5.1886053762038458],[-75.815015391741241,5.1885910995757669],[-75.81492973059899,5.1886553446709218],[-75.814851208341892,5.1887053136850616],[-75.814902985965588,5.1888816906184863],[-75.814891088729553,5.1889887662855791],[-75.814784013309904,5.1892029174062619],[-75.814879191700598,5.1893694793099989],[-75.814902986190333,5.1895360421807224],[-75.814855396569428,5.1898096802096942],[-75.814926781452954,5.1900952150592605],[-75.815010062190581,5.1902617774758948],[-75.815236581920786,5.190469623829963],[-75.81518848539892,5.190700483444938]]]},"properties":{"OBJECTID":67,"ID_COBERT":314,"N1_COBERT":3,"N2_COBERT":31,"N3_COBERT":314,"N4_COBERT":0,"NOMENCLAT":314,"AREA_HA":81.167662628200006,"Leyenda_N2":"Bosques","RuleID":6,"Shape_Leng":20404.0987164,"LeyendaN3":"Bosque de galería y/o ripario","Shape_Length":1747.6434464457191,"Shape_Area":96661.638714707922}},{"type":"Feature","id":68,"geometry":{"type":"Polygon","coordinates":[[[-75.809319097486323,5.1948857502161969],[-75.809393858187804,5.194906712255646],[-75.809527291974163,5.1949409973443998],[-75.80966144132077,5.1949723567655024],[-75.809796240334606,5.1950007745420193],[-75.809931625839567,5.1950262373969114],[-75.810067531962673,5.1950487338730493],[-75.81020389553187,5.1950682515974114],[-75.810340651591858,5.195084782724714],[-75.810477736081012,5.1950983175978456],[-75.810615080453644,5.1951088520034228],[-75.810752622475491,5.1951163817000028],[-75.810890294486526,5.1951208988545989],[-75.811028034284647,5.1951224064572559],[-75.811252880460088,5.1951224066578279],[-75.811350529466054,5.1951216486479508],[-75.811466146307708,5.1951198559599607],[-75.811568727140781,5.1949781968383171],[-75.81167342235743,5.1948068754435566],[-75.811854263097757,5.1946260368826778],[-75.812044619599675,5.1945023038848435],[-75.812168351378773,5.1941977337491823],[-75.812282565879173,5.1940264124516986],[-75.812510993091053,5.1936742523201458],[-75.812596654275922,5.1933982348264305],[-75.812577617675331,5.1930936640528582],[-75.812463404494551,5.1929318600127248],[-75.812292083538296,5.1927129500733162],[-75.812158833386292,5.1925987355042222],[-75.812006548167929,5.1923227172933082],[-75.811939923029527,5.1921038078438011],[-75.811825709013561,5.1919134516507075],[-75.811797155279152,5.1917611655321911],[-75.811835226769801,5.1916279160177128],[-75.811930404882006,5.1914185226736826],[-75.81205413701619,5.1913423802726131],[-75.812234975671544,5.1912852725688241],[-75.812482439754717,5.1912281662242137],[-75.812596654230106,5.1910949164141176],[-75.812606172219546,5.1909807028146542],[-75.812510993230532,5.1907237202060177],[-75.812425332510045,5.1906285419196712],[-75.812396779246853,5.1904572216089235],[-75.812463404732412,5.1902668641969276],[-75.8125871362666,5.1901145784949261],[-75.812815564029464,5.1899432575734581],[-75.812882189367997,5.189848078701222],[-75.812910742870912,5.1897243468021914],[-75.812929778570449,5.1895625436177193],[-75.813091581891271,5.1893817046237816],[-75.813281938184701,5.1893341155228612],[-75.813367598866989,5.1894197752427216],[-75.813358081610048,5.1894959184724803],[-75.813329527659207,5.1896482039683107],[-75.813348563515419,5.1897624177063051],[-75.813443742808303,5.1898004895773564],[-75.813605545353298,5.1898004888876352],[-75.813691205501399,5.1897719358453305],[-75.813843491390955,5.1897148296098532],[-75.8138149374835,5.1896196510126336],[-75.813843491434596,5.1894102583300352],[-75.813938670037359,5.1893817044452959],[-75.814052884731922,5.1894578475392432],[-75.814090955041209,5.1895720613122149],[-75.814090955371256,5.189696558042308],[-75.813939304665936,5.1898928119872201],[-75.813672805529677,5.1899879914260794],[-75.813368233843264,5.1900355799581597],[-75.813063663473059,5.1900546156327874],[-75.812920260649165,5.1901669264293986],[-75.812863153536171,5.1904714975242312],[-75.812958332370783,5.1907379976022234],[-75.813072545972574,5.1910425680544083],[-75.813320644767842,5.1911302814236002],[-75.813475309942476,5.1911659727899018],[-75.813582385691632,5.1910826919378321],[-75.813546693831796,5.1909756158832536],[-75.813427720648477,5.1908209516758603],[-75.81322546674302,5.1907019773190743],[-75.813189774894767,5.1904759292509732],[-75.813308747280303,5.19042833992685],[-75.813475309791684,5.1904759293353093],[-75.813641871162659,5.190654389139751],[-75.813737050627012,5.1907971568716329],[-75.81401068810672,5.1908328483527564],[-75.814236737184501,5.1908209507289405],[-75.814522272322279,5.1907852591610943],[-75.814688834944519,5.1907257721752282],[-75.814902986210967,5.1906781829842688],[-75.81518848539892,5.190700483444938],[-75.815236581920786,5.190469623829963],[-75.815010062190581,5.1902617774758948],[-75.814926781452954,5.1900952150592605],[-75.814855396569428,5.1898096802096942],[-75.814902986190333,5.1895360421807224],[-75.814879191700598,5.1893694793099989],[-75.814784013309904,5.1892029174062619],[-75.814891088729553,5.1889887662855791],[-75.814902985965588,5.1888816906184863],[-75.814851208341892,5.1887053136850616],[-75.814708440972908,5.1887338664460092],[-75.814529980821689,5.1887053129002432],[-75.814269382518205,5.1884822652160718],[-75.813969571604005,5.188567926188183],[-75.813355669829875,5.1887106936549339],[-75.812584725040068,5.1887963542111475],[-75.811456859626119,5.1890390593964373],[-75.810714468140304,5.1890676127470741],[-75.810756501693845,5.1897251602258683],[-75.810902477982594,5.1897338642460884],[-75.810997656897243,5.1897909717564028],[-75.811064281375906,5.1899147029911239],[-75.811016692148286,5.190162167122752],[-75.811026209820852,5.1902858995439001],[-75.811007174288974,5.1906285417214413],[-75.811007174026159,5.1908093814068721],[-75.811140424065769,5.1911139519857086],[-75.811292709090992,5.191313826437022],[-75.811330781026953,5.1914756303298075],[-75.811254638611715,5.1916564692843759],[-75.811197531525039,5.1920181471687332],[-75.811064281256236,5.1922370578411483],[-75.810931031029298,5.1923607898927049],[-75.810769227844744,5.1926082531209499],[-75.8105788706076,5.1928081281423459],[-75.81041706794089,5.1929318599386347],[-75.810131532666404,5.1932078775741273],[-75.81005539000472,5.1934267879757972],[-75.809931657490466,5.1936171451534099],[-75.80971274714544,5.1938741264657668],[-75.809569979207652,5.1940549658897117],[-75.809370104788655,5.1944071261791089],[-75.809322515973989,5.1947592861578054],[-75.809319097486323,5.1948857502161969]]]},"properties":{"OBJECTID":68,"ID_COBERT":233,"N1_COBERT":2,"N2_COBERT":23,"N3_COBERT":233,"N4_COBERT":0,"NOMENCLAT":233,"AREA_HA":21.491336481200001,"Leyenda_N2":"Pastos","RuleID":26,"Shape_Leng":3623.8907672300002,"LeyendaN3":"Pastos enmalezados","Shape_Length":3357.5440296757192,"Shape_Area":183277.35477904457}},{"type":"Feature","id":69,"geometry":{"type":"MultiPolygon","coordinates":[[[[-75.810770149728313,5.1899386681755768],[-75.810759349677397,5.1900574715130956],[-75.810751114221858,5.1901480604733337],[-75.810726143533884,5.1904643593832489],[-75.810724453167722,5.1904857740416386],[-75.810720695903143,5.1905333633808066],[-75.810694007576657,5.1908714160614737],[-75.810789186181793,5.1912902020495082],[-75.810655935511221,5.1916899514648973],[-75.810427507519435,5.19214680829519],[-75.810180044162749,5.1923371650243029],[-75.810008234098177,5.1924967020955153],[-75.80991354398806,5.1925846289582731],[-75.809723186779792,5.1928891992976327],[-75.809608972360422,5.1933079844118106],[-75.80938054459503,5.1936696637030719],[-75.809209223623839,5.1940884474631197],[-75.809152116093415,5.1945643407849991],[-75.809123906391719,5.1948276293009226],[-75.809129388241161,5.1948294281353782],[-75.809261202244201,5.1948695165883363],[-75.809319097486323,5.1948857502161969],[-75.809322515973989,5.1947592861578054],[-75.809370104788655,5.1944071261791089],[-75.809569979207652,5.1940549658897117],[-75.80971274714544,5.1938741264657668],[-75.809931657490466,5.1936171451534099],[-75.81005539000472,5.1934267879757972],[-75.810131532666404,5.1932078775741273],[-75.81041706794089,5.1929318599386347],[-75.8105788706076,5.1928081281423459],[-75.810769227844744,5.1926082531209499],[-75.810931031029298,5.1923607898927049],[-75.811064281256236,5.1922370578411483],[-75.811197531525039,5.1920181471687332],[-75.811254638611715,5.1916564692843759],[-75.811330781026953,5.1914756303298075],[-75.811292709090992,5.191313826437022],[-75.811140424065769,5.1911139519857086],[-75.811007174026159,5.1908093814068721],[-75.811007174288974,5.1906285417214413],[-75.811026209820852,5.1902858995439001],[-75.811016692148286,5.190162167122752],[-75.811064281375906,5.1899147029911239],[-75.810997656897243,5.1897909717564028],[-75.810902477982594,5.1897338642460884],[-75.810756501693845,5.1897251602258683],[-75.810770149728313,5.1899386681755768]]],[[[-75.812044619599675,5.1945023038848435],[-75.811854263097757,5.1946260368826778],[-75.81167342235743,5.1948068754435566],[-75.811568727140781,5.1949781968383171],[-75.811466146307708,5.1951198559599607],[-75.811657482337495,5.195116889524769],[-75.811782983022908,5.1951136913794462],[-75.811908394160824,5.1951079933109243],[-75.812033667058145,5.195099794633264],[-75.812158753963502,5.1950891036956799],[-75.812162406604344,5.1950887176965557],[-75.812273047264696,5.1949448847894821],[-75.812482439552937,5.1945641707563013],[-75.812529275585177,5.1944662858098125],[-75.812582813370739,5.1943830039555499],[-75.812672043215301,5.1943592093872111],[-75.812749375742314,5.1943532610084056],[-75.812838605814022,5.1944008496046621],[-75.812921886878414,5.1944484394023167],[-75.812957579072929,5.1945317210414741],[-75.812915937433729,5.194632847848454],[-75.812927835545537,5.1947637177264729],[-75.812915937880632,5.1948588959337823],[-75.812915938645716,5.1949702097205313],[-75.812992863308722,5.194954017845423],[-75.813139519708898,5.1949213154295864],[-75.813217438423905,5.1949019788150546],[-75.813223664428236,5.1949010028107363],[-75.813284754366208,5.1946566414737587],[-75.813284754132695,5.1945019766136538],[-75.813225268146255,5.1943235178351355],[-75.81320147311574,5.1941331612983666],[-75.813225268492502,5.1938357279302725],[-75.813224831692281,5.1935172070736124],[-75.813243866732591,5.1931936006012487],[-75.813281939009499,5.192927101469107],[-75.813186761010797,5.1927177080520908],[-75.813015439531867,5.1925273520464099],[-75.81292026072957,5.1921656736653903],[-75.812939296685457,5.1917659237995855],[-75.812977367413936,5.1914042461833025],[-75.813072545972574,5.1910425680544083],[-75.812958332370783,5.1907379976022234],[-75.812863153536171,5.1904714975242312],[-75.812920260649165,5.1901669264293986],[-75.813063663473059,5.1900546156327874],[-75.813368233843264,5.1900355799581597],[-75.813672805529677,5.1899879914260794],[-75.813939304665936,5.1898928119872201],[-75.814090955371256,5.189696558042308],[-75.814090955041209,5.1895720613122149],[-75.814052884731922,5.1894578475392432],[-75.813938670037359,5.1893817044452959],[-75.813843491434596,5.1894102583300352],[-75.8138149374835,5.1896196510126336],[-75.813843491390955,5.1897148296098532],[-75.813691205501399,5.1897719358453305],[-75.813605545353298,5.1898004888876352],[-75.813443742808303,5.1898004895773564],[-75.813348563515419,5.1897624177063051],[-75.813329527659207,5.1896482039683107],[-75.813358081610048,5.1894959184724803],[-75.813367598866989,5.1894197752427216],[-75.813281938184701,5.1893341155228612],[-75.813091581891271,5.1893817046237816],[-75.812929778570449,5.1895625436177193],[-75.812910742870912,5.1897243468021914],[-75.812882189367997,5.189848078701222],[-75.812815564029464,5.1899432575734581],[-75.8125871362666,5.1901145784949261],[-75.812463404732412,5.1902668641969276],[-75.812396779246853,5.1904572216089235],[-75.812425332510045,5.1906285419196712],[-75.812510993230532,5.1907237202060177],[-75.812606172219546,5.1909807028146542],[-75.812596654230106,5.1910949164141176],[-75.812482439754717,5.1912281662242137],[-75.812234975671544,5.1912852725688241],[-75.81205413701619,5.1913423802726131],[-75.811930404882006,5.1914185226736826],[-75.811835226769801,5.1916279160177128],[-75.811797155279152,5.1917611655321911],[-75.811825709013561,5.1919134516507075],[-75.811939923029527,5.1921038078438011],[-75.812006548167929,5.1923227172933082],[-75.812158833386292,5.1925987355042222],[-75.812292083538296,5.1927129500733162],[-75.812463404494551,5.1929318600127248],[-75.812577617675331,5.1930936640528582],[-75.812596654275922,5.1933982348264305],[-75.812510993091053,5.1936742523201458],[-75.812282565879173,5.1940264124516986],[-75.812168351378773,5.1941977337491823],[-75.812044619599675,5.1945023038848435]]]]},"properties":{"OBJECTID":69,"ID_COBERT":314,"N1_COBERT":3,"N2_COBERT":31,"N3_COBERT":314,"N4_COBERT":0,"NOMENCLAT":314,"AREA_HA":21.2357507969,"Leyenda_N2":"Bosques","RuleID":6,"Shape_Leng":6508.4754038499996,"LeyendaN3":"Bosque de galería y/o ripario","Shape_Length":3325.0515714749399,"Shape_Area":84745.688389970281}},{"type":"Feature","id":70,"geometry":{"type":"Polygon","coordinates":[[[-75.836528030023317,5.1187486892470799],[-75.836631080134225,5.1186355675576509],[-75.836678670058944,5.1185118355930888],[-75.836792883661019,5.1183881039046062],[-75.836897580254259,5.1184261749332425],[-75.836878544033567,5.1185499068624765],[-75.836878544692354,5.1186831567726641],[-75.836840473495315,5.1189020675369612],[-75.836830955088942,5.1191209773752098],[-75.836897581164948,5.1192161560882807],[-75.83696420589618,5.11938747758985],[-75.837002276870635,5.1195397625178041],[-75.837098942664085,5.1197394396817133],[-75.837227433576615,5.1198679301000691],[-75.837370200815712,5.1200106969686034],[-75.837384477926733,5.1202391261447566],[-75.837498691472106,5.1203961704574619],[-75.837527245239414,5.1206103221012356],[-75.837641459490698,5.1208101968533182],[-75.837784227051941,5.1208387502459844],[-75.837941271103034,5.1209815176373716],[-75.838069762366175,5.1209957944668139],[-75.838283914011782,5.1209957952005905],[-75.838426682290361,5.1210529023728109],[-75.838540895306309,5.1210671782739094],[-75.838697939910674,5.1208387502174446],[-75.838897814353928,5.1206388758910535],[-75.838997752511503,5.1205246612977469],[-75.839197627012453,5.1202819565124056],[-75.839411778441146,5.1202391256346438],[-75.83959737623465,5.1203533401871004],[-75.839825804262844,5.1204390013169387],[-75.84009706295825,5.1205960445563781],[-75.840325491325885,5.1206103219791039],[-75.840482536111139,5.1205817685858932],[-75.84052536644333,5.1204961073911299],[-75.84042542863159,5.1203818934488279],[-75.840325490803153,5.1202819568826339],[-75.840211277566922,5.119967867324025],[-75.840097062717021,5.1196537785921752],[-75.839882911712664,5.1195110103734889],[-75.839597376017863,5.119411072909644],[-75.839454608494506,5.11931113629457],[-75.839411778071238,5.1190969851283272],[-75.839240458013165,5.118854279724772],[-75.838983475382847,5.1186258511043654],[-75.838783601032944,5.1183974229661393],[-75.838740770311276,5.1180547810366717],[-75.838598002828206,5.1178977360606046],[-75.838412404718341,5.1178263530307815],[-75.838198253781343,5.1173980493893705],[-75.838255360610148,5.1171553445816746],[-75.838112592169765,5.1170411307377863],[-75.837941271420817,5.11689836288196],[-75.837912717445889,5.1167698722624158],[-75.838012655776069,5.1167270416373567],[-75.838326744018573,5.116798425693081],[-75.838555172685076,5.1170411308112902],[-75.838583725646174,5.1171981752923603],[-75.838797878256088,5.1174408802234401],[-75.839054859057299,5.1175836473740972],[-75.839154796702388,5.117726414959443],[-75.839154796689812,5.1179548438443616],[-75.839183349615212,5.1181547177593778],[-75.839368948271897,5.1184116997424978],[-75.839611653718734,5.1184830838585],[-75.839954295181485,5.1185830212250876],[-75.840211277142828,5.1186258510360156],[-75.840453982234123,5.1187686190772608],[-75.840539643091262,5.1189256636750136],[-75.840896562367547,5.1189256638073797],[-75.841110713256455,5.118811449274645],[-75.841453355621113,5.118911387413295],[-75.841738891222136,5.1188971102761149],[-75.841910212877409,5.118768618536401],[-75.84219574761083,5.1186686823271774],[-75.842381345901245,5.1187115127291305],[-75.839754245932994,5.1168692527986508],[-75.838596323496134,5.1160776305671023],[-75.83776757077473,5.1153153489686263],[-75.837070060326994,5.1146894696544392],[-75.836920469527755,5.1148566601296839],[-75.83650933685945,5.1152445403084812],[-75.836507637588625,5.1152498773639463],[-75.836221508756665,5.1161484681298273],[-75.835935973892717,5.1167909217924707],[-75.83591874042888,5.1168201442337713],[-75.835660924637594,5.1172573090861331],[-75.836044827516019,5.1180165841052574],[-75.836463613465725,5.1185495829761161],[-75.836528030023317,5.1187486892470799]]]},"properties":{"OBJECTID":70,"ID_COBERT":232,"N1_COBERT":2,"N2_COBERT":23,"N3_COBERT":232,"N4_COBERT":0,"NOMENCLAT":232,"AREA_HA":22.064740334500001,"Leyenda_N2":"Pastos","RuleID":25,"Shape_Leng":3178.2560777799999,"LeyendaN3":"Pastos arbolados","Shape_Length":3178.2560777848103,"Shape_Area":220732.08779646916}},{"type":"Feature","id":71,"geometry":{"type":"Polygon","coordinates":[[[-75.833320291644256,5.1371382819677649],[-75.834022893015486,5.1374566585019315],[-75.834623491366457,5.1377735809916398],[-75.834895384806742,5.1378171678882332],[-75.835268479915868,5.1373442647861554],[-75.836494762109695,5.1346848326798895],[-75.836851681082621,5.1338139492334403],[-75.837415311686058,5.132418794506413],[-75.837348686342835,5.1324568655821343],[-75.837177365777308,5.1324092754840409],[-75.837101221761458,5.1322474729584036],[-75.837101222407625,5.1320190446492351],[-75.837082187236874,5.1317906159758655],[-75.837082186738456,5.1314860457984235],[-75.837015561936056,5.1312766527743578],[-75.836939420043478,5.1310577421294612],[-75.836834723668588,5.1310482244421332],[-75.836770188242397,5.1309929082351742],[-75.836758977249815,5.1308681788166757],[-75.836753027638906,5.1307789483544912],[-75.836645952109279,5.1306421291444027],[-75.836515082151024,5.1305647969752668],[-75.836431800398273,5.1305231571591765],[-75.836354468861288,5.1304101325353235],[-75.836309290988552,5.1303417056123193],[-75.836006756337014,5.1310179588795766],[-75.835626043136855,5.131627100753084],[-75.83531261973333,5.1318972935242542],[-75.835074008036742,5.1321029935059297],[-75.834194174020126,5.1325171323480951],[-75.834155652037794,5.1327097407382363],[-75.834096574148447,5.1333005151028628],[-75.834065827790596,5.1336079705342383],[-75.83392211130257,5.1342816437789836],[-75.83379636003815,5.134649916072183],[-75.833472993298102,5.135152926582303],[-75.833532116701846,5.135605560040343],[-75.833646330743989,5.1358910950660448],[-75.833646331467591,5.136481201402308],[-75.833567207991678,5.1366921963090615],[-75.833563687489672,5.1367015838414742],[-75.833475010267676,5.1369380576560832],[-75.833320291644256,5.1371382819677649]]]},"properties":{"OBJECTID":71,"ID_COBERT":221,"N1_COBERT":2,"N2_COBERT":22,"N3_COBERT":221,"N4_COBERT":2212,"NOMENCLAT":2212,"AREA_HA":19.315051015200002,"Leyenda_N2":"Cultivos permanentes","RuleID":13,"Shape_Leng":2039.6835558299999,"LeyendaN3":"Caña","Shape_Length":2039.6835558329662,"Shape_Area":193223.18890839929}},{"type":"Feature","id":72,"geometry":{"type":"Polygon","coordinates":[[[-75.835318319443161,5.1411481731096647],[-75.836167357560683,5.1415584569884416],[-75.836646058349118,5.1416942598799285],[-75.83668175158445,5.1415479232038601],[-75.836696027921349,5.141376601664656],[-75.836678181731401,5.1410946357361977],[-75.836710303996909,5.1408947612095979],[-75.836813811096391,5.1407519932641694],[-75.836938732311111,5.1406342093070547],[-75.837092208593376,5.140519995262979],[-75.837292082745691,5.1403986433674316],[-75.83745269665998,5.1403129831366918],[-75.837488388220024,5.1401951987288435],[-75.837417004789899,5.1400809851735101],[-75.837252821310003,5.1400096012546177],[-75.837099346726092,5.1399810480354553],[-75.836953009127683,5.1399417867811987],[-75.836867349010532,5.1398347107372615],[-75.836810241368582,5.139677666226401],[-75.836735288668336,5.1395277607475336],[-75.836542552576731,5.1393207480402134],[-75.836360523342066,5.1391137345670108],[-75.83627843188421,5.1389459829245485],[-75.836160649012811,5.1388103527426416],[-75.836039296712897,5.1387960764442315],[-75.835925081814949,5.1388496149983345],[-75.835839421792997,5.1389673975640635],[-75.835732345671786,5.139195825173573],[-75.835561024625292,5.1394385313421465],[-75.83545037969057,5.1395884375212955],[-75.835339734846926,5.1397668959289975],[-75.835314750816835,5.140045293376998],[-75.835314750344494,5.1404664582936865],[-75.835304043085017,5.140702024013966],[-75.835329027421949,5.1409732832271251],[-75.835318319443161,5.1411481731096647]]]},"properties":{"OBJECTID":72,"ID_COBERT":223,"N1_COBERT":2,"N2_COBERT":22,"N3_COBERT":223,"N4_COBERT":2235,"NOMENCLAT":2235,"AREA_HA":4.4476605507900002,"Leyenda_N2":"Cultivos permanentes","RuleID":2,"Shape_Leng":893.55464754800005,"LeyendaN3":"Aguacate","Shape_Length":893.55464754764728,"Shape_Area":44493.435727833406}},{"type":"Feature","id":73,"geometry":{"type":"MultiPolygon","coordinates":[[[[-75.837070060326994,5.1146894696544392],[-75.83776757077473,5.1153153489686263],[-75.838596323496134,5.1160776305671023],[-75.839754245932994,5.1168692527986508],[-75.842381345901245,5.1187115127291305],[-75.842766818800186,5.1187828958022772],[-75.843032449173876,5.1187297694015594],[-75.843025037661164,5.1186944302234743],[-75.842993761392819,5.118559940578761],[-75.842959565620205,5.1184261662381791],[-75.842922468657903,5.1182931712971502],[-75.842882486115926,5.1181610198630691],[-75.842839638103669,5.1180297742154952],[-75.842793945639897,5.1178994984378079],[-75.842779212572353,5.117860180175243],[-75.8431365220694,5.1175619300444186],[-75.84321539706751,5.1174960872514932],[-75.843241629415971,5.1174934976115507],[-75.84337836916697,5.1174769658963628],[-75.843514716167505,5.1174574484538455],[-75.843650605536766,5.1174349519009139],[-75.84379139380934,5.1174084066092922],[-75.843931543180915,5.1173786642655212],[-75.844276566865162,5.117301333329924],[-75.84447474112126,5.1172535349474586],[-75.844671272478166,5.1171993477081497],[-75.844865956534093,5.117138826759895],[-75.845058590734638,5.117072037185479],[-75.845107891163167,5.1170534324198469],[-75.845034828402888,5.1168859505383351],[-75.844849230542451,5.1164398005069422],[-75.844595818380625,5.1159365456332688],[-75.844263882983498,5.1154761187870754],[-75.843817733927011,5.1150228316430946],[-75.843432262593126,5.1146694818255769],[-75.842975404825822,5.1143946544721848],[-75.842668455062864,5.1143018548601722],[-75.842200890500578,5.1143125632011035],[-75.841754742030261,5.1144303456940996],[-75.841397822446837,5.1144803142122592],[-75.841187240183146,5.1144446225165181],[-75.841005211356077,5.1142875785617061],[-75.84076607607318,5.1139021051935529],[-75.840409156813919,5.1132989123619375],[-75.84016645177492,5.1128135023315471],[-75.840097705537517,5.1127152987856919],[-75.839972771277019,5.1127461031867476],[-75.839915581472667,5.112748301927927],[-75.839457222896286,5.1127659315609435],[-75.838938251718375,5.1130673053954494],[-75.838633680775459,5.1132957326478872],[-75.8382529683998,5.1135241618838965],[-75.83781514647653,5.1139048755593715],[-75.837244077031286,5.1144949810001838],[-75.837070060326994,5.1146894696544392]]],[[[-75.842966693244136,5.1189542177468743],[-75.842599811633917,5.1189641329173661],[-75.842741574050763,5.1191283515685946],[-75.843165377802151,5.1196862557353793],[-75.843162724677669,5.1196513835405932],[-75.843150824017997,5.1195145652322331],[-75.843137312213258,5.1193766892644943],[-75.843120795351211,5.1192391430161672],[-75.843101280937077,5.1191019924385843],[-75.843078776475963,5.1189653034830895],[-75.843073669602404,5.1189380088790202],[-75.842966693244136,5.1189542177468743]]]]},"properties":{"OBJECTID":73,"ID_COBERT":221,"N1_COBERT":2,"N2_COBERT":22,"N3_COBERT":221,"N4_COBERT":2212,"NOMENCLAT":2212,"AREA_HA":53.639367915299999,"Leyenda_N2":"Cultivos permanentes","RuleID":13,"Shape_Leng":4595.7268343200003,"LeyendaN3":"Caña","Shape_Length":2660.3414661077773,"Shape_Area":287995.56328785606}},{"type":"Feature","id":74,"geometry":{"type":"Polygon","coordinates":[[[-75.840097705537517,5.1127152987856919],[-75.84016645177492,5.1128135023315471],[-75.840409156813919,5.1132989123619375],[-75.84076607607318,5.1139021051935529],[-75.841005211356077,5.1142875785617061],[-75.841187240183146,5.1144446225165181],[-75.841397822446837,5.1144803142122592],[-75.841754742030261,5.1144303456940996],[-75.842200890500578,5.1143125632011035],[-75.842668455062864,5.1143018548601722],[-75.842975404825822,5.1143946544721848],[-75.843432262593126,5.1146694818255769],[-75.843817733927011,5.1150228316430946],[-75.844263882983498,5.1154761187870754],[-75.844595818380625,5.1159365456332688],[-75.844849230542451,5.1164398005069422],[-75.845034828402888,5.1168859505383351],[-75.845107891163167,5.1170534324198469],[-75.845187493817818,5.1170233913104495],[-75.84519449327,5.1170205734278884],[-75.84508003839079,5.1167467517267395],[-75.84474096618338,5.1160697951860969],[-75.844512537154387,5.1156700451101775],[-75.844194879501927,5.115256019634205],[-75.843995004517637,5.1150382986466685],[-75.84359525511654,5.1146849482129531],[-75.843263320602958,5.1144779360707249],[-75.842995631193446,5.1143173222065776],[-75.842692250182381,5.1142066778679158],[-75.842374591818086,5.1142138148609577],[-75.841971272549273,5.114274491243795],[-75.841749983045247,5.1143351678982354],[-75.841485862601104,5.1143851368741533],[-75.841264572932417,5.1143851360301751],[-75.841032575824158,5.1142459383610479],[-75.840846976886283,5.1138568966254008],[-75.840667997546689,5.1135413266703083],[-75.840575718659949,5.1133786244789459],[-75.8404222437063,5.1130823818212461],[-75.840205933243723,5.112688612565842],[-75.840097705537517,5.1127152987856919]]]},"properties":{"OBJECTID":74,"ID_COBERT":122,"N1_COBERT":1,"N2_COBERT":12,"N3_COBERT":122,"N4_COBERT":1221,"NOMENCLAT":1221,"AREA_HA":34.396807477700001,"Leyenda_N2":"Zonas industriales o comerciales y redes de comunicación","RuleID":30,"Shape_Leng":80451.701627000002,"LeyendaN3":"Red vial y territorios asociados","Shape_Length":1655.7010049471726,"Shape_Area":7940.9363709380586}},{"type":"Feature","id":75,"geometry":{"type":"Polygon","coordinates":[[[-75.846432200414185,5.1110479995325235],[-75.846606070123045,5.1110202400009346],[-75.846739320328538,5.1111249361482987],[-75.846834498766711,5.1113057754075104],[-75.84691064159108,5.11147709599775],[-75.84695823020121,5.1116293822302783],[-75.846996302647554,5.1117816673377057],[-75.847034373903142,5.1119720244193525],[-75.847081962929167,5.1121433461406225],[-75.847253284012282,5.1122956311620484],[-75.847405570057049,5.1124479166219956],[-75.847529301847715,5.1126097196784377],[-75.847595926542468,5.1127715234052085],[-75.847691104976462,5.1128857374627552],[-75.847776765432727,5.1129999513121263],[-75.847776764728934,5.1131427191180041],[-75.847900497940344,5.1132664509196744],[-75.847957604229649,5.1134187370394253],[-75.848043265460518,5.1135424689954805],[-75.848147960971957,5.1135424690218096],[-75.848271693757923,5.1135615039657996],[-75.848319282080823,5.1136852360995064],[-75.848290728885758,5.1137804150071258],[-75.848290728496949,5.1138565570788561],[-75.848366871135411,5.1139422186373338],[-75.848519156984338,5.1139993258966117],[-75.848618754548781,5.1139993249742384],[-75.848677339623862,5.113894030597387],[-75.848763048573574,5.1137287331488466],[-75.848843868616044,5.1135609771171717],[-75.848919730994041,5.1133909101461965],[-75.849098187569268,5.1129745090128074],[-75.849166627994251,5.1128083447429615],[-75.849230337141535,5.1126402987885546],[-75.849276027458274,5.1125100207212721],[-75.849318872874022,5.1123787745664862],[-75.849358851125871,5.1122466218889553],[-75.849395946277312,5.1121136278409702],[-75.849430137860452,5.1119798521713236],[-75.849461412651195,5.1118453618279061],[-75.849489751992579,5.1117102183592378],[-75.84951514625844,5.1115744868892294],[-75.849537579516209,5.1114382334737112],[-75.849557043029151,5.1113015205208026],[-75.84957023355048,5.1111918262970635],[-75.849760580862338,5.1110918604713271],[-75.849874923567555,5.1110302990624854],[-75.849987979362623,5.1109663940996368],[-75.850106497615343,5.1108960443485323],[-75.85022345657444,5.1108231181429282],[-75.850338801409976,5.1107476518844894],[-75.850452476386621,5.110669681074949],[-75.850564428469596,5.1105892403001087],[-75.850674602853289,5.1105063713849441],[-75.850782950117051,5.110421110706902],[-75.850889414561976,5.1103335019027005],[-75.850993947685097,5.1102435849612933],[-75.851000119092987,5.1102380373237377],[-75.850795952703848,5.1101483273274768],[-75.850657993301752,5.1100642380057835],[-75.850094566697535,5.1097208179537947],[-75.850087423861979,5.1097164648317879],[-75.850046420793021,5.1096914731684375],[-75.849796576725879,5.1095629827159232],[-75.849773606688032,5.1095574697206088],[-75.849618117401917,5.1095201495641183],[-75.849339719707302,5.1095701205549098],[-75.848997077942059,5.1095772575915337],[-75.848775786853807,5.1095487029172713],[-75.848504529704172,5.1094202147400356],[-75.848304655510574,5.1092346136397637],[-75.848126194798027,5.1089205271680331],[-75.847947736034456,5.1086349888556253],[-75.847851568502975,5.1082943963197689],[-75.847782086256032,5.1080483123645601],[-75.847776416415826,5.1080282290691574],[-75.847647922632774,5.1074357424295913],[-75.847547986597775,5.1070930991309673],[-75.847469463880699,5.1069431927612658],[-75.847395375527825,5.1069008560022118],[-75.847319558279594,5.1068575335018958],[-75.847141097800233,5.1068147027692881],[-75.846941225022377,5.1067932876518869],[-75.846869839820258,5.1067647370660261],[-75.846798455813811,5.1066790725967444],[-75.846769903709514,5.1065434430364975],[-75.846707003639438,5.1064418419226447],[-75.846677101682914,5.1063935401417195],[-75.846570027708012,5.10632215314366],[-75.846458170552197,5.1063165598266789],[-75.846427258870662,5.1063150148056771],[-75.846181108296008,5.106279324875743],[-75.846048074284795,5.1062044933092485],[-75.846034465553728,5.1061863470185589],[-75.845898411901814,5.106004941773147],[-75.845782005785182,5.1057721349077365],[-75.845848521311225,5.1055808985043782],[-75.844908972056899,5.1055808983846251],[-75.845000436047386,5.105979998527185],[-75.844967175769682,5.1066617938971461],[-75.844952818594237,5.1067251353388006],[-75.844903625196366,5.1069421678252187],[-75.844825828876878,5.1072853910027218],[-75.844724207154016,5.1074978734579668],[-75.8447881621113,5.1074605671602109],[-75.845054662620214,5.1075176740236454],[-75.84521646541225,5.1076033344440104],[-75.845387786462595,5.1078222440263552],[-75.845502001009621,5.107917423078896],[-75.845673321709455,5.108031637340626],[-75.845816089461536,5.1080982614334234],[-75.845825795366807,5.1081155156902271],[-75.845825606705475,5.108117297241396],[-75.845825607368099,5.1083647613306677],[-75.845882714890635,5.1085170472565569],[-75.845977892658169,5.1086407785232719],[-75.846025482164436,5.1088216188568181],[-75.846063553329287,5.1089643860195864],[-75.846035000194149,5.1091166715748662],[-75.845939822287036,5.109240403522608],[-75.845863679192746,5.1093451003888308],[-75.845768500327665,5.109468832351542],[-75.845559108042536,5.1094783499111225],[-75.845368751439892,5.1094212420449709],[-75.845254536842191,5.109268956401265],[-75.845149840460394,5.1090881171432097],[-75.844988037206605,5.1089072790439154],[-75.844750090978692,5.1087074041384497],[-75.844559734484932,5.1085836726865814],[-75.844436001909145,5.1084409046884138],[-75.84437889482129,5.1083076540218757],[-75.844369377628809,5.108174404665113],[-75.844445519927888,5.1079840473443827],[-75.844559733890378,5.1078888690093915],[-75.844604724048253,5.107708910252911],[-75.844310324142555,5.1080253883511011],[-75.844205105194447,5.1080441376617083],[-75.844047902786826,5.1080721494510462],[-75.843634499652907,5.1081458107879563],[-75.843381647957628,5.108214770123066],[-75.843392036045117,5.1083497096868662],[-75.843529099911464,5.1085507559309127],[-75.84366235013475,5.1086554523821865],[-75.843814635047096,5.1087030416419807],[-75.843976438702228,5.108731594621819],[-75.844071616992963,5.1088838810938677],[-75.844052581537895,5.1090076123440866],[-75.844033546172767,5.1091979695152343],[-75.844043064028767,5.1092931486268167],[-75.844138242161364,5.109407362050348],[-75.844176314507578,5.1095596468722411],[-75.844138241669981,5.1097214515036127],[-75.844147760689978,5.1097880758579626],[-75.84429052735824,5.109826147240649],[-75.844442812924555,5.109864218828406],[-75.844671241544532,5.1099498790377575],[-75.844794974268808,5.1101021650355092],[-75.844966294226069,5.110330593577026],[-75.845080509027952,5.1105590214871777],[-75.845147133509215,5.1107493779360347],[-75.845280383220341,5.1108635918852396],[-75.845442187103075,5.1109492526588962],[-75.845566569300004,5.1109449636333251],[-75.845718204980372,5.1109397346272658],[-75.845956149750478,5.110882628074072],[-75.846203614633225,5.1108921465497632],[-75.846384453857084,5.1109968420911409],[-75.846432200414185,5.1110479995325235]]]},"properties":{"OBJECTID":75,"ID_COBERT":232,"N1_COBERT":2,"N2_COBERT":23,"N3_COBERT":232,"N4_COBERT":0,"NOMENCLAT":232,"AREA_HA":147.45878088699999,"Leyenda_N2":"Pastos","RuleID":25,"Shape_Leng":9445.9313295899992,"LeyendaN3":"Pastos arbolados","Shape_Length":3467.4260200320655,"Shape_Area":281856.3046434166}},{"type":"Feature","id":76,"geometry":{"type":"Polygon","coordinates":[[[-75.819412874665844,5.1734824137128239],[-75.819650762223759,5.1737526867401877],[-75.819876810529479,5.1740501185719552],[-75.820067168109006,5.1743475509876724],[-75.820162346637389,5.1745617020247296],[-75.820340806746557,5.1747044707636034],[-75.820543059870673,5.1748353406841776],[-75.820566854908648,5.1750256980410034],[-75.820650136665691,5.175180362459761],[-75.820781007104443,5.1752636435760078],[-75.82093567141662,5.1752874383186587],[-75.821126028082702,5.1753469248534234],[-75.821328282918515,5.1755372821578245],[-75.821578125646852,5.1757752280839098],[-75.821827969457118,5.1757871246160745],[-75.822434731580088,5.1757633305875244],[-75.822851137573707,5.1758109196715276],[-75.823148569997343,5.1758942011504399],[-75.823255645433647,5.1761678381323986],[-75.823231850821699,5.1763938874267312],[-75.823112877608338,5.1766080398162924],[-75.822898726140224,5.1767151148748418],[-75.822822000743145,5.1768137615238734],[-75.822796326068669,5.1769109682898211],[-75.822788712493647,5.1769756894352676],[-75.822815445750251,5.1770601366437612],[-75.822958212874283,5.1772980826644499],[-75.823089083415297,5.1776193093831617],[-75.823184261909716,5.1778929486848044],[-75.823327030087398,5.1780833051494737],[-75.823469797275379,5.1781070995074723],[-75.823553078929109,5.1780476134408966],[-75.823600667375118,5.1779405373912715],[-75.823683949175162,5.1777025908741336],[-75.823814819109188,5.1775955155987701],[-75.824005176058179,5.1776074123831899],[-75.824171738644992,5.1776787972457994],[-75.824397787139787,5.177702591216045],[-75.824611938695796,5.1776431048421081],[-75.824802296027414,5.1775479262840518],[-75.824933166463509,5.1773218782887636],[-75.82512352287371,5.1771910071260772],[-75.825278187126969,5.1770363429609851],[-75.825504236398743,5.1768340881593353],[-75.825706490161593,5.1767627038917015],[-75.826003923150665,5.1765485527824833],[-75.82617048493087,5.1762868120335037],[-75.8265749941975,5.1761202500679104],[-75.826801043443027,5.1761797359645394],[-75.827038988757579,5.1760964545373538],[-75.827122270798057,5.1759298925382105],[-75.827132492578656,5.1757254378658839],[-75.827163113042999,5.1756885636311729],[-75.827214509298798,5.17566714869481],[-75.827240207568749,5.1756628649939476],[-75.827294459749908,5.1756657204352354],[-75.827428094569655,5.1757183215231271],[-75.827452208385068,5.1757496696157803],[-75.827469534326312,5.1757242758971085],[-75.827544805422733,5.1756086209942858],[-75.827617541214465,5.1754913476393778],[-75.827687709491315,5.1753725111163522],[-75.827725398112932,5.1753061417655584],[-75.827758707569828,5.1752466518898697],[-75.827820335026558,5.1751339206974132],[-75.8278796642321,5.1750199595873791],[-75.827936674648498,5.1749048129441304],[-75.827991341253963,5.1747885305956096],[-75.82804363990833,5.1746711578460864],[-75.828093551003406,5.1745527454031581],[-75.828141053111821,5.1744333403667389],[-75.828186127531069,5.1743129943442092],[-75.82823182228833,5.17418271681235],[-75.828274671794574,5.1740514703304497],[-75.828314654695205,5.1739193182685925],[-75.828351752336431,5.1737863230807495],[-75.828385948777168,5.1736525490166239],[-75.828417226265231,5.1735180585260325],[-75.828445568855543,5.1733829149546198],[-75.828470963323824,5.1732471852515616],[-75.828474564383413,5.1732265062836005],[-75.828486464520921,5.1731575060452544],[-75.828508060421555,5.1730237729166602],[-75.828526795443437,5.1728896078366944],[-75.828542663546685,5.172755071394775],[-75.828555655085026,5.1726202241963977],[-75.828565766735295,5.1724851295305108],[-75.828572991563945,5.1723498497982465],[-75.828577327133232,5.1722144446687999],[-75.828578772832643,5.1720789792267698],[-75.828577054221441,5.1719313990131699],[-75.828574673863002,5.1718290787010552],[-75.828569936485977,5.1716905738403618],[-75.828562177581475,5.1715522044997835],[-75.828541892948223,5.1712496537442671],[-75.828558674801229,5.1712274307790453],[-75.828680299777233,5.1710546596898599],[-75.828796099875419,5.1708779138367964],[-75.829043814325473,5.1704857037094509],[-75.829081940492244,5.1704253264925075],[-75.829149733045568,5.1703155066794535],[-75.829215274556731,5.1702043229530821],[-75.829288993789675,5.1700727046977715],[-75.829359561478256,5.1699393595580672],[-75.829426938313105,5.1698043681592702],[-75.829491085858407,5.1696678047951998],[-75.829624333033067,5.169375122119277],[-75.829675077445259,5.1692606762482285],[-75.829723554482797,5.1691452461867833],[-75.829769743611806,5.1690288772229405],[-75.829813626999183,5.1689116137286586],[-75.829856200542082,5.1687905324777708],[-75.82989631530792,5.1686686089035438],[-75.829933957106192,5.1685458954968357],[-75.829969108124033,5.1684224411489428],[-75.830023835854618,5.1682225718373136],[-75.830061200981874,5.1680795873223175],[-75.830095228320388,5.1679357671202748],[-75.830125896584462,5.1677911899671907],[-75.830153189897814,5.1676459345748391],[-75.830185301052836,5.1674443891566559],[-75.830190296529992,5.1674094210561163],[-75.830281183318263,5.1673465747881018],[-75.830372609380717,5.1672809194177072],[-75.830462853440878,5.1672136404459597],[-75.830551889449836,5.1671447596840467],[-75.830583299029129,5.167120010063269],[-75.83074029265839,5.1669921728361814],[-75.830747211158652,5.166986223039129],[-75.830729235712411,5.1669682473690672],[-75.830429423357089,5.1669539714266763],[-75.830143888148939,5.1669682481137826],[-75.829958290041091,5.1669254168818597],[-75.829929736160366,5.1667112657805898],[-75.83010105778115,5.1665827753878935],[-75.830243826009962,5.166497114825007],[-75.830172441420814,5.1662401325531793],[-75.830086780792229,5.1660545346674338],[-75.830229548264469,5.1658403828242108],[-75.830286656094913,5.1655834019841729],[-75.830143888037995,5.1653835264897943],[-75.830172441861876,5.1651265447144121],[-75.830400869618828,5.1649552238415621],[-75.830429423466455,5.1647981793183222],[-75.83057219126762,5.1646125817336541],[-75.83077206595587,5.1646982425229693],[-75.830914833020017,5.1648552862284012],[-75.831143261107101,5.1650837147032833],[-75.831148135070364,5.1650950842209458],[-75.831128985378413,5.1651265449655694],[-75.831200369215807,5.1655691246572912],[-75.831271753335088,5.1657975525243112],[-75.831314582831268,5.1659974271857374],[-75.831271752770661,5.166368623875619],[-75.831290596035302,5.1664691204577391],[-75.831336867196313,5.1664195875311245],[-75.831428810353088,5.1663167576967242],[-75.831518492508096,5.1662119439010326],[-75.83158974470355,5.1661252556597219],[-75.831659451407234,5.1660373142498077],[-75.831727591102776,5.1659481468855013],[-75.831794141368277,5.165857779881132],[-75.831859082506654,5.1657662440584371],[-75.831922393005641,5.1656735675354666],[-75.831984052258647,5.1655797793301188],[-75.832044042359755,5.1654849075442844],[-75.832073542702574,5.1654373287819135],[-75.832179233331118,5.1652605019453688],[-75.832262197518915,5.1651118434771277],[-75.832281236668862,5.1650766228946132],[-75.832356633576296,5.1649327763768476],[-75.832428321947106,5.164787034627401],[-75.832496256250508,5.164639498185406],[-75.832560390927739,5.1644902612625883],[-75.832576570486935,5.1644512407042944],[-75.832629546543515,5.1643193176786779],[-75.832679553036527,5.1641862346260554],[-75.832725248001324,5.1640559576323621],[-75.832768095969911,5.163924711695592],[-75.83280807919428,5.1637925601694183],[-75.832845176312176,5.1636595646157302],[-75.832879371382759,5.1635257892839723],[-75.832910647563637,5.1633912984275234],[-75.832938988913995,5.1632561562956685],[-75.832964384894339,5.1631204253056646],[-75.832989727839674,5.1629650396233053],[-75.833011208537272,5.1628090700800513],[-75.833028812998919,5.1626526143610745],[-75.833042530826589,5.162495766519716],[-75.83304823951093,5.1624196161335592],[-75.833056009593975,5.1623011248602007],[-75.833061562153986,5.1621825097067209],[-75.833064892857095,5.1620638095605784],[-75.833066000999693,5.1619450687165687],[-75.833065047330408,5.1618350771215562],[-75.833062187886043,5.1617251193430418],[-75.833060814939529,5.1616855643146806],[-75.833063315510756,5.1615354329976366],[-75.8329587902371,5.1614578818304011],[-75.832844575642582,5.161272284379864],[-75.83261614768378,5.1611437940119353],[-75.832401996211999,5.1611580698936539],[-75.832330612373894,5.1613722209271664],[-75.832373443002311,5.1615292657407874],[-75.832230674618089,5.1617291405830699],[-75.832159291296833,5.1619718457491892],[-75.832045077350358,5.1621574440635607],[-75.831859479145081,5.1624001491528473],[-75.831730988203191,5.1624715324365695],[-75.831531114038825,5.162414425739434],[-75.831374069710307,5.1621717200444301],[-75.831274131948518,5.1620003992197514],[-75.831288408128529,5.1616720332932093],[-75.831202748530103,5.1614293289552853],[-75.831059980717882,5.1611009629281268],[-75.831002873933656,5.1608868117958071],[-75.830688784055624,5.1606726595424863],[-75.830488909247691,5.160415678652881],[-75.830317588563133,5.1602871873150749],[-75.830074883582299,5.1600873119285637],[-75.82997494598979,5.1599302680457573],[-75.830074883711134,5.1597732235845024],[-75.830289035112642,5.1598160533763906],[-75.830503186441774,5.1599159913458292],[-75.830674507162968,5.1601158657295558],[-75.830788722531707,5.1602871874203133],[-75.831002873594258,5.1604156783079533],[-75.831159917729153,5.1607012142373057],[-75.831245578394189,5.1609153654326958],[-75.831416899435695,5.1611009627330482],[-75.831502560140862,5.1613579445241777],[-75.831602497471096,5.1616149267491096],[-75.831745265213172,5.1618148012399399],[-75.831888033234137,5.161829078081027],[-75.832002247283029,5.1617434177766635],[-75.832016524187424,5.1614721584176655],[-75.832016523507377,5.1612865608721661],[-75.832030800116499,5.1611437935901838],[-75.83224495199994,5.1610010248799645],[-75.832416273068333,5.1608868115258817],[-75.832644701555481,5.1608582586656162],[-75.832873129537987,5.1609010886619817],[-75.833048814372731,5.1610044330682898],[-75.833046990319104,5.1609725164051801],[-75.83303634866887,5.1608372021144815],[-75.833022816839488,5.1607021483945932],[-75.833013305329473,5.160616479818688],[-75.832987884785666,5.1604165159002067],[-75.832956126656171,5.1602174642900103],[-75.83293072809289,5.1600817349388883],[-75.832902384907158,5.1599465918077039],[-75.832871105511273,5.1598121017479777],[-75.832836908218525,5.1596783279513394],[-75.832799808633453,5.1595453327175411],[-75.832759824179604,5.1594131819539539],[-75.832728049918927,5.1593158643520152],[-75.83275255080909,5.1592820730037952],[-75.832801347402807,5.1592133567985945],[-75.832869195074238,5.1591178066645318],[-75.832954783745336,5.1589941864569857],[-75.833037418060002,5.1588685636843294],[-75.833117050530888,5.1587410045455648],[-75.833193635509929,5.1586115833666613],[-75.833254665902345,5.1585031483995429],[-75.833313558811227,5.1583935306975484],[-75.833389707025475,5.1582483895322682],[-75.833446234521489,5.1581380366580651],[-75.833510472897942,5.158009546498727],[-75.833516775468453,5.1579964729470849],[-75.83360661485716,5.157967923034378],[-75.833728404539642,5.1579264617326688],[-75.833856896070486,5.1578812517708803],[-75.833892868365808,5.1578683595008439],[-75.833991388521838,5.1578407334991869],[-75.834123196169344,5.1578006457048833],[-75.8342541002757,5.1577576838312664],[-75.834384037827533,5.1577118698551283],[-75.834417669169881,5.1576994878823479],[-75.834511590577605,5.1576646084765185],[-75.834636057850062,5.1576168799651407],[-75.834759492868372,5.1575665283415271],[-75.834881840733544,5.1575135755461252],[-75.835003046554661,5.1574580453272363],[-75.835123055448975,5.1573999632409322],[-75.835241817041577,5.157339354823181],[-75.835359273745226,5.1572762456421675],[-75.835475377008407,5.1572106657452972],[-75.835505347003306,5.1571932082876968],[-75.835583168064431,5.1571475888457048],[-75.835712030885546,5.1570699650577456],[-75.835839014768439,5.1569892898711176],[-75.835964048671357,5.1569056042812225],[-75.836078285218505,5.1568251378472452],[-75.836042571579071,5.1567179962931524],[-75.836071125221153,5.1565895055395758],[-75.836256723565597,5.1566608885896086],[-75.836375106163956,5.1566016982298093],[-75.836413081343665,5.1565715040101727],[-75.836502995864819,5.1564972647983991],[-75.836595441980975,5.156417751649097],[-75.836580953970525,5.1563940440958094],[-75.836419151434228,5.1562227221252543],[-75.836190722723487,5.1560894732922113],[-75.836038437419461,5.1559086337273889],[-75.835857598428717,5.1558229743809481],[-75.835543509633126,5.1558039375475673],[-75.835267492592536,5.1558229729285463],[-75.835105688330614,5.1558800807328371],[-75.834962921261564,5.1558229733366483],[-75.834915331348924,5.1556706875110629],[-75.834772563433077,5.1556135809444426],[-75.834563170903834,5.1555945455977552],[-75.834296671407856,5.1556230988643348],[-75.834115832381386,5.1556040634519729],[-75.834020654038156,5.1555279201933475],[-75.833849332998483,5.1554422600998873],[-75.833744636091765,5.1553565993174688],[-75.833639940416361,5.1552519027585184],[-75.833601869313796,5.1551757605351387],[-75.833563798420599,5.1549679545134817],[-75.833440065454383,5.1549108466851008],[-75.833268744758513,5.1547109718318032],[-75.833087905998369,5.1545301334683833],[-75.83290706658471,5.1544920617725882],[-75.832716708897792,5.1543778478419027],[-75.832507316600413,5.1541113476199287],[-75.832469245742772,5.1538924374823507],[-75.832431174399233,5.1537020805151847],[-75.832316959812204,5.1535402770204852],[-75.83232647835483,5.1533213672044917],[-75.832364549113422,5.1531690814383673],[-75.832278888925416,5.15301679644113],[-75.832145639476906,5.1529596880001618],[-75.832021907256902,5.1528454741176581],[-75.83192672890516,5.1528454741510279],[-75.831726853645819,5.1528359575580325],[-75.831536497086546,5.1528264382769269],[-75.831317587197589,5.1528074030151183],[-75.831146265313905,5.152759814055468],[-75.830993979854441,5.1527598142422439],[-75.830708444464761,5.1526455999978786],[-75.830508569737958,5.1526075288363051],[-75.830203998706722,5.1527217426953182],[-75.829975570069436,5.1529977603451718],[-75.829661481882894,5.1532166704473132],[-75.829318838994837,5.1533594378158272],[-75.828985714260753,5.1534450986669365],[-75.828766804111297,5.1533404027721188],[-75.82869302478332,5.15306822480939],[-75.828590259852319,5.1531314652868794],[-75.828176234462092,5.1534027286135622],[-75.82816717994298,5.154073276762607],[-75.828157662391334,5.1546633827698924],[-75.828072002136295,5.1552439712154001],[-75.827776948589062,5.1558340780747649],[-75.827243949738886,5.1564051478668507],[-75.826991262455891,5.1565436135038327],[-75.826869910414231,5.156836290791964],[-75.826591511279119,5.1573359780156602],[-75.826371557763864,5.1576978371151787],[-75.826148933203555,5.1580640886006828],[-75.825921370492452,5.1584093574954348],[-75.825776456051585,5.1589008065401938],[-75.825876393195188,5.1592720018091693],[-75.825962054223908,5.1595432605725895],[-75.826076268959383,5.160000117232947],[-75.826404634581223,5.1605283582331323],[-75.826832936521939,5.1609423833633095],[-75.826918598002933,5.1613421333675387],[-75.827037878923889,5.1613282510687419],[-75.82721871765024,5.161356804298058],[-75.827390038954405,5.1613568040747042],[-75.827428110488157,5.1614234293957493],[-75.827361485786696,5.161623303729999],[-75.827275825328982,5.161766072201635],[-75.827256789169752,5.1621277493593078],[-75.82725678925263,5.162213411086146],[-75.827199682036834,5.1623942497157103],[-75.827199681651933,5.1625941237747375],[-75.82715209194393,5.1627559275688117],[-75.827161610570968,5.1629082134618498],[-75.827114021025281,5.1631080880469344],[-75.826971253710823,5.1632698910934707],[-75.826857039083905,5.1633174802193187],[-75.826676200266178,5.1634412121569655],[-75.826609575894892,5.1635268724549288],[-75.826504878866487,5.1637267484420528],[-75.826466808347448,5.1638695156406706],[-75.826295486441907,5.1639932476774755],[-75.826247898027063,5.1641264973403729],[-75.826371629288033,5.1642978183503452],[-75.826533432843263,5.1644691395937938],[-75.826609575803062,5.1645928718420082],[-75.82672379011926,5.1647166034399197],[-75.826895110120603,5.1648403363008661],[-75.827104503218749,5.1650687632762642],[-75.827209200060878,5.1652210488342236],[-75.827380520435909,5.165335263065618],[-75.82754232492222,5.1654304413241219],[-75.827723163016344,5.1655161021570306],[-75.827894484751624,5.1655541737446606],[-75.827970627229959,5.1656779056134834],[-75.827970627362646,5.1657826022024738],[-75.827818341052932,5.1658397089993446],[-75.827589913072657,5.1658301913434954],[-75.827361485570208,5.1656303161467561],[-75.82717112791623,5.1654209235568365],[-75.826933181937463,5.1652591205856275],[-75.826742825334634,5.1652020135869936],[-75.826571503592191,5.1651163524278925],[-75.826476326021606,5.1649545492633555],[-75.826409700736036,5.1647070854046193],[-75.826257416064138,5.164535765122598],[-75.826086094163216,5.1644691395552522],[-75.825981397333877,5.1644691395606053],[-75.825829112185076,5.1645928708624949],[-75.825772004652549,5.1647737105944609],[-75.825867183469768,5.1649545489285416],[-75.826057540055345,5.1650116571782538],[-75.826219343332923,5.1651163534092079],[-75.826343075824369,5.1652876734109894],[-75.826428736290794,5.1654018882430339],[-75.826476325767146,5.1654970669288032],[-75.826476325259776,5.1655732094275502],[-75.826305005043523,5.1656398341439926],[-75.826152718933557,5.1655256197111203],[-75.826009951355303,5.1652971919444317],[-75.825800559043017,5.1650782819100698],[-75.825600684096145,5.1649450318492676],[-75.825324666488797,5.1648974428280567],[-75.825200934985759,5.1649926210107893],[-75.825086720617577,5.1651734602594601],[-75.825010577417231,5.165363817369574],[-75.824962987740847,5.1655446563734575],[-75.824744078326972,5.1656207986937535],[-75.824487096703535,5.1658968159985159],[-75.824382400076004,5.1659539235172485],[-75.824240369910669,5.1659498836469444],[-75.824240096713567,5.1659549676685161],[-75.824220288819902,5.1663247239577794],[-75.824034690902891,5.166952902371726],[-75.823649218657124,5.1675810799101729],[-75.823220915228347,5.1679951062419471],[-75.822792612148646,5.1685947297506161],[-75.822564183980305,5.1689802030134109],[-75.822464247263795,5.1695084433815817],[-75.822378585512794,5.1707790751342859],[-75.822464246355253,5.1718498326514686],[-75.822378586172803,5.1723637971103553],[-75.822292925514063,5.1726207781352542],[-75.821850345812976,5.1730348043439562],[-75.821493426124178,5.1732346786542882],[-75.820893801754067,5.1731204649860922],[-75.820251348489862,5.1729205902197801],[-75.819837322578891,5.1727778232821704],[-75.819623169698318,5.1728492067959717],[-75.819480402833065,5.1731061883209559],[-75.819412874665844,5.1734824137128239]],[[-75.824719740328078,5.1745524781932977],[-75.824626940957444,5.1744454022085939],[-75.824598387632946,5.1743169111035048],[-75.824519865173329,5.1742598039492265],[-75.824434204705966,5.1742526662777921],[-75.824312852082272,5.1742740820848772],[-75.824227191540302,5.1743169109786118],[-75.824134391851643,5.1742383891368897],[-75.824077286151805,5.1741313128777655],[-75.824027317257134,5.1740599299390286],[-75.823941656899976,5.1740599296234011],[-75.823891687093209,5.1741527286035609],[-75.823863134270738,5.1742098361588269],[-75.82376319656241,5.1742383896143584],[-75.82369895146249,5.1741527294319711],[-75.823684674437743,5.1740313761314578],[-75.823656121123733,5.1739457158522848],[-75.823599013619415,5.1738315011523364],[-75.823520492153818,5.1738315014704437],[-75.823434830980091,5.1738957471079887],[-75.823320616622397,5.1738814698665543],[-75.823299201824028,5.1737672559544405],[-75.823327755295239,5.1736887342627069],[-75.823249233346814,5.1734745831632978],[-75.823156434746181,5.1733318149880665],[-75.823056496716575,5.173210462015728],[-75.822999389838131,5.1731248023731133],[-75.823020804277036,5.173032002365975],[-75.823113604641932,5.1729891725908441],[-75.823235345794686,5.1730413480947783],[-75.823384861835677,5.1732033241550184],[-75.823463384834611,5.1733104000104211],[-75.823656120991387,5.17341747549363],[-75.823855995284802,5.1735316890339487],[-75.824027316684337,5.1736387649160918],[-75.824170084824473,5.1737172872416934],[-75.824284298709969,5.1738172244500751],[-75.824412790333653,5.1738600553747629],[-75.824605525684888,5.173959992052251],[-75.824669771853834,5.1740527913265471],[-75.824712602022473,5.1741812829140459],[-75.824848231176503,5.1742954968811796],[-75.825019552480185,5.1743811572755645],[-75.825048106131746,5.1744739566223181],[-75.824948168296373,5.1745382019525747],[-75.82483395418933,5.174538201743867],[-75.824719740328078,5.1745524781932977]],[[-75.826168832334631,5.1739742695259805],[-75.826083171441653,5.1739385769346571],[-75.825968956934062,5.1739528544437263],[-75.825811912613602,5.1739599922083199],[-75.825719113833259,5.173881470672967],[-75.82570483724858,5.1737529792871149],[-75.825726251313881,5.1736173502937559],[-75.82570483716286,5.1734603057803836],[-75.825626315556235,5.1732961228317595],[-75.825583484755569,5.1731819089480231],[-75.825462132345777,5.173096248000923],[-75.825326502352382,5.1730177257700403],[-75.825062381999388,5.1729534811595492],[-75.824955307595545,5.1729320655908548],[-75.824905337781601,5.1728535434830203],[-75.824805401187234,5.1727678826189694],[-75.824691186802283,5.1727321914148812],[-75.824555557813952,5.1726536680153892],[-75.824398513260846,5.1725822844030738],[-75.824255745578625,5.1724537936001553],[-75.824127253961777,5.1723895483543298],[-75.824077285845874,5.172353857063186],[-75.824120116424652,5.1722396424138894],[-75.824198638309312,5.1722824730909389],[-75.8242842986065,5.1723538569316991],[-75.824398513150911,5.1724609325850519],[-75.824505588968862,5.1725180400034745],[-75.824643596861122,5.1725180392104591],[-75.824791123635876,5.1725608702650687],[-75.825062383186477,5.1726536682390476],[-75.825155181802671,5.1727393292568022],[-75.825319364261063,5.1727536066192688],[-75.825497823783593,5.1727821601868191],[-75.825590623228138,5.1728107135110077],[-75.825804773725167,5.1729035118337077],[-75.825854742766225,5.1730819713815483],[-75.825861881486389,5.1732675687333209],[-75.825968957572599,5.1734246133158228],[-75.826040341599395,5.1735102738243661],[-75.826111724749751,5.1735959352220338],[-75.826147417167661,5.1736815958986542],[-75.826204524075209,5.1737958101299508],[-75.826268769458096,5.173888609127637],[-75.826261630962478,5.1739528543288218],[-75.826168832334631,5.1739742695259805]],[[-75.825798159698877,5.1725799688224017],[-75.825700601426206,5.1724372007989423],[-75.825614941411004,5.1724372005905161],[-75.825491208709295,5.1723705761112919],[-75.825396030346056,5.1722563615609305],[-75.825143807191608,5.1721159736029918],[-75.8250367312328,5.1720445905143677],[-75.82491775852435,5.1719256169855417],[-75.824834477710411,5.1717471574732903],[-75.824715504486463,5.1715686979876043],[-75.824537044964472,5.1714616222366132],[-75.824477558232672,5.1713902382909067],[-75.824513250485779,5.1712950597539615],[-75.824632223094781,5.1712831623739897],[-75.824882067066312,5.17140213552321],[-75.825036731595958,5.1715092115090018],[-75.825203294323799,5.1716757735406],[-75.825262781419838,5.1718185407283981],[-75.825369856534778,5.1719137197511023],[-75.825512623736842,5.1719137202089707],[-75.825750569876178,5.1718066440767005],[-75.825833850926216,5.1717114656935834],[-75.825939605377513,5.1716585885941226],[-75.82595282372634,5.1716638763702738],[-75.826048002255888,5.1717590540731848],[-75.826059899966083,5.1718899243528966],[-75.826214564958306,5.1719613091221142],[-75.826285948444806,5.1719494112857261],[-75.826404921896454,5.1720207952430188],[-75.826333538061434,5.172127870536996],[-75.826369230191588,5.1722230496102055],[-75.8265001008225,5.1723063303724928],[-75.826630970735721,5.1724134061236615],[-75.826773737851767,5.172472892903424],[-75.826880814178864,5.1724490981558402],[-75.827023581660654,5.1724966873485396],[-75.827047376239975,5.1726870443731299],[-75.827190143447481,5.1728655042955145],[-75.827249630309268,5.1731272442758902],[-75.8272139389871,5.1732700119275483],[-75.82720204121955,5.1734008825119409],[-75.827273425440538,5.1735198561780509],[-75.827178247461433,5.1736031370333349],[-75.82690460913372,5.1736388291097644],[-75.826738046496018,5.1735555479445123],[-75.826559586903898,5.1735436506762191],[-75.826393024659026,5.1734484718619296],[-75.826250257841053,5.1733413959219954],[-75.826214565260159,5.1731986285996738],[-75.826166975802366,5.1730082718483006],[-75.82601231096379,5.1728655038800291],[-75.825905235550181,5.1726870442553503],[-75.825798159698877,5.1725799688224017]],[[-75.828415566088708,5.1697246153585166],[-75.828260900880764,5.1697127184648206],[-75.828022956327473,5.1697603073753235],[-75.82790398273994,5.1697959984097013],[-75.82767793336167,5.1697127185201648],[-75.827570857785418,5.1697008206138646],[-75.827380500716728,5.1697841019198059],[-75.827225836017249,5.1698078972990249],[-75.827023581140395,5.1698435882402025],[-75.826880814256043,5.1697722054984174],[-75.826749944106211,5.1696413344904899],[-75.826738045753174,5.1695342584010087],[-75.82671425199139,5.1693676962641737],[-75.826749943892224,5.1692725178409189],[-75.826619073195872,5.1691892368036374],[-75.826488202948639,5.1692249281882896],[-75.82642871680288,5.1693795936656626],[-75.826333538242807,5.1695104642065992],[-75.826226462034711,5.1695937444006681],[-75.825976619515075,5.1696413341367711],[-75.825845747900502,5.1695818479793356],[-75.825691084051471,5.169498567055812],[-75.825512624752463,5.1693557987644132],[-75.825417446203346,5.1691773398415384],[-75.825262781465725,5.1690226744525605],[-75.825155704903892,5.1689869818936423],[-75.825036732126549,5.168820420660559],[-75.824917758955337,5.1686419600302198],[-75.824751196586931,5.1684516041739421],[-75.824608428727757,5.1682969387538265],[-75.824537045094473,5.1681065825664048],[-75.824477558920833,5.1679638141128637],[-75.824370482626335,5.1678329436897164],[-75.824299098970656,5.1678329444433126],[-75.824310996223133,5.1680233009004093],[-75.824406174229225,5.1681541710051873],[-75.824513250588495,5.1684040140602532],[-75.82457273686606,5.1686181659005435],[-75.824632223665262,5.1688204201729908],[-75.824656018174892,5.1689750860612378],[-75.824667915686931,5.1690940581198177],[-75.824644120871397,5.1692130310669153],[-75.824501352863891,5.1692963119514337],[-75.824394277550027,5.1691773391958238],[-75.824382379615656,5.1689988803133726],[-75.824418072390117,5.1687252414618712],[-75.82437048357734,5.1684872957270649],[-75.82429909909024,5.1682255551504985],[-75.824144434864237,5.1680470959320246],[-75.824025461652354,5.1678805333636033],[-75.823977871715854,5.1677258684860359],[-75.823954076671654,5.1675712033591559],[-75.824049255368664,5.1674522297016168],[-75.824275304541402,5.1674760247882743],[-75.824418072189459,5.1675117168432037],[-75.824725937237758,5.1675647961711082],[-75.824941553102548,5.1676782784588475],[-75.825036731992626,5.1677377650314673],[-75.825262780652338,5.1677258680025373],[-75.825393650797395,5.167618791823001],[-75.825584007554994,5.1675949980588856],[-75.825726776024538,5.1676068956110734],[-75.825929029742795,5.1676425869651812],[-75.826095592176273,5.1677020733055263],[-75.826309743818896,5.1677734573621885],[-75.826476305626116,5.167749662743967],[-75.826726148850426,5.1677615599052329],[-75.826904608393747,5.1677258679499092],[-75.826987890182096,5.1677258680859444],[-75.827130657307478,5.1677734578325563],[-75.827071170961702,5.167963813948103],[-75.826880814326856,5.1679638140644748],[-75.82673804686732,5.1679757118559548],[-75.826523894332567,5.1679281221443087],[-75.826333538520331,5.1679281220862112],[-75.826048002622159,5.1679995056830652],[-75.825893338564768,5.1680351980499699],[-75.825643494632175,5.1680351981392878],[-75.825512623375616,5.1679281225029836],[-75.825405548366291,5.167856738201607],[-75.825215191517415,5.1679043279251262],[-75.825001040675957,5.1679995062098332],[-75.824810683689662,5.1680470949475152],[-75.824858272067999,5.1682493488811518],[-75.824929656206663,5.1682850415434611],[-75.825048629632988,5.1683564253133767],[-75.825108116027096,5.168546781942899],[-75.825215191678609,5.1686538579355377],[-75.825334164731046,5.168713344067867],[-75.825465034841926,5.1688085230481891],[-75.825560212481932,5.1690345711987806],[-75.825643494800346,5.1691535448764849],[-75.825762467369145,5.1693320043042155],[-75.825929029720982,5.1693320046437936],[-75.826143181005747,5.1692249283555638],[-75.826309743217195,5.1690702635626131],[-75.82647630599655,5.1689750854543606],[-75.826678560425933,5.1689750855640657],[-75.826845122337261,5.169034571479652],[-75.826952198148248,5.169117852849431],[-75.827023582002568,5.1691654426715612],[-75.826987889855744,5.16929631272136],[-75.826880813920837,5.1694033879877956],[-75.826868916622033,5.16953425857377],[-75.826975993057815,5.1696294364975479],[-75.827059273796976,5.1696413340057461],[-75.82721393903303,5.1695461563312124],[-75.827356706269043,5.1694390808847785],[-75.827547063139349,5.1694152862734031],[-75.82772552218853,5.1694866696045052],[-75.827999160715535,5.1694985672695619],[-75.828284696652489,5.1694509766417616],[-75.828463155560087,5.1694390799401795],[-75.828582128582809,5.1695342586090112],[-75.828724896104106,5.1697008208512685],[-75.828736793723849,5.1699030757798843],[-75.828736793916036,5.1699863555329433],[-75.828582128678548,5.1699744587560277],[-75.828546436420154,5.1698554858245718],[-75.828415566088708,5.1697246153585166]]]},"properties":{"OBJECTID":76,"ID_COBERT":231,"N1_COBERT":2,"N2_COBERT":23,"N3_COBERT":231,"N4_COBERT":0,"NOMENCLAT":231,"AREA_HA":228.05716414599999,"Leyenda_N2":"Pastos","RuleID":27,"Shape_Leng":17913.2783347,"LeyendaN3":"Pastos limpios","Shape_Length":15271.583567624688,"Shape_Area":1819781.1301811279}},{"type":"Feature","id":77,"geometry":{"type":"Polygon","coordinates":[[[-75.840667997546689,5.1135413266703083],[-75.840846976886283,5.1138568966254008],[-75.841032575824158,5.1142459383610479],[-75.841264572932417,5.1143851360301751],[-75.841485862601104,5.1143851368741533],[-75.841749983045247,5.1143351678982354],[-75.841971272549273,5.114274491243795],[-75.842374591818086,5.1142138148609577],[-75.842692250182381,5.1142066778679158],[-75.842995631193446,5.1143173222065776],[-75.843263320602958,5.1144779360707249],[-75.84359525511654,5.1146849482129531],[-75.843995004517637,5.1150382986466685],[-75.844194879501927,5.115256019634205],[-75.844512537154387,5.1156700451101775],[-75.84474096618338,5.1160697951860969],[-75.84508003839079,5.1167467517267395],[-75.84519449327,5.1170205734278884],[-75.845315306257817,5.1169719381853458],[-75.845441969561165,5.1169177015733931],[-75.845567422534089,5.116860706153763],[-75.845691604904303,5.1168009811210693],[-75.845814459997641,5.1167385538461518],[-75.845935926640635,5.1166734535276275],[-75.846055947285805,5.1166057138675844],[-75.846174467066277,5.1165353631326971],[-75.846291426643859,5.1164624377446986],[-75.846354607844319,5.1164211010260576],[-75.84627040294157,5.1163719824142699],[-75.846103840717049,5.1163243923358133],[-75.8457350243809,5.1160388568812873],[-75.845556564735901,5.1158722954609397],[-75.845473283506394,5.1156819384334824],[-75.845390002360617,5.1154558893447639],[-75.845401899854323,5.1152893270410491],[-75.845544667882095,5.1151703538053335],[-75.845770715436444,5.1151465597958001],[-75.845889688837872,5.1152655323254068],[-75.846068148810616,5.1153488141705417],[-75.846365581066379,5.1155034789845457],[-75.846532143923568,5.1155510681956624],[-75.84669870555895,5.1155867600277993],[-75.846972344015342,5.1156224520978908],[-75.847132958408352,5.1158187587827317],[-75.847222272608747,5.1157369505803318],[-75.847349659722212,5.1156135195656365],[-75.847473543236532,5.1154865526530076],[-75.847693465932451,5.1152547375998854],[-75.847591004372575,5.1150870733359328],[-75.847614798283743,5.1147539492887404],[-75.84756720935674,5.1145397967323953],[-75.847412544663925,5.1143851322391205],[-75.847245982218638,5.1143375431238498],[-75.847067522407301,5.1143137481538519],[-75.846960446136706,5.1140520084143439],[-75.847055625407819,5.1138735476233483],[-75.847330677669916,5.1137973489334367],[-75.847202987827586,5.1136047319148874],[-75.846793720985218,5.112852822414375],[-75.846736613867805,5.1126529476052003],[-75.84671757828157,5.1124435544266085],[-75.846708060703762,5.112015252226862],[-75.846593846751233,5.1115964669004432],[-75.846403488966203,5.1112347882449036],[-75.846270239317505,5.111139609331512],[-75.846156025043072,5.1110634663552501],[-75.845984703614349,5.1110158785319113],[-75.845851453982803,5.1110253954959957],[-75.845556400326132,5.1110539496229128],[-75.845404115862479,5.1110539487171369],[-75.845261348518179,5.1109778066379841],[-75.845090027237433,5.110825521527083],[-75.844966294326838,5.1105970925081916],[-75.844804491345243,5.1103686642527446],[-75.844661724323899,5.1101687892974335],[-75.844442813790309,5.1100545755504294],[-75.844281010734235,5.1099784334683287],[-75.844188339414643,5.1099475429144601],[-75.84408129874727,5.110137794307029],[-75.84402181252608,5.1102329731450871],[-75.843938531494544,5.1103400491604942],[-75.843890942296426,5.1104352267445039],[-75.843890941975076,5.1106136871060936],[-75.843879045052191,5.1108159407340255],[-75.843819558297369,5.1110300922808527],[-75.843724380556253,5.1111609625185874],[-75.843474535793192,5.1113156276835845],[-75.843367460369464,5.1115178815638558],[-75.843307973703119,5.1117439305520183],[-75.843248487937402,5.1119699795525317],[-75.843248487893476,5.1121603364644859],[-75.843153308369764,5.1123031041424696],[-75.842974849312043,5.1124101795595669],[-75.842820184330975,5.1126600226525394],[-75.84268931420101,5.1128503800100615],[-75.842272908475039,5.113135915038499],[-75.841749426484711,5.1134333478281375],[-75.841178356361496,5.113528526290553],[-75.840667997546689,5.1135413266703083]]]},"properties":{"OBJECTID":77,"ID_COBERT":221,"N1_COBERT":2,"N2_COBERT":22,"N3_COBERT":221,"N4_COBERT":2212,"NOMENCLAT":2212,"AREA_HA":67.594827869300005,"Leyenda_N2":"Cultivos permanentes","RuleID":13,"Shape_Leng":6418.6019950299997,"LeyendaN3":"Caña","Shape_Length":2806.9722426418566,"Shape_Area":258714.70737395089}},{"type":"Feature","id":78,"geometry":{"type":"Polygon","coordinates":[[[-75.831565050611005,5.1521601901097132],[-75.831517461735814,5.1524362078852528],[-75.831593604914048,5.1525789746924611],[-75.831802996444864,5.1526170464812289],[-75.832098050332704,5.152607528198196],[-75.832259853394575,5.1525218673749142],[-75.83246924584985,5.1524647610391527],[-75.832735744975651,5.1524171716548741],[-75.832964173126655,5.1523029572004777],[-75.833183084065524,5.1521982609565473],[-75.833449583417888,5.1521221181982417],[-75.833601869835604,5.1519983865437693],[-75.833611387291882,5.1517794769584686],[-75.83369704827669,5.1515510478199706],[-75.834039690305374,5.1513892443148475],[-75.834163422579465,5.1514368340597816],[-75.834163421549604,5.1515415301350336],[-75.834087279235618,5.1516842980569031],[-75.834058725360421,5.151808029676042],[-75.834030172322372,5.1520840471624387],[-75.834001618330532,5.1522648859952094],[-75.83398258263027,5.1523695828611746],[-75.833830297321597,5.1524362074001404],[-75.833716083493314,5.1523410288516738],[-75.833573315589703,5.1524266891472124],[-75.833573315279864,5.152540903591893],[-75.833639940724268,5.152797886073901],[-75.833592351556263,5.1529501707766512],[-75.833440065672164,5.1529882421595339],[-75.833354404607903,5.1527788493020772],[-75.833354405104643,5.1526075285075965],[-75.83322115561424,5.1525599395274932],[-75.833068869911102,5.1526360822792991],[-75.832745263880014,5.1526360824483586],[-75.832469246189333,5.152626564532933],[-75.832393103388497,5.1527693325272361],[-75.832421656390736,5.152883545520023],[-75.832507317435685,5.1530834203318436],[-75.832592978052261,5.1532166704091438],[-75.832612014019176,5.1533879914556184],[-75.832659602820229,5.1535973842215519],[-75.832735745555283,5.1536925626461993],[-75.832859477421977,5.1539400264899582],[-75.8329546558857,5.1541874909756507],[-75.833106941943171,5.1543112229383858],[-75.833297299036786,5.1544064009830572],[-75.833440065607419,5.1544730255286364],[-75.833535244230021,5.1546253119598671],[-75.833649458954199,5.1547014536810627],[-75.833811261590398,5.1548061505518969],[-75.833868368061857,5.1549013285820182],[-75.83384933310181,5.1549679540191846],[-75.833839815706554,5.1551186525655224],[-75.833896922695459,5.1552423855294247],[-75.833982583700703,5.1552804564304662],[-75.834153904112355,5.1554041888684186],[-75.834277636371738,5.1553946709735197],[-75.834572689610383,5.1553470812215121],[-75.834696420822524,5.1552804560958858],[-75.834858224883348,5.1552994913328618],[-75.834886778399664,5.1553661168678007],[-75.835000992194026,5.1553946711572847],[-75.835267491916241,5.155328046238937],[-75.835438812950557,5.1552043139676869],[-75.835543509832661,5.1551567244091645],[-75.83559109882097,5.1552423847081155],[-75.835524473341579,5.1553565988603145],[-75.835514956358509,5.1554993671021085],[-75.835591098935552,5.1555850274219885],[-75.835857597479389,5.155604063361646],[-75.836086026857203,5.1555850268610577],[-75.836247830062845,5.1555945451896514],[-75.83635252653319,5.1555755094903235],[-75.836495294129762,5.1555755094586928],[-75.836733239852933,5.1556802060695919],[-75.837152025334092,5.1557944196781778],[-75.83716940564932,5.1558465625134913],[-75.837191501458094,5.1558218500702706],[-75.837281183476733,5.1557170340422784],[-75.837361910525402,5.1556185800300263],[-75.837403212490528,5.1555660874868217],[-75.837385212666277,5.1554160862065457],[-75.837366177298989,5.1551210327825139],[-75.837385211510238,5.1549116403135224],[-75.83729003436224,5.1545594798995689],[-75.837242444880175,5.1543500865508687],[-75.837356659117404,5.1540645522189612],[-75.837394730432464,5.1538170874898892],[-75.83745183702446,5.1535220349365947],[-75.837423283691479,5.1532079458084556],[-75.837347140727715,5.152884339248204],[-75.837385211329803,5.152636875456361],[-75.837527980004651,5.1524845901379397],[-75.837708818560642,5.1525797686028607],[-75.837823033589729,5.152827231445742],[-75.837842068756146,5.1529414454710158],[-75.837813515030348,5.1531318030929505],[-75.837784962107108,5.1533316771983735],[-75.837842068312966,5.1534649277716644],[-75.838003871726102,5.1536362486552338],[-75.838308442734444,5.153664802205844],[-75.83855590720502,5.153664802672024],[-75.838784335575937,5.1536172125941162],[-75.838889031236448,5.153426855815848],[-75.838889032224515,5.1532269819015397],[-75.838936621064676,5.1530461426474963],[-75.839064781304742,5.1529419720450322],[-75.839068349634189,5.1527349584348228],[-75.839111180893852,5.1525457918535142],[-75.839136164341298,5.1523530549513472],[-75.839068350329129,5.1521424732299259],[-75.838989828422442,5.1519247531198999],[-75.83896127446441,5.1517427235357358],[-75.838979120504135,5.1515321416655988],[-75.838964843797967,5.1513322664147942],[-75.838889891084619,5.1511859300301399],[-75.838848527718355,5.1510818095169428],[-75.838769204355117,5.1512109966399793],[-75.838749913903214,5.1513162104828245],[-75.838617773076777,5.1514653867596261],[-75.838417898294637,5.1515415294098714],[-75.838160916837992,5.1516176719996079],[-75.83788075687616,5.1516876809066368],[-75.837804299134234,5.1517449411209055],[-75.837766033502945,5.1517927078511541],[-75.837708588428754,5.1518882790707687],[-75.837679624731066,5.1520604516251485],[-75.83765073544555,5.1521943509311381],[-75.837555024676817,5.1523376880083465],[-75.837430870118624,5.1523852875692526],[-75.837287683993836,5.1524041450891129],[-75.837106417755294,5.1523750874968801],[-75.837020676809701,5.1522983737101216],[-75.836885524988077,5.1521126007483895],[-75.836714203780659,5.1519317617813716],[-75.836514329887976,5.1518365827941865],[-75.836304937258816,5.151808029073444],[-75.836105062218792,5.1517318865109196],[-75.83587663353299,5.1516176723393281],[-75.835657723888161,5.1514844223706282],[-75.835457848352334,5.1513892447014786],[-75.835219902539919,5.1513511729680541],[-75.835029545730848,5.1512559942481975],[-75.834848707189778,5.1510846735180102],[-75.834734492760703,5.1509894951037083],[-75.834563171275988,5.1508657631328223],[-75.834448956743444,5.1507801029378344],[-75.834306188906339,5.1508847988863415],[-75.834201493420977,5.1508276909337081],[-75.834211010674252,5.1507134775245627],[-75.834258600517629,5.150523120571501],[-75.834134868852132,5.150408906137379],[-75.834011136668991,5.150323245710454],[-75.833849332912592,5.150351799345029],[-75.833801744000652,5.1503517998501076],[-75.833694101749217,5.1503199903404013],[-75.833644235509794,5.1504117429598262],[-75.833465776246683,5.1506044781876215],[-75.832823321037552,5.1509328451231058],[-75.832745263315914,5.1512845484172223],[-75.832735745784021,5.1515320122344725],[-75.832669120473128,5.1516938151001375],[-75.832459727826887,5.1519032083318228],[-75.832031424614485,5.152093564626063],[-75.831565050611005,5.1521601901097132]]]},"properties":{"OBJECTID":78,"ID_COBERT":231,"N1_COBERT":2,"N2_COBERT":23,"N3_COBERT":231,"N4_COBERT":0,"NOMENCLAT":231,"AREA_HA":25.997834148999999,"Leyenda_N2":"Pastos","RuleID":27,"Shape_Leng":3682.1931174800002,"LeyendaN3":"Pastos limpios","Shape_Length":3613.4855300072081,"Shape_Area":259095.74903207982}},{"type":"Feature","id":79,"geometry":{"type":"Polygon","coordinates":[[[-75.836885524988077,5.1521126007483895],[-75.837020676809701,5.1522983737101216],[-75.837106417755294,5.1523750874968801],[-75.837287683993836,5.1524041450891129],[-75.837430870118624,5.1523852875692526],[-75.837555024676817,5.1523376880083465],[-75.83765073544555,5.1521943509311381],[-75.837679624731066,5.1520604516251485],[-75.837708588428754,5.1518882790707687],[-75.837766033502945,5.1517927078511541],[-75.837804299134234,5.1517449411209055],[-75.83788075687616,5.1516876809066368],[-75.838160916837992,5.1516176719996079],[-75.838056220417272,5.1515510475615987],[-75.837942006118283,5.151351173397301],[-75.837903934955534,5.1512179236637214],[-75.837761166825203,5.1507991386774208],[-75.837523221015061,5.1505421561222828],[-75.837351900112907,5.1503803528678898],[-75.837132988637393,5.1502851747167764],[-75.836837935732987,5.1501519247915599],[-75.836638060896519,5.1501043352301688],[-75.836466739789572,5.1500281926259905],[-75.836304937673773,5.1499330142962823],[-75.836152651065404,5.1498663890554468],[-75.835819526589276,5.149933014498175],[-75.835600616252719,5.1500377109955862],[-75.83524845589524,5.1500567463711926],[-75.835086652390927,5.1500377105093005],[-75.834820153975727,5.1500853002439309],[-75.834639314340905,5.1501899958883079],[-75.83449654628123,5.1503137284234146],[-75.834467992411192,5.1504374599881588],[-75.83462027854705,5.1505897459645009],[-75.83477256415523,5.150675405484118],[-75.834934366677246,5.150761066816167],[-75.835143760555425,5.1510180488905961],[-75.835362670455922,5.1511227451633657],[-75.835610134642948,5.1512274414548784],[-75.835790973346079,5.1513416556217493],[-75.835971812541345,5.1514273156942449],[-75.836181204963964,5.1515224940955147],[-75.836343008323666,5.1515700834499585],[-75.836571437323897,5.1515986372533877],[-75.836818900512796,5.151722369458561],[-75.836952150424736,5.1517794768284189],[-75.837075881792046,5.1518936902890751],[-75.837094918646088,5.1519983861264969],[-75.837037811200716,5.1521221184237067],[-75.836885524988077,5.1521126007483895]]]},"properties":{"OBJECTID":79,"ID_COBERT":233,"N1_COBERT":2,"N2_COBERT":23,"N3_COBERT":233,"N4_COBERT":0,"NOMENCLAT":233,"AREA_HA":5.5817148227900004,"Leyenda_N2":"Pastos","RuleID":26,"Shape_Leng":1109.88025253,"LeyendaN3":"Pastos enmalezados","Shape_Length":1109.8802525287504,"Shape_Area":55838.308247247165}},{"type":"Feature","id":80,"geometry":{"type":"Polygon","coordinates":[[[-75.877542922064137,4.9065648128406574],[-75.880312031065444,4.9066608515621946],[-75.880336135929809,4.9065173675115243],[-75.880348209592356,4.9064336646342506],[-75.880348402008551,4.906326019204803],[-75.880348678462283,4.9061705321717346],[-75.880348849218976,4.9060748471454128],[-75.880349040771364,4.9059672026228629],[-75.88043264308844,4.905895587931953],[-75.880516116199374,4.9058957383613002],[-75.880623417722759,4.9059078917658656],[-75.880766493032539,4.905920108573735],[-75.880897815334137,4.9058366195262417],[-75.880933739045915,4.905752959262407],[-75.880933994663934,4.9056094327006834],[-75.880934186161937,4.9055017873281255],[-75.880922538003134,4.9053462786252897],[-75.88092996859011,4.9051104616986851],[-75.881538936029784,4.9051743776409822],[-75.885609854009473,4.9056016309969017],[-75.88583348514139,4.9056251016312924],[-75.885704868756036,4.9050749491128682],[-75.885670132904508,4.9044888171943661],[-75.885670451573972,4.9043094074701363],[-75.885670684748447,4.9041778418473596],[-75.885742551444253,4.9039985603593621],[-75.885885966972239,4.9038194062109843],[-75.886041263726597,4.9036641953424578],[-75.88624421789406,4.9035329900288085],[-75.886423237465792,4.9034495845312307],[-75.88654252741236,4.903425875991811],[-75.886733281503808,4.9034501369435937],[-75.886923992394458,4.9034983194078574],[-75.887257631675553,4.9036424415528028],[-75.88749589488107,4.9037744326819679],[-75.88798430192962,4.9040623586116192],[-75.888377247760261,4.9043859946298873],[-75.888603607464077,4.9045060040429682],[-75.888830114440267,4.9045422893313635],[-75.889056748853392,4.9045068108504033],[-75.889164156291571,4.9044591586527977],[-75.88920003655177,4.90439941921084],[-75.889200247477945,4.9042798143071957],[-75.889152759592719,4.9041601229630905],[-75.889093284419289,4.9040762927297274],[-75.888986193948071,4.9039445347790833],[-75.888760024904116,4.9037168798797932],[-75.888581491927255,4.9035251922714735],[-75.888379215248051,4.9032736587921395],[-75.888212713045363,4.9030221882702278],[-75.888082133656283,4.902687058501785],[-75.887975657024768,4.9022084435353728],[-75.887940242548737,4.9020050494629439],[-75.888048433405913,4.9015148557530077],[-75.888300692000925,4.9004747283304182],[-75.88842752966201,4.9002285641810968],[-75.888585265266144,4.9000422583388392],[-75.888828834027493,4.8998704585002555],[-75.889100970814638,4.8997274142908855],[-75.88938751745583,4.8995269841947202],[-75.889602593841957,4.8992833699415845],[-75.889574405290247,4.8990393215626931],[-75.889546394248583,4.8986948055013011],[-75.889404590216188,4.8979625623542251],[-75.889319289925311,4.8976466487112518],[-75.889191035635093,4.8973450122230684],[-75.88907698913718,4.8971008131558493],[-75.888891167422898,4.8969856610548357],[-75.888176170685341,4.8967116879535038],[-75.887818964570428,4.896409644054156],[-75.887519021815365,4.8960933503906547],[-75.887419590388077,4.89567694297883],[-75.887309214555728,4.8948688495940011],[-75.887252254345199,4.8947108681294917],[-75.887066687440552,4.8944521882118641],[-75.88688099417466,4.8942652719816291],[-75.886624031361478,4.8939203480590674],[-75.886410074729071,4.8935324428493363],[-75.886238487397989,4.8934603739560556],[-75.885280107051898,4.8932577293130519],[-75.884395694758851,4.8929199552474847],[-75.884509888595588,4.8928374648229944],[-75.884446284659163,4.8927965433098439],[-75.884371782783404,4.8927814603562689],[-75.884270519831489,4.8927274564411283],[-75.884130453206282,4.8927002953501137],[-75.883984478354861,4.8926432219367495],[-75.883865274991933,4.8926190892800783],[-75.883707369702122,4.8925649840506207],[-75.883567389237726,4.8924899813156264],[-75.883430336794589,4.8924448837950765],[-75.883251536967137,4.8924056940576008],[-75.883156257120419,4.8923397399803719],[-75.883071520540454,4.8923098897700124],[-75.882966500499194,4.8923741135162562],[-75.880975863312457,4.8916138395695787],[-75.880141921511992,4.8913274749885982],[-75.879990296099677,4.892719411883717],[-75.879974953325544,4.8928602566030905],[-75.87993418499039,4.8932345056529023],[-75.879934537070596,4.89324097059112],[-75.879945039061042,4.893378666996159],[-75.879958532738485,4.8935161010459405],[-75.87997501332417,4.8936532085834017],[-75.879994470616907,4.8937899218591578],[-75.88001689713434,4.8939261767276845],[-75.880042281781655,4.8940619072512073],[-75.880070612578322,4.8941970511113269],[-75.880101876630917,4.8943315432818624],[-75.880136057445227,4.8944653196560424],[-75.880173140325311,4.894598315215414],[-75.880213105179863,4.8947304676764487],[-75.880255936427119,4.8948617156400909],[-75.880301611260506,4.8949919941228197],[-75.880350109592243,4.8951212417450014],[-75.880401407733743,4.8952493980463609],[-75.880455479288941,4.8953764016744561],[-75.880512301466325,4.8955021912612802],[-75.880571845181649,4.8956267090815686],[-75.880634084030774,4.8957498919751155],[-75.880698987142424,4.8958716858399773],[-75.880766521811893,4.8959920293509374],[-75.880834181203994,4.8961067672648113],[-75.880932631081407,4.8962697063536682],[-75.881027422645801,4.8964548309331963],[-75.881128196967808,4.8966367497951131],[-75.881234523503579,4.8968146720765207],[-75.88134660405548,4.896989004559039],[-75.881464317959541,4.897159558844792],[-75.881587542783805,4.8973261546788232],[-75.881593601954989,4.8973340710619375],[-75.881888130995733,4.8982044885565283],[-75.881933892496761,4.8983350229308504],[-75.881982390798214,4.8984642719073177],[-75.882033688008505,4.898592428649569],[-75.882086890143043,4.8987173864242344],[-75.882058139270669,4.8987422553400117],[-75.88167267052016,4.8990848934908175],[-75.881586294481465,4.8991631091074774],[-75.881501369796382,4.8992429084128712],[-75.881417927893779,4.8993242650592306],[-75.881335996597898,4.8994071527142502],[-75.881255601903646,4.8994915387262923],[-75.881176772548145,4.8995773994707958],[-75.881099534526399,4.8996647022960325],[-75.881023913848907,4.8997534181657834],[-75.880936566814256,4.8998601711529766],[-75.880851562777863,4.8999688067941261],[-75.880768941190951,4.9000792779173947],[-75.880688742378808,4.9001915310198223],[-75.880611003058362,4.9003055117100898],[-75.880535762657786,4.9004211673928841],[-75.880463054273918,4.9005384400767786],[-75.880392915532752,4.9006572771741128],[-75.880321289599735,4.9007851035784302],[-75.880252634619794,4.9009145604594115],[-75.880186988141972,4.9010455771516801],[-75.88012438501579,4.9011780839053651],[-75.880045853113316,4.9013494038196512],[-75.879993094724313,4.9014676716001624],[-75.879942762335972,4.9015869973293151],[-75.879894874665268,4.9017073321160698],[-75.879849452219986,4.9018286243499833],[-75.879809740820562,4.9019413555976694],[-75.879772160250681,4.9020548197596741],[-75.879736721147509,4.902168975210853],[-75.879703439559108,4.9022837812065481],[-75.879672325225371,4.9023991970292835],[-75.879643388787372,4.9025151819576998],[-75.879616643589657,4.9026316952586813],[-75.879592094854686,4.9027486935224749],[-75.879556404175034,4.9029271530727394],[-75.87952902277803,4.9030728974329962],[-75.879499658082267,4.903255481302577],[-75.879475623651345,4.903438846658724],[-75.87943993138245,4.9037457965315259],[-75.879421353841536,4.9039285707241707],[-75.879408072779597,4.9041118101811403],[-75.879400098341108,4.9042953575789845],[-75.879397438891331,4.9044790610251248],[-75.879399407567306,4.9046372393423612],[-75.879405317638259,4.9047953202109875],[-75.879415163269655,4.9049532033222771],[-75.879428939535785,4.9051107901712747],[-75.879471765806301,4.9055391006880482],[-75.879484269644138,4.9056481322321899],[-75.879442810520473,4.9057057146670928],[-75.879350406676423,4.9058375566271399],[-75.879314467045603,4.9058917148065095],[-75.879156749091109,4.9058496582212356],[-75.879026289079917,4.9058163593376847],[-75.878895148050077,4.9057858581987945],[-75.878763390048675,4.9057581698950035],[-75.87863107280296,4.9057333068323965],[-75.878434897676669,4.9057017971225658],[-75.878237829038596,4.9056764964331361],[-75.878040067059004,4.9056574310201837],[-75.87801476097566,4.9056557956263198],[-75.87754565363079,4.9065602011397376],[-75.877542922064137,4.9065648128406574]]]},"properties":{"OBJECTID":80,"ID_COBERT":111,"N1_COBERT":1,"N2_COBERT":11,"N3_COBERT":111,"N4_COBERT":0,"NOMENCLAT":111,"AREA_HA":142.38458271900001,"Leyenda_N2":"Zonas urbanizadas","RuleID":32,"Shape_Leng":5944.48993032,"LeyendaN3":"Tejido urbano continuo","Shape_Length":5958.5779213347505,"Shape_Area":1211014.7936844679}},{"type":"Feature","id":81,"geometry":{"type":"Polygon","coordinates":[[[-75.880312031065444,4.9066608515621946],[-75.880526634394528,4.9066851573733894],[-75.880765130263725,4.9066855848742872],[-75.880955947506479,4.906673965878495],[-75.881051452705293,4.906614334130281],[-75.881111183162687,4.9065546380957965],[-75.881147255782082,4.906387254155498],[-75.881123597975858,4.9062795671471475],[-75.881147660246583,4.9061600039628654],[-75.881243292663214,4.9060286080768174],[-75.881267312490039,4.9059329656898605],[-75.881327064560338,4.9058613092883823],[-75.881339244670883,4.9057178045116379],[-75.881327489833879,4.9056220978349314],[-75.881351509670125,4.9055264563634351],[-75.881435239100185,4.9053830783933963],[-75.881538936029784,4.9051743776409822],[-75.88092996859011,4.9051104616986851],[-75.880922538003134,4.9053462786252897],[-75.880934186161937,4.9055017873281255],[-75.880933994663934,4.9056094327006834],[-75.880933739045915,4.905752959262407],[-75.880897815334137,4.9058366195262417],[-75.880766493032539,4.905920108573735],[-75.880623417722759,4.9059078917658656],[-75.880516116199374,4.9058957383613002],[-75.88043264308844,4.905895587931953],[-75.880349040771364,4.9059672026228629],[-75.880348849218976,4.9060748471454128],[-75.880348678462283,4.9061705321717346],[-75.880348402008551,4.906326019204803],[-75.880348209592356,4.9064336646342506],[-75.880336135929809,4.9065173675115243],[-75.880312031065444,4.9066608515621946]]]},"properties":{"OBJECTID":81,"ID_COBERT":323,"N1_COBERT":3,"N2_COBERT":32,"N3_COBERT":323,"N4_COBERT":0,"NOMENCLAT":323,"AREA_HA":1.20671772899,"Leyenda_N2":"Áreas con vegetación herbácea y/o arbustiva","RuleID":35,"Shape_Leng":551.92082163400005,"LeyendaN3":"Vegetación secundaria o en transición","Shape_Length":551.92082163438192,"Shape_Area":12073.102452272638}},{"type":"Feature","id":82,"geometry":{"type":"Polygon","coordinates":[[[-75.877226017459265,4.9119251491511617],[-75.877453038229746,4.9116743850504099],[-75.877727482307819,4.9115791952981098],[-75.878001688787748,4.9116155692645087],[-75.878204133849366,4.9117714214786794],[-75.878346890358813,4.9119630471320983],[-75.878429830216064,4.9122622115155403],[-75.87845314561568,4.9125612690810323],[-75.878405019062882,4.9128003933504507],[-75.878332999736102,4.9130633977680649],[-75.878189494096731,4.9132903906803636],[-75.878153270659183,4.9135414980512291],[-75.878236466238704,4.9136971355106036],[-75.87846269774775,4.9138889119065574],[-75.878748317995345,4.914212361209481],[-75.878933937018388,4.9143291846966282],[-75.879077132981251,4.9142771144906066],[-75.879352009516737,4.9141396755430016],[-75.879413393678476,4.9140660132188092],[-75.879523805360279,4.9139335206328552],[-75.879787231077046,4.9133952192636157],[-75.879882239185307,4.913168914049681],[-75.879892430199817,4.9131446420598843],[-75.879922413583259,4.9130732305783944],[-75.880092817962222,4.9129250529629225],[-75.880141326632398,4.912882872870548],[-75.880360237482861,4.9127876914583242],[-75.880451091470533,4.9127742330283075],[-75.880575753905106,4.9125770415622583],[-75.880731097588722,4.9123979110567069],[-75.880969659376248,4.9123624570098601],[-75.881160350332038,4.9124226020729624],[-75.881422421284242,4.9125785610513315],[-75.881910957465706,4.9127947268532823],[-75.882351881272783,4.9129629667377079],[-75.882650025001695,4.9129515400691552],[-75.882853110706435,4.9127485724274029],[-75.882912991223421,4.9126051533922652],[-75.88299080711478,4.9124575006977942],[-75.883017263497464,4.911990096500487],[-75.883027829181486,4.9117048299237327],[-75.883133480861474,4.9115040889154207],[-75.883380872118551,4.9113230733435538],[-75.883464026957569,4.9112067472728764],[-75.883619220161975,4.9111113402005921],[-75.883881864636876,4.9109443611211177],[-75.884084928827789,4.9107533540299517],[-75.884216314728832,4.9106339829425139],[-75.884324127155807,4.9103590821142404],[-75.884348423962777,4.9101079524052453],[-75.884396718364528,4.9097731407565979],[-75.884492648387621,4.9094742967604281],[-75.884648096310144,4.9092353618726756],[-75.884839149013288,4.9090921756629049],[-75.884997009637388,4.9074945177746283],[-75.885331796215766,4.9069927693131099],[-75.885558664251931,4.9068257248995604],[-75.885609854009473,4.9056016309969017],[-75.881538936029784,4.9051743776409822],[-75.881435239100185,4.9053830783933963],[-75.881351509670125,4.9055264563634351],[-75.881327489833879,4.9056220978349314],[-75.881339244670883,4.9057178045116379],[-75.881327064560338,4.9058613092883823],[-75.881267312490039,4.9059329656898605],[-75.881243292663214,4.9060286080768174],[-75.881147660246583,4.9061600039628654],[-75.881123597975858,4.9062795671471475],[-75.881147255782082,4.906387254155498],[-75.881111183162687,4.9065546380957965],[-75.881051452705293,4.906614334130281],[-75.880955947506479,4.906673965878495],[-75.880765130263725,4.9066855848742872],[-75.880526634394528,4.9066851573733894],[-75.880312031065444,4.9066608515621946],[-75.877542922064137,4.9065648128406574],[-75.876696428638155,4.9079939458307154],[-75.876278375652717,4.9083759333992028],[-75.875430559950487,4.9090202786169543],[-75.874798030869911,4.9093061935106626],[-75.873437701989786,4.9098060849347336],[-75.872554322106495,4.9103307552001327],[-75.870317020046244,4.9120096265867321],[-75.870265983415578,4.9122977197279019],[-75.869985662178436,4.913007669137917],[-75.870465786390909,4.9125947035498925],[-75.870587575051189,4.9125088074357697],[-75.870788182798663,4.9123584672330542],[-75.871124901785123,4.9121150817182961],[-75.871318367974169,4.9119575509973075],[-75.87156193219846,4.911792936634833],[-75.871626234995389,4.9118432870478435],[-75.871840650515907,4.911972848448678],[-75.872041026859819,4.911951681747821],[-75.872227221667401,4.9118587251593198],[-75.872392030142549,4.9117226724079899],[-75.872484823837823,4.9118448385415858],[-75.872549050659828,4.9119382472756845],[-75.872670349667501,4.9121250503327651],[-75.872756169378349,4.9121467346944403],[-75.872856389667902,4.9121182104875558],[-75.873042675446328,4.9119750200635348],[-75.873321961384633,4.911839174273755],[-75.87349409037023,4.9116098409845215],[-75.873558523668294,4.9115884292013394],[-75.873622827371719,4.9116387784374584],[-75.873737049518994,4.9117825129080899],[-75.873865657002924,4.9118832131035406],[-75.873972954987607,4.9118977597247788],[-75.874137544047201,4.9118837040370549],[-75.874352229252736,4.9118625617750951],[-75.874602689615429,4.9118414848243352],[-75.874824350884424,4.9119208238903616],[-75.875074682647593,4.9119715094933483],[-75.875203470474204,4.9119717421939413],[-75.875332260084861,4.9119719739578889],[-75.875453737976926,4.9120583089820045],[-75.875568038052151,4.9121589836125539],[-75.875989573055008,4.9124970317040431],[-75.876068368160915,4.9124469394490609],[-75.87626167910723,4.9123755245533092],[-75.876476467375923,4.9122969710709503],[-75.87660542353369,4.91220390985624],[-75.876720133567432,4.9120749423072319],[-75.876849088741679,4.911981881997507],[-75.8770281283402,4.9118889119392986],[-75.877226017459265,4.9119251491511617]]]},"properties":{"OBJECTID":82,"ID_COBERT":221,"N1_COBERT":2,"N2_COBERT":22,"N3_COBERT":221,"N4_COBERT":2212,"NOMENCLAT":2212,"AREA_HA":79.8211837562,"Leyenda_N2":"Cultivos permanentes","RuleID":13,"Shape_Leng":5059.0552255599996,"LeyendaN3":"Caña","Shape_Length":5059.0552255613284,"Shape_Area":798601.15295527817}},{"type":"Feature","id":83,"geometry":{"type":"Polygon","coordinates":[[[-75.867276717191373,4.9086071357075634],[-75.866477330667905,4.9107787995174386],[-75.869802347091252,4.9128255379085619],[-75.870161952854772,4.9117927958938896],[-75.870249282722156,4.9109748516530827],[-75.870307864168694,4.910228618380831],[-75.869855552724161,4.9071132690124859],[-75.869803995204435,4.9068573577285273],[-75.869687654502798,4.9069042074214169],[-75.86956103205101,4.9069584437108142],[-75.869435618147165,4.9070154380173001],[-75.869311473046295,4.9070751611583114],[-75.869188658825266,4.9071375884629393],[-75.869067229415606,4.9072026871602175],[-75.868947246875067,4.9072704280597739],[-75.868796163155636,4.9073607556021823],[-75.868647645869615,4.9074552707239567],[-75.868501814557789,4.9075538987938749],[-75.868358779757187,4.9076565670271206],[-75.868194600590215,4.9077779158147914],[-75.868036312389322,4.9078988180519207],[-75.867881902384696,4.9080246642295817],[-75.867777399547279,4.9081145799538124],[-75.867674877289986,4.9082067622869099],[-75.867574384981793,4.9083011649185835],[-75.867475968398637,4.9083977442657485],[-75.867379677807051,4.908496453110291],[-75.867285556271852,4.9085972460728549],[-75.867276717191373,4.9086071357075634]]]},"properties":{"OBJECTID":83,"ID_COBERT":221,"N1_COBERT":2,"N2_COBERT":22,"N3_COBERT":221,"N4_COBERT":2212,"NOMENCLAT":2212,"AREA_HA":27.0482737568,"Leyenda_N2":"Cultivos permanentes","RuleID":13,"Shape_Leng":2789.2150339099999,"LeyendaN3":"Caña","Shape_Length":1704.6042153278097,"Shape_Area":172640.14531758186}},{"type":"Feature","id":84,"geometry":{"type":"Polygon","coordinates":[[[-75.879921309804928,4.8928527736504988],[-75.879922529083046,4.8929650509513909],[-75.879927032446957,4.893103075984059],[-75.87993418499039,4.8932345056529023],[-75.879974953325544,4.8928602566030905],[-75.879921309804928,4.8928527736504988]]]},"properties":{"OBJECTID":84,"ID_COBERT":112,"N1_COBERT":1,"N2_COBERT":11,"N3_COBERT":112,"N4_COBERT":0,"NOMENCLAT":112,"AREA_HA":2.76261710059,"Leyenda_N2":"Zonas urbanizadas","RuleID":33,"Shape_Leng":686.73251092700002,"LeyendaN3":"Tejido urbano discontinuo","Shape_Length":89.923826062900645,"Shape_Area":133.55037583573707}},{"type":"Feature","id":85,"geometry":{"type":"Polygon","coordinates":[[[-75.87992230669029,4.8927095700395924],[-75.879990296099677,4.892719411883717],[-75.880141921511992,4.8913274749885982],[-75.880103934666536,4.8913144307483387],[-75.880101903195964,4.8913223820000269],[-75.880070637428872,4.8914568730456782],[-75.880042305047112,4.8915920149324998],[-75.880016917508797,4.8917277470496652],[-75.879994488039472,4.8918640006437455],[-75.879975027192231,4.8920007142038386],[-75.879958546398015,4.89213782079183],[-75.879945048981241,4.8922752544083776],[-75.879934544582142,4.8924129508346903],[-75.879927037426242,4.8925508440673848],[-75.879922531746729,4.8926888699108932],[-75.87992230669029,4.8927095700395924]]]},"properties":{"OBJECTID":85,"ID_COBERT":232,"N1_COBERT":2,"N2_COBERT":23,"N3_COBERT":232,"N4_COBERT":0,"NOMENCLAT":232,"AREA_HA":21.551547509199999,"Leyenda_N2":"Pastos","RuleID":25,"Shape_Leng":3261.98349925,"LeyendaN3":"Pastos arbolados","Shape_Length":322.97192613883561,"Shape_Area":1378.5230718498744}},{"type":"Feature","id":86,"geometry":{"type":"Polygon","coordinates":[[[-75.869919872094187,4.9068133256712541],[-75.87005267446753,4.9075753033757774],[-75.870470243968583,4.9101164829233896],[-75.870439817186877,4.9111211149627056],[-75.870381635982966,4.9116448820753256],[-75.870347727399349,4.9118362907342519],[-75.871264980080895,4.9111417437672067],[-75.872662095997967,4.9100797771571898],[-75.873485744755243,4.9096148019854091],[-75.874368737228124,4.9093054198054586],[-75.874965342145231,4.909103163879565],[-75.875753192790754,4.9086500807114053],[-75.87658927587924,4.9078980688624529],[-75.877402556100392,4.906559944120656],[-75.877923195545961,4.9056498767544445],[-75.877841802849986,4.9056446163322871],[-75.877549135479782,4.9056303366288789],[-75.877395852508158,4.9056247289593342],[-75.877242480097209,4.9056228592455629],[-75.877104801933086,4.9056243665882695],[-75.876967189821499,4.9056288844940568],[-75.876829709542406,4.9056364117766362],[-75.876692424172361,4.9056469472614248],[-75.876555401266643,4.9056604834272513],[-75.876418706586108,4.9056770145685711],[-75.876282402271414,4.9056965313798919],[-75.87614655588203,4.9057190272440678],[-75.876011231345643,4.9057444892323723],[-75.87587649170051,4.9057729071316674],[-75.875742402669118,4.9058042661977224],[-75.875609027270542,4.9058385516980794],[-75.875476429413453,4.9058757461847016],[-75.875344673014453,4.9059158340173497],[-75.875213819267273,4.9059587950480879],[-75.875083930270847,4.9060046100289361],[-75.874955069903308,4.9060532542809092],[-75.874827297556379,4.906104707663844],[-75.874700674393253,4.9061589427987569],[-75.874575260699345,4.9062159377338252],[-75.874451117622542,4.9062756614745835],[-75.874328301828271,4.9063380884691918],[-75.874206873559643,4.9064031868231357],[-75.874086889466781,4.9064709273690736],[-75.874082772279408,4.9064733277759567],[-75.873768683281966,4.9064460151373206],[-75.873746119993868,4.9064440938995011],[-75.8732321546062,4.9064012657723861],[-75.873083301318758,4.9063906359430094],[-75.872934239645019,4.9063835403146081],[-75.87273437205755,4.9063764003277051],[-75.872622068617687,4.9063733929046647],[-75.872509729584309,4.9063723895593947],[-75.872373002255941,4.9063738747508072],[-75.872236338091611,4.9063783316632046],[-75.872072159303201,4.9063854713294006],[-75.871866121555399,4.9063978203958554],[-75.871660595680126,4.9064169202346122],[-75.871455801482071,4.9064427518259155],[-75.871251960522216,4.9064752852958886],[-75.87100808375304,4.906518320734393],[-75.870871589408353,4.9065439902938692],[-75.870736850600451,4.9065724073675279],[-75.870602760591041,4.9066037665373097],[-75.870469385996586,4.9066380512478576],[-75.870336788034379,4.9066752467747552],[-75.870205030609839,4.9067153347665373],[-75.870074175822239,4.9067582959755525],[-75.869944287565616,4.906804109338708],[-75.869919872094187,4.9068133256712541]]]},"properties":{"OBJECTID":86,"ID_COBERT":221,"N1_COBERT":2,"N2_COBERT":22,"N3_COBERT":221,"N4_COBERT":2212,"NOMENCLAT":2212,"AREA_HA":138.95242987699999,"Leyenda_N2":"Cultivos permanentes","RuleID":13,"Shape_Leng":6269.47288097,"LeyendaN3":"Caña","Shape_Length":2587.6731252021382,"Shape_Area":296065.9084313187}},{"type":"Feature","id":87,"geometry":{"type":"Polygon","coordinates":[[[-75.862486290946748,4.9200633920438968],[-75.862674263065571,4.9200825914683817],[-75.862998726101324,4.9200257726824379],[-75.863227858471291,4.9199305068059287],[-75.863571296080707,4.9199311325457158],[-75.863723658894372,4.9200845051735573],[-75.863856802545143,4.9203143901654753],[-75.864008956526902,4.920582583022421],[-75.864180294575306,4.9207934009683338],[-75.864217899020375,4.921099659353354],[-75.864217414314098,4.9213675744246501],[-75.864216997481307,4.9215972151443594],[-75.864407486419509,4.9217697947460319],[-75.864732019139169,4.9216747012877207],[-75.864999623761179,4.9214072721831741],[-75.864923962177812,4.9210435350267892],[-75.86479137221491,4.9205074612710273],[-75.86462027657744,4.9201626856068055],[-75.864353677013099,4.9198751484480594],[-75.864239578878227,4.9196644348203549],[-75.8642971994052,4.9194540343131976],[-75.864202250962592,4.9192050816654973],[-75.863859228638702,4.9189748143375978],[-75.863771884945166,4.9188758987994232],[-75.863742948832737,4.9188957519312027],[-75.86363102901187,4.9189761902051545],[-75.86352088413274,4.9190590577699709],[-75.863412569010663,4.919144317330896],[-75.863306133931886,4.9192319261891813],[-75.863201630083978,4.9193218416421702],[-75.863099106859849,4.9194140228026733],[-75.862998610941276,4.9195084269873242],[-75.862900194390221,4.9196050051622606],[-75.86280390118506,4.919703714655645],[-75.862709777988428,4.9198045082645008],[-75.862617868747961,4.9199073360858252],[-75.862528218324115,4.9200121509243218],[-75.862486290946748,4.9200633920438968]]]},"properties":{"OBJECTID":87,"ID_COBERT":314,"N1_COBERT":3,"N2_COBERT":31,"N3_COBERT":314,"N4_COBERT":0,"NOMENCLAT":314,"AREA_HA":23.984739799100002,"Leyenda_N2":"Bosques","RuleID":6,"Shape_Leng":4390.5642443899997,"LeyendaN3":"Bosque de galería y/o ripario","Shape_Length":961.23360663755557,"Shape_Area":30794.041269333626}},{"type":"Feature","id":88,"geometry":{"type":"Polygon","coordinates":[[[-75.866092595491992,4.9213610294361985],[-75.869065344790627,4.9230745608287885],[-75.869256331003598,4.9230589689905004],[-75.86955069517353,4.9227714814832773],[-75.869897576733422,4.9221860441959988],[-75.870029592790772,4.9217198211769322],[-75.870149641341214,4.9212774983718237],[-75.870329162794022,4.9209190071336977],[-75.87048417867598,4.920717172681055],[-75.868161722406029,4.9206256285819032],[-75.86770380331771,4.9206247973819144],[-75.867346028298229,4.9206384993592014],[-75.866945180160172,4.9207310633615897],[-75.866608598169321,4.9208955071180718],[-75.866092595491992,4.9213610294361985]]]},"properties":{"OBJECTID":88,"ID_COBERT":221,"N1_COBERT":2,"N2_COBERT":22,"N3_COBERT":221,"N4_COBERT":2212,"NOMENCLAT":2212,"AREA_HA":7.9221600240000001,"Leyenda_N2":"Cultivos permanentes","RuleID":13,"Shape_Leng":1212.19561995,"LeyendaN3":"Caña","Shape_Length":1212.1956199468641,"Shape_Area":79258.082440943195}},{"type":"Feature","id":89,"geometry":{"type":"Polygon","coordinates":[[[-75.864178041051147,4.9273004993480161],[-75.864795892356682,4.9275350884407443],[-75.865022966574216,4.9272604107832203],[-75.865333430534506,4.9270337261688555],[-75.865750917095937,4.9269746844850371],[-75.865966919976586,4.9269714064750803],[-75.866175369929778,4.9268214700767547],[-75.866630193135038,4.9266246024791176],[-75.866942461263264,4.9265024127462178],[-75.867180051615733,4.9264413180813591],[-75.867233743986873,4.9264329278316659],[-75.86745787085863,4.926056830512004],[-75.867494315518798,4.9256861202485522],[-75.867411424352554,4.9253630343343708],[-75.867316391075732,4.9251595328218665],[-75.867209391156621,4.9249799296323173],[-75.867102584155361,4.9246926815734584],[-75.867127082591281,4.9243339108891844],[-75.867246787819553,4.9240829567000084],[-75.867378092091286,4.9240114314421772],[-75.867557119193592,4.923928033712885],[-75.867795620335158,4.9239284677077642],[-75.868010358194752,4.9238810150355343],[-75.868067644041517,4.9238626619016843],[-75.868069334420184,4.9238413586767331],[-75.86813042994001,4.9235630340982821],[-75.868159628860838,4.9235200044566581],[-75.868259409718817,4.9233729575942196],[-75.868408755170762,4.9232507675979669],[-75.868680291446694,4.9231489433546578],[-75.86887265643432,4.9231061960763176],[-75.868985767938995,4.9230810569581989],[-75.869065344790627,4.9230745608287885],[-75.866092595491992,4.9213610294361985],[-75.865963376972076,4.9215976125398209],[-75.865316011002463,4.9234838076517287],[-75.864646550649013,4.9257144238249788],[-75.864178041051147,4.9273004993480161]]]},"properties":{"OBJECTID":89,"ID_COBERT":231,"N1_COBERT":2,"N2_COBERT":23,"N3_COBERT":231,"N4_COBERT":0,"NOMENCLAT":231,"AREA_HA":16.533128291600001,"Leyenda_N2":"Pastos","RuleID":27,"Shape_Leng":1983.29123531,"LeyendaN3":"Pastos limpios","Shape_Length":1983.2912353133675,"Shape_Area":165406.46155747501}},{"type":"Feature","id":90,"geometry":{"type":"Polygon","coordinates":[[[-75.863756907433341,4.9287261769049637],[-75.864076196977663,4.9287889632778512],[-75.864129859391213,4.9287890609469276],[-75.864201420890552,4.9287832105782678],[-75.864273004124499,4.9287654005416499],[-75.864531370535175,4.9287306603839243],[-75.86446042716608,4.9283956347444278],[-75.864496659175302,4.9281445301393756],[-75.864628441968236,4.9278098760644964],[-75.864795892356682,4.9275350884407443],[-75.864178041051147,4.9273004993480161],[-75.863786532824932,4.9286258865378603],[-75.863756907433341,4.9287261769049637]]]},"properties":{"OBJECTID":90,"ID_COBERT":112,"N1_COBERT":1,"N2_COBERT":11,"N3_COBERT":112,"N4_COBERT":0,"NOMENCLAT":112,"AREA_HA":1.0494287206099999,"Leyenda_N2":"Zonas urbanizadas","RuleID":33,"Shape_Leng":466.33661858400001,"LeyendaN3":"Tejido urbano discontinuo","Shape_Length":466.33661858354878,"Shape_Area":10499.007982378216}},{"type":"Feature","id":91,"geometry":{"type":"Polygon","coordinates":[[[-75.86449299241842,4.9301658534170318],[-75.864635559400512,4.9304603425993996],[-75.864718450581165,4.9307834283314405],[-75.864789458314746,4.9310825711265922],[-75.865039452955713,4.9313222384216431],[-75.865325048115764,4.9316576543045976],[-75.865479512193744,4.9319689095904433],[-75.865586404730067,4.9322083153992606],[-75.865466979920484,4.9323037823807487],[-75.86515705580112,4.9322314536631628],[-75.86482325860861,4.9321710418123175],[-75.864525237993973,4.9321106950400395],[-75.86420347540583,4.9319905026473601],[-75.864048318862373,4.932061982122014],[-75.864036089736757,4.9322294073758242],[-75.864035394329434,4.9326121427880034],[-75.863915795476288,4.9328032923916947],[-75.863820415132963,4.9327911576931474],[-75.863581933496874,4.9327787617264036],[-75.86349813105825,4.9329580160871922],[-75.863581433350276,4.9330538530514989],[-75.863843395823082,4.9332696203420694],[-75.863819372614756,4.9333652613598904],[-75.863568682477592,4.9335083293631614],[-75.8633895221557,4.9336634894103861],[-75.863222047384397,4.9339502348337714],[-75.863114264975437,4.9342012092017891],[-75.863093071412123,4.9347372110350509],[-75.863147613001871,4.9347198566208563],[-75.863295575237217,4.9345930320209259],[-75.863436490287114,4.9344873485439793],[-75.863549221860964,4.9344098448117837],[-75.863718323328484,4.934452116557253],[-75.863922650704694,4.934508482665021],[-75.864204480772841,4.9345225774905428],[-75.864536417520384,4.9344183625458893],[-75.864810418563621,4.9343323383075193],[-75.865388173652036,4.9341491488809499],[-75.865796829977342,4.9340152796200281],[-75.866071615234304,4.933853225241597],[-75.866198437559859,4.9337334472506633],[-75.866204473364803,4.9337322406859458],[-75.866123422810929,4.9335612205606125],[-75.866032726820194,4.9335519558179168],[-75.865951133679218,4.933524512216275],[-75.865896888153046,4.9334243336058998],[-75.865960535714109,4.9333425655374272],[-75.866069606481545,4.9332244876743125],[-75.866269289929292,4.933161164772164],[-75.866577813903504,4.9331071384617156],[-75.866822657632639,4.9331530758197877],[-75.866967699949456,4.9332079281889571],[-75.867121863702891,4.9332355047148804],[-75.867248910777676,4.9332084408236234],[-75.867330619664855,4.9331721974962557],[-75.867403387467789,4.9330631509047063],[-75.867476040332036,4.93301779287569],[-75.867575924754306,4.9329633848384162],[-75.867666702762151,4.9329271574555742],[-75.867730235089411,4.9329090770092421],[-75.867946369565715,4.9328871916632],[-75.867946975194982,4.9325522969506705],[-75.867887955809849,4.9322172946384164],[-75.867578767137161,4.9317383100866445],[-75.867571434953902,4.9317274515389435],[-75.867275091103593,4.9316615976416101],[-75.867192486007497,4.9316336911403473],[-75.866772749240809,4.9314918878666525],[-75.866358658055404,4.9312407191854319],[-75.866005657051446,4.93088093456889],[-75.865781644526876,4.9304600512625152],[-75.86576441902055,4.9304026355041595],[-75.86550617306132,4.9304188730444434],[-75.865255744821141,4.9304184169037786],[-75.864898164276852,4.9303220793532674],[-75.86449299241842,4.9301658534170318]]]},"properties":{"OBJECTID":91,"ID_COBERT":232,"N1_COBERT":2,"N2_COBERT":23,"N3_COBERT":232,"N4_COBERT":0,"NOMENCLAT":232,"AREA_HA":12.2571511253,"Leyenda_N2":"Pastos","RuleID":25,"Shape_Leng":2064.5951165500001,"LeyendaN3":"Pastos arbolados","Shape_Length":2064.5951165533365,"Shape_Area":122626.99978312268}},{"type":"Feature","id":92,"geometry":{"type":"Polygon","coordinates":[[[-75.862027836618125,4.9345998669856881],[-75.862055516847917,4.9345930315697286],[-75.862292596973987,4.9345120792202675],[-75.862344393806865,4.9344943923219367],[-75.862363702874461,4.9344943921905839],[-75.862485307190127,4.9344943928001843],[-75.862647359431833,4.9345789411176106],[-75.862823508219989,4.9347198566948549],[-75.862992604027042,4.9347691781933998],[-75.863085588719841,4.934739592573183],[-75.863093071412123,4.9347372110350509],[-75.863114264975437,4.9342012092017891],[-75.863222047384397,4.9339502348337714],[-75.8633895221557,4.9336634894103861],[-75.863568682477592,4.9335083293631614],[-75.863819372614756,4.9333652613598904],[-75.863843395823082,4.9332696203420694],[-75.863581433350276,4.9330538530514989],[-75.86349813105825,4.9329580160871922],[-75.863581933496874,4.9327787617264036],[-75.863820415132963,4.9327911576931474],[-75.863915795476288,4.9328032923916947],[-75.864035394329434,4.9326121427880034],[-75.864036089736757,4.9322294073758242],[-75.864048318862373,4.932061982122014],[-75.86420347540583,4.9319905026473601],[-75.864525237993973,4.9321106950400395],[-75.86482325860861,4.9321710418123175],[-75.86515705580112,4.9322314536631628],[-75.865466979920484,4.9323037823807487],[-75.865586404730067,4.9322083153992606],[-75.865479512193744,4.9319689095904433],[-75.865325048115764,4.9316576543045976],[-75.865039452955713,4.9313222384216431],[-75.864789458314746,4.9310825711265922],[-75.864718450581165,4.9307834283314405],[-75.864635559400512,4.9304603425993996],[-75.86449299241842,4.9301658534170318],[-75.864266782858451,4.92996211172205],[-75.864279033937194,4.929782725947419],[-75.864362835298309,4.9296034709272698],[-75.864482368751851,4.9294482024189215],[-75.864613935969615,4.9292331529044402],[-75.864626338247248,4.9289700441621189],[-75.864531370535175,4.9287306603839243],[-75.864273004124499,4.9287654005416499],[-75.864201420890552,4.9287832105782678],[-75.864129859391213,4.9287890609469276],[-75.864076196977663,4.9287889632778512],[-75.863756907433341,4.9287261769049637],[-75.863199490871096,4.9306132078161795],[-75.862027836618125,4.9345998669856881]]]},"properties":{"OBJECTID":92,"ID_COBERT":112,"N1_COBERT":1,"N2_COBERT":11,"N3_COBERT":112,"N4_COBERT":0,"NOMENCLAT":112,"AREA_HA":9.8614516027800008,"Leyenda_N2":"Zonas urbanizadas","RuleID":33,"Shape_Leng":1911.2600173599999,"LeyendaN3":"Tejido urbano discontinuo","Shape_Length":1911.2600173581993,"Shape_Area":98658.799301083476}},{"type":"Feature","id":93,"geometry":{"type":"Polygon","coordinates":[[[-75.867211412575443,4.9179724130893288],[-75.867020801163704,4.9184778342186632],[-75.866977378906626,4.9187504558115371],[-75.866983872888184,4.9191164597832469],[-75.867054787149286,4.9194682290850267],[-75.867111767859299,4.9196118596756788],[-75.867225948622448,4.9197771218891884],[-75.867518901409909,4.9200001206991173],[-75.867940617764418,4.920237705623995],[-75.86822651887239,4.9204032804306763],[-75.868805981831315,4.9204545665316886],[-75.870630627592135,4.9205264904635246],[-75.870723614808043,4.920405417746248],[-75.870890757806393,4.920298075344836],[-75.870905244675498,4.9202873233253301],[-75.870913671688484,4.9201145254703089],[-75.870931541282246,4.9195919291142038],[-75.870940829671483,4.9193202824715305],[-75.870940828712762,4.9186753832804175],[-75.870954134283053,4.9183741608837739],[-75.870596381809293,4.9182164047474064],[-75.870250838857444,4.9180602904952329],[-75.870072266686478,4.9178925199159691],[-75.869977254245043,4.9176770571962276],[-75.869906330123243,4.9173300733641323],[-75.869656703896794,4.9168870789156776],[-75.869427780248699,4.9168675278381464],[-75.86898770034675,4.917555657895794],[-75.868375729792717,4.9183391592039261],[-75.868146528311954,4.9184727021582937],[-75.867917500919631,4.9185105599434005],[-75.867669599564238,4.9184335623349797],[-75.867517272182639,4.9182610533346933],[-75.867211412575443,4.9179724130893288]]]},"properties":{"OBJECTID":93,"ID_COBERT":221,"N1_COBERT":2,"N2_COBERT":22,"N3_COBERT":221,"N4_COBERT":2212,"NOMENCLAT":2212,"AREA_HA":11.5992718587,"Leyenda_N2":"Cultivos permanentes","RuleID":13,"Shape_Leng":1477.0798482099999,"LeyendaN3":"Caña","Shape_Length":1477.0798482135442,"Shape_Area":116046.29596348347}},{"type":"Feature","id":94,"geometry":{"type":"MultiPolygon","coordinates":[[[[-75.873611326591273,4.9127319543804129],[-75.874433798635906,4.912924808296963],[-75.874531810955247,4.9129543190208276],[-75.874588851876155,4.9129257990827098],[-75.87473161331252,4.9128544180950184],[-75.874955301549647,4.9128078154363255],[-75.87480141973117,4.9127388863787642],[-75.874636959978815,4.9126811786761566],[-75.87450824780538,4.9126378893741185],[-75.874401014894872,4.9125874606198146],[-75.874222243983951,4.9125297277172537],[-75.874086390527211,4.912479247858057],[-75.873936150001086,4.9124718003902244],[-75.87380028404894,4.9124284974559984],[-75.873628605325223,4.9124066582821557],[-75.873464106293412,4.9123704803012886],[-75.873335356611292,4.9123487180947905],[-75.873113580680695,4.9123339652597258],[-75.872970429513344,4.9123624115320368],[-75.872834474156676,4.9123693429026725],[-75.872748563230374,4.912397893132697],[-75.872619762531798,4.9124048361110368],[-75.872462302771623,4.9124332571887681],[-75.872390689587235,4.9124690104037079],[-75.872349345807109,4.9125930778789506],[-75.872466797798182,4.9125863610052782],[-75.873611326591273,4.9127319543804129]]],[[[-75.876849088741679,4.911981881997507],[-75.876720133567432,4.9120749423072319],[-75.87660542353369,4.91220390985624],[-75.876476467375923,4.9122969710709503],[-75.87626167910723,4.9123755245533092],[-75.876068368160915,4.9124469394490609],[-75.875989573055008,4.9124970317040431],[-75.875982277537318,4.9125759588563298],[-75.876032232841382,4.9126478118350629],[-75.876089369589721,4.9127053251384512],[-75.876132144393694,4.9127915186619795],[-75.876146352178665,4.9128489559820983],[-75.876081816526408,4.912927778535062],[-75.876076719409184,4.9129288454356317],[-75.876225919751874,4.9129686319044765],[-75.876447820124426,4.9131101335934311],[-75.876556233929293,4.9130362792578808],[-75.876806934933612,4.9128812420050307],[-75.877069966954821,4.9124989772959635],[-75.877165879780435,4.9122120953688828],[-75.877201910538517,4.9120686326786434],[-75.877226017459265,4.9119251491511617],[-75.8770281283402,4.9118889119392986],[-75.876849088741679,4.911981881997507]]]]},"properties":{"OBJECTID":94,"ID_COBERT":314,"N1_COBERT":3,"N2_COBERT":31,"N3_COBERT":314,"N4_COBERT":0,"NOMENCLAT":314,"AREA_HA":1.8402878489300001,"Leyenda_N2":"Bosques","RuleID":6,"Shape_Leng":1030.75691067,"LeyendaN3":"Bosque de galería y/o ripario","Shape_Length":1030.7569106653755,"Shape_Area":18411.656789136381}},{"type":"Feature","id":95,"geometry":{"type":"Polygon","coordinates":[[[-75.867970783369913,4.9162718388295348],[-75.86806930701114,4.9163292308588025],[-75.868133609474867,4.9163795815060771],[-75.868233791491846,4.9163725877278459],[-75.868319768739781,4.916308156093427],[-75.868398666416141,4.9162006550912141],[-75.868441802776758,4.9160859114812752],[-75.86846342289995,4.9159998346911573],[-75.86852085714392,4.9158922932695956],[-75.868592574031609,4.9157991319825154],[-75.868714350944472,4.9157204127709582],[-75.868907650329945,4.9156561760459487],[-75.869043710705355,4.9155918360217683],[-75.869194171867747,4.915477287311246],[-75.869237269594805,4.9153840730438141],[-75.869337761097697,4.915204846693892],[-75.86945238212833,4.9151261148946848],[-75.869509738285188,4.915061631190671],[-75.869617359382246,4.9148967714947744],[-75.869739174449862,4.9147965229801596],[-75.869889634400792,4.9146819742880465],[-75.870054403769373,4.9145674516266054],[-75.870297930673772,4.9144243662699614],[-75.870405409200544,4.9143384439571749],[-75.870563153369432,4.9141521447842385],[-75.870670851934449,4.9139442257174988],[-75.870821802739073,4.9135569763500291],[-75.870764769882939,4.9134420525100033],[-75.870693310352323,4.9133916886058282],[-75.870578947560929,4.913326895238245],[-75.870435939925784,4.9132764010928858],[-75.869985662178436,4.913007669137917],[-75.868414312892241,4.9154591286189637],[-75.867970783369913,4.9162718388295348]]]},"properties":{"OBJECTID":95,"ID_COBERT":112,"N1_COBERT":1,"N2_COBERT":11,"N3_COBERT":112,"N4_COBERT":0,"NOMENCLAT":112,"AREA_HA":3.4145168412000002,"Leyenda_N2":"Zonas urbanizadas","RuleID":33,"Shape_Leng":1011.21528142,"LeyendaN3":"Tejido urbano discontinuo","Shape_Length":1011.2152814213648,"Shape_Area":34161.018881170261}},{"type":"Feature","id":96,"geometry":{"type":"Polygon","coordinates":[[[-75.867211412575443,4.9179724130893288],[-75.867517272182639,4.9182610533346933],[-75.867669599564238,4.9184335623349797],[-75.867917500919631,4.9185105599434005],[-75.868146528311954,4.9184727021582937],[-75.868375729792717,4.9183391592039261],[-75.86898770034675,4.917555657895794],[-75.869427780248699,4.9168675278381464],[-75.869656703896794,4.9168870789156776],[-75.869906330123243,4.9173300733641323],[-75.870014236291865,4.9170073324037462],[-75.870444265205464,4.9166014534546392],[-75.870706806831322,4.9164942834432077],[-75.870945369883472,4.9164588336474608],[-75.87116012566824,4.9163994191801512],[-75.87122546205218,4.9163471876685261],[-75.871248087303414,4.9162427692427082],[-75.871289374937874,4.9160805572682538],[-75.871323233765409,4.9159475416530016],[-75.871304257964255,4.91582557348789],[-75.87129282873974,4.9155504593955426],[-75.871305269268817,4.9152634284384291],[-75.871342334633439,4.9145458615158404],[-75.871366873394962,4.9141631675364561],[-75.871379421227815,4.9138163341329495],[-75.871403786948633,4.9135293241296312],[-75.871499680813045,4.9132544047229256],[-75.87167896222735,4.9130274783361969],[-75.87192985681196,4.9127647996801125],[-75.872108966572668,4.9126335572289133],[-75.872264053449882,4.9125979550039309],[-75.872349345807109,4.9125930778789506],[-75.872390689587235,4.9124690104037079],[-75.872462302771623,4.9124332571887681],[-75.872619762531798,4.9124048361110368],[-75.872748563230374,4.912397893132697],[-75.872834474156676,4.9123693429026725],[-75.872970429513344,4.9123624115320368],[-75.873113580680695,4.9123339652597258],[-75.873335356611292,4.9123487180947905],[-75.873464106293412,4.9123704803012886],[-75.873628605325223,4.9124066582821557],[-75.87380028404894,4.9124284974559984],[-75.873936150001086,4.9124718003902244],[-75.874086390527211,4.912479247858057],[-75.874222243983951,4.9125297277172537],[-75.874401014894872,4.9125874606198146],[-75.87450824780538,4.9126378893741185],[-75.874636959978815,4.9126811786761566],[-75.87480141973117,4.9127388863787642],[-75.874955301549647,4.9128078154363255],[-75.875188474486606,4.9127592365600421],[-75.875654846437527,4.9128163474122131],[-75.875884262446704,4.9128775247626386],[-75.876076719409184,4.9129288454356317],[-75.876081816526408,4.912927778535062],[-75.876146352178665,4.9128489559820983],[-75.876132144393694,4.9127915186619795],[-75.876089369589721,4.9127053251384512],[-75.876032232841382,4.9126478118350629],[-75.875982277537318,4.9125759588563298],[-75.875989573055008,4.9124970317040431],[-75.875568038052151,4.9121589836125539],[-75.875453737976926,4.9120583089820045],[-75.875332260084861,4.9119719739578889],[-75.875203470474204,4.9119717421939413],[-75.875074682647593,4.9119715094933483],[-75.874824350884424,4.9119208238903616],[-75.874602689615429,4.9118414848243352],[-75.874352229252736,4.9118625617750951],[-75.874137544047201,4.9118837040370549],[-75.873972954987607,4.9118977597247788],[-75.873865657002924,4.9118832131035406],[-75.873737049518994,4.9117825129080899],[-75.873622827371719,4.9116387784374584],[-75.873558523668294,4.9115884292013394],[-75.87349409037023,4.9116098409845215],[-75.873321961384633,4.911839174273755],[-75.873042675446328,4.9119750200635348],[-75.872856389667902,4.9121182104875558],[-75.872756169378349,4.9121467346944403],[-75.872670349667501,4.9121250503327651],[-75.872549050659828,4.9119382472756845],[-75.872484823837823,4.9118448385415858],[-75.872392030142549,4.9117226724079899],[-75.872227221667401,4.9118587251593198],[-75.872041026859819,4.911951681747821],[-75.871840650515907,4.911972848448678],[-75.871626234995389,4.9118432870478435],[-75.87156193219846,4.911792936634833],[-75.871318367974169,4.9119575509973075],[-75.871124901785123,4.9121150817182961],[-75.870788182798663,4.9123584672330542],[-75.870587575051189,4.9125088074357697],[-75.870465786390909,4.9125947035498925],[-75.869985662178436,4.913007669137917],[-75.870435939925784,4.9132764010928858],[-75.870578947560929,4.913326895238245],[-75.870693310352323,4.9133916886058282],[-75.870764769882939,4.9134420525100033],[-75.870821802739073,4.9135569763500291],[-75.870670851934449,4.9139442257174988],[-75.870563153369432,4.9141521447842385],[-75.870405409200544,4.9143384439571749],[-75.870297930673772,4.9144243662699614],[-75.870054403769373,4.9145674516266054],[-75.869889634400792,4.9146819742880465],[-75.869739174449862,4.9147965229801596],[-75.869617359382246,4.9148967714947744],[-75.869509738285188,4.915061631190671],[-75.86945238212833,4.9151261148946848],[-75.869337761097697,4.915204846693892],[-75.869237269594805,4.9153840730438141],[-75.869194171867747,4.915477287311246],[-75.869043710705355,4.9155918360217683],[-75.868907650329945,4.9156561760459487],[-75.868714350944472,4.9157204127709582],[-75.868592574031609,4.9157991319825154],[-75.86852085714392,4.9158922932695956],[-75.86846342289995,4.9159998346911573],[-75.868441802776758,4.9160859114812752],[-75.868398666416141,4.9162006550912141],[-75.868319768739781,4.916308156093427],[-75.868233791491846,4.9163725877278459],[-75.868133609474867,4.9163795815060771],[-75.86806930701114,4.9163292308588025],[-75.867970783369913,4.9162718388295348],[-75.867844661291528,4.9165029394269295],[-75.867588764180226,4.916971836269064],[-75.867211412575443,4.9179724130893288]]]},"properties":{"OBJECTID":96,"ID_COBERT":231,"N1_COBERT":2,"N2_COBERT":23,"N3_COBERT":231,"N4_COBERT":0,"NOMENCLAT":231,"AREA_HA":16.169904677800002,"Leyenda_N2":"Pastos","RuleID":27,"Shape_Leng":3197.6430682300002,"LeyendaN3":"Pastos limpios","Shape_Length":3197.6430682281502,"Shape_Area":161774.33365343566}},{"type":"Feature","id":97,"geometry":{"type":"Polygon","coordinates":[[[-75.884839149013288,4.9090921756629049],[-75.8850776673128,4.9090806416601991],[-75.885280198802604,4.9091886489022993],[-75.885482581234044,4.9093803802874758],[-75.885744460242691,4.9096439816890953],[-75.885958684087754,4.9098835775525931],[-75.886173118958325,4.9100035662431951],[-75.886733417918066,4.9101002513421221],[-75.88749701323529,4.9098743612352784],[-75.88780739873998,4.9096835453216041],[-75.888058096552186,4.9095285033636014],[-75.888201533897089,4.9093373880853566],[-75.8883808945575,4.9090626126043881],[-75.888453015528015,4.9087398044486159],[-75.888346137175034,4.9084884399759483],[-75.888060321441841,4.9082726398553653],[-75.887023962722083,4.9076488391149153],[-75.886488214124896,4.9071574979516033],[-75.886286023135114,4.9068581208666577],[-75.885977144336053,4.9061997349357975],[-75.885858723557334,4.9057330587040786],[-75.88583348514139,4.9056251016312924],[-75.885609854009473,4.9056016309969017],[-75.885558664251931,4.9068257248995604],[-75.885331796215766,4.9069927693131099],[-75.884997009637388,4.9074945177746283],[-75.884839149013288,4.9090921756629049]]]},"properties":{"OBJECTID":97,"ID_COBERT":232,"N1_COBERT":2,"N2_COBERT":23,"N3_COBERT":232,"N4_COBERT":0,"NOMENCLAT":232,"AREA_HA":10.144228568999999,"Leyenda_N2":"Pastos","RuleID":25,"Shape_Leng":1417.5721072399999,"LeyendaN3":"Pastos arbolados","Shape_Length":1417.572107235269,"Shape_Area":101493.51373151282}},{"type":"Feature","id":98,"geometry":{"type":"MultiPolygon","coordinates":[[[[-75.877619216952155,4.9121052657755877],[-75.877559293472075,4.9122726067345441],[-75.877379949124034,4.9125354165335917],[-75.877176691945849,4.9128340659992338],[-75.876937658524781,4.9131326512101881],[-75.876744528409461,4.9132993380043093],[-75.876882645791781,4.9133874129968458],[-75.877529862727627,4.9138823437810517],[-75.878241046402437,4.91425420841251],[-75.87831956956488,4.9142761935747581],[-75.87814042517644,4.9140557799799742],[-75.87795043964681,4.9136009365088471],[-75.877986856207272,4.91324218346546],[-75.878094501975539,4.9130629680138833],[-75.878166691940109,4.9127042810853698],[-75.878155173227256,4.9124770086063796],[-75.878036502498958,4.9121538590062936],[-75.877905692363171,4.9119502927549972],[-75.87772686194711,4.9119260504315765],[-75.877619216952155,4.9121052657755877]]],[[[-75.872012557009128,4.9131955291381599],[-75.871737704856045,4.9135179676036707],[-75.871713295767194,4.9138288985186902],[-75.871607674219746,4.9152753136898948],[-75.871628799383075,4.9152338773544137],[-75.872085652953004,4.9145200437944858],[-75.872494924291217,4.9141488450299775],[-75.873065991559898,4.9137300571347948],[-75.874198618305513,4.9131209189416518],[-75.874218014749658,4.9131112205291538],[-75.874016192849467,4.9130556208284499],[-75.873646500575447,4.913066914764495],[-75.873276850739927,4.9130542866511444],[-75.873002600157974,4.913041830983345],[-75.872657037205954,4.9128976799263553],[-75.872502013796222,4.9128973999236498],[-75.872179741994017,4.9130642656896359],[-75.872012557009128,4.9131955291381599]]],[[[-75.870395833307015,4.9170080242150744],[-75.870288121280936,4.9172231196833467],[-75.870335476581772,4.9174145740958561],[-75.870526081300099,4.9175225648403407],[-75.870776117707621,4.917738307180894],[-75.870973941966682,4.9179257275150805],[-75.870991104650798,4.9175371952622209],[-75.871120940086328,4.9168323681507582],[-75.870944638762367,4.9168654914796672],[-75.870575008607673,4.9168409016541066],[-75.870395833307015,4.9170080242150744]]]]},"properties":{"OBJECTID":98,"ID_COBERT":221,"N1_COBERT":2,"N2_COBERT":22,"N3_COBERT":221,"N4_COBERT":2212,"NOMENCLAT":2212,"AREA_HA":5.3211568731299996,"Leyenda_N2":"Cultivos permanentes","RuleID":13,"Shape_Leng":1928.7945937699999,"LeyendaN3":"Caña","Shape_Length":1928.7945937722188,"Shape_Area":53236.827387593687}},{"type":"Feature","id":99,"geometry":{"type":"MultiPolygon","coordinates":[[[[-75.870291835903785,4.9217800998853205],[-75.870028148669704,4.9225211759982486],[-75.869789043593215,4.9228556385664968],[-75.869582453865945,4.9230964939172432],[-75.869739278023516,4.9231217890515442],[-75.869911147900126,4.9231184830725523],[-75.869971808146317,4.9230336315794521],[-75.870306442421963,4.922627579996278],[-75.870330787761787,4.9223525310371903],[-75.870390929828133,4.9220655859627502],[-75.870403286067585,4.9218263985785544],[-75.870347584561998,4.9216162714614349],[-75.870291835903785,4.9217800998853205]]],[[[-75.867449124608882,4.9242986140822422],[-75.867424971222619,4.9244660179639084],[-75.867460400668506,4.9246574518489261],[-75.867555541507485,4.9248011507042353],[-75.867698231606099,4.9250286612519556],[-75.867769435579547,4.9252201594824401],[-75.867828542685956,4.9255073201314019],[-75.867851937952565,4.9257585338639807],[-75.867803805339989,4.9259976573618491],[-75.867620374550086,4.9263718878927936],[-75.86787246721029,4.9263055502091708],[-75.868042181015426,4.9262105138014443],[-75.86811685405074,4.9261086824814395],[-75.868157584224406,4.9259389771934723],[-75.868164371864978,4.9255995561961905],[-75.868139860189771,4.9253923249017815],[-75.868059698481488,4.9253026646931426],[-75.867988536029614,4.925087244597302],[-75.868081023373364,4.9248565539498914],[-75.868035409388369,4.9242692323995323],[-75.868021569265537,4.924275734206268],[-75.867818865854488,4.9242634051846981],[-75.86764003336431,4.924239159144884],[-75.867449124608882,4.9242986140822422]]],[[[-75.865225130737912,4.9275717531254504],[-75.865022078087023,4.9277507909145246],[-75.864926157043811,4.9280376690109788],[-75.864997014463896,4.9284205358117728],[-75.865091634641558,4.9288512874512165],[-75.865079209908032,4.9291263566551846],[-75.864995344529348,4.9293414941926876],[-75.864852047756102,4.9294488769132903],[-75.864720632677347,4.9295802025342326],[-75.864577162032333,4.9297832706455393],[-75.864588913464345,4.9298789760165187],[-75.864779455998246,4.9300228503354733],[-75.864993934029457,4.9301189258785572],[-75.865208499811388,4.9301671590933509],[-75.865399324612355,4.9301555468261551],[-75.865590277766373,4.9300721712111457],[-75.865684237738108,4.9300003772830081],[-75.865666240380591,4.9297879986514683],[-75.865605144136339,4.9293195988935246],[-75.865600331364476,4.9292560860539218],[-75.86557120213034,4.9288715644100609],[-75.86554404617263,4.9285728752844964],[-75.86551689477308,4.9283420693161641],[-75.865449011810014,4.9281655720079272],[-75.865286089013324,4.927968706476114],[-75.865245355341145,4.9278533035085097],[-75.865258935521169,4.9277243237952639],[-75.865353972863531,4.927561407373199],[-75.865507729549705,4.9273980388996792],[-75.865225130737912,4.9275717531254504]]]]},"properties":{"OBJECTID":99,"ID_COBERT":314,"N1_COBERT":3,"N2_COBERT":31,"N3_COBERT":314,"N4_COBERT":0,"NOMENCLAT":314,"AREA_HA":3.30864386908,"Leyenda_N2":"Bosques","RuleID":6,"Shape_Leng":1762.5425171899999,"LeyendaN3":"Bosque de galería y/o ripario","Shape_Length":1762.542517190361,"Shape_Area":33101.513264028916}},{"type":"Feature","id":100,"geometry":{"type":"MultiPolygon","coordinates":[[[[-75.870627222933479,4.9209554292954394],[-75.870519617816527,4.921110721700984],[-75.870347584561998,4.9216162714614349],[-75.870403286067585,4.9218263985785544],[-75.870390929828133,4.9220655859627502],[-75.870330787761787,4.9223525310371903],[-75.870306442421963,4.922627579996278],[-75.869971808146317,4.9230336315794521],[-75.869911147900126,4.9231184830725523],[-75.870092278811967,4.9231149996924106],[-75.870363814917027,4.9230471191101097],[-75.870567463780688,4.9229113493546492],[-75.870642139987453,4.9227280604923971],[-75.870696447075247,4.9223343321796147],[-75.870798269291285,4.9213568021148202],[-75.870878529224854,4.9207332682736853],[-75.870627222933479,4.9209554292954394]]],[[[-75.867988536029614,4.925087244597302],[-75.868059698481488,4.9253026646931426],[-75.868139860189771,4.9253923249017815],[-75.868089697108388,4.9249682325051687],[-75.868081023373364,4.9248565539498914],[-75.867988536029614,4.925087244597302]]],[[[-75.86810275998387,4.9321339624427658],[-75.868233527114413,4.9323614501178641],[-75.868232661184976,4.9328398710217103],[-75.868208203541926,4.9331747213844332],[-75.868117417247504,4.9333724408988617],[-75.868442697136501,4.9334673115654075],[-75.868666710280408,4.9334808898613796],[-75.868863573637867,4.9334741030281402],[-75.869080805382453,4.933331544391919],[-75.869189421206826,4.9330939535973233],[-75.869179274014684,4.9329798112519381],[-75.869162264806377,4.9327884737741821],[-75.869046861854173,4.9324490551087807],[-75.868904307838605,4.9322454003458356],[-75.868646348834019,4.9320485380338237],[-75.868272986011306,4.9318448877572161],[-75.867900092626641,4.931790194561728],[-75.86810275998387,4.9321339624427658]]]]},"properties":{"OBJECTID":100,"ID_COBERT":314,"N1_COBERT":3,"N2_COBERT":31,"N3_COBERT":314,"N4_COBERT":0,"NOMENCLAT":314,"AREA_HA":2.6469902937400001,"Leyenda_N2":"Bosques","RuleID":6,"Shape_Leng":1304.13554608,"LeyendaN3":"Bosque de galería y/o ripario","Shape_Length":1304.1355460771165,"Shape_Area":26482.143914338372}},{"type":"Feature","id":101,"geometry":{"type":"MultiPolygon","coordinates":[[[[-75.884648096310144,4.9092353618726756],[-75.884492648387621,4.9094742967604281],[-75.884396718364528,4.9097731407565979],[-75.884348423962777,4.9101079524052453],[-75.884324127155807,4.9103590821142404],[-75.884216314728832,4.9106339829425139],[-75.884084928827789,4.9107533540299517],[-75.883881864636876,4.9109443611211177],[-75.883619220161975,4.9111113402005921],[-75.883464026957569,4.9112067472728764],[-75.883380872118551,4.9113230733435538],[-75.88356666497053,4.9111871273124201],[-75.884010411504761,4.9109229930126528],[-75.884271881159478,4.9106932736510789],[-75.884376574617434,4.9104267753132245],[-75.884443199066482,4.9099984710022699],[-75.884519343760573,4.909570169843251],[-75.884633558429712,4.9093322222683877],[-75.88481439851175,4.9091799355710322],[-75.885023788308118,4.9091704184961076],[-75.885271250776242,4.9093036686084908],[-75.885575825786319,4.9096082421840945],[-75.885766180675461,4.9097985972574723],[-75.886013645908491,4.9099699186329451],[-75.886318214259703,4.9100365420812606],[-75.88678459221201,4.9101126851348917],[-75.887070127339015,4.9100936468845111],[-75.887764930315257,4.9098081131024003],[-75.888221785262417,4.9094464365535408],[-75.88845973149661,4.9090562052041262],[-75.888526356680941,4.9087421153450803],[-75.888355035840021,4.9083233291734683],[-75.887888660314914,4.9079426164821207],[-75.88729422896013,4.9074986736340627],[-75.887136752117314,4.907381064268538],[-75.886765556425289,4.906981314441393],[-75.886451462836163,4.9065339760118327],[-75.886183055522352,4.9059452025454178],[-75.886156414078826,4.9058867647801527],[-75.886060695963906,4.9055517602016456],[-75.885783599406736,4.9053179409753946],[-75.88579576747567,4.9053180121997935],[-75.885816667313748,4.9053181333492528],[-75.885881039474256,4.9053185094473681],[-75.885901381473857,4.9053186293904805],[-75.885864077937541,4.9051741522433305],[-75.885830320122764,4.9050434078999032],[-75.885829480626001,4.9049982062550042],[-75.885828142898021,4.9049261901982959],[-75.885780914918129,4.9046607478412101],[-75.885793199601196,4.9043431686163173],[-75.885793412065965,4.9043376657280371],[-75.885815173609657,4.9041702555574247],[-75.88586553760473,4.904012463870763],[-75.885932478346803,4.9039216835307595],[-75.886006598432445,4.9038165608961073],[-75.886092667852125,4.9036971078907312],[-75.886190587220312,4.9036207354115877],[-75.886360041122728,4.9035516653487363],[-75.886390902113064,4.9035462360618522],[-75.886548511891561,4.9035185122011553],[-75.88658811800147,4.903520652222638],[-75.886777445621078,4.9035308801259161],[-75.887061161455918,4.9035840132501916],[-75.88721842964604,4.9036632332626269],[-75.887334540336781,4.9037286679470631],[-75.88741856523734,4.9037760198919322],[-75.887523392687669,4.9038384020789776],[-75.88783066182863,4.9040590252985181],[-75.887958498932917,4.9041402216729022],[-75.887985510744599,4.9041573781053582],[-75.888214170450752,4.9043252340689589],[-75.888511989441042,4.9044956062549447],[-75.888577534054534,4.9045172021245493],[-75.88874557893206,4.9045725692574296],[-75.888924403569078,4.9045992012398472],[-75.889091418766455,4.9045612238872014],[-75.889249143387858,4.9045074696143525],[-75.889279945565107,4.90449697234805],[-75.889337298498859,4.9044324876705243],[-75.889358995351117,4.9043009579266492],[-75.889342580557766,4.9041430478094084],[-75.889309244431374,4.9041118914178359],[-75.889230676987367,4.9040352040823283],[-75.889055292610763,4.9038370412247181],[-75.888854584758448,4.9036102650329401],[-75.888766759956823,4.9034353724229724],[-75.888743965031864,4.9033899811551906],[-75.888743498732964,4.9033890521696293],[-75.888718376154557,4.9033480810302255],[-75.888566924742676,4.9031010921226388],[-75.888439970411213,4.9029069802741194],[-75.888310045288492,4.902708325617402],[-75.888250054140883,4.9025373130094767],[-75.888200887234561,4.9023971547438414],[-75.888163607764355,4.9018995256307027],[-75.888207096141485,4.9015838422431717],[-75.888260267871786,4.9011868431297714],[-75.88826272974714,4.9011756984091797],[-75.88835643545859,4.9007516470147792],[-75.888423584390011,4.900541259111888],[-75.888461600230087,4.9004527235768016],[-75.888552905320012,4.9002400809215896],[-75.888744063595865,4.9000346977691995],[-75.888987597368683,4.8998820342231344],[-75.889211935382974,4.8997963168081284],[-75.889268737039771,4.8997616919056037],[-75.88949366239541,4.8996245832829306],[-75.889540771469953,4.8995556797437905],[-75.88958393477732,4.8994925465011443],[-75.889631591012531,4.8994228424692592],[-75.88965610124086,4.899343419615148],[-75.889713904759873,4.8991561177726641],[-75.889704659920199,4.8989886514730863],[-75.889710591837812,4.8988608426117839],[-75.889719535922595,4.8986681334917321],[-75.88964887419165,4.8981656607293385],[-75.889625430093247,4.8979359735448682],[-75.889597411441969,4.8978161237187177],[-75.889563887347933,4.8976727306691679],[-75.889440393700269,4.8973758869123358],[-75.889302499321516,4.8971316454799485],[-75.889196593631013,4.8970195286643783],[-75.889026362079065,4.8968393143901574],[-75.888816683472868,4.8967289040459967],[-75.888402022230082,4.8965424701030553],[-75.888234329166977,4.8964811742763761],[-75.888230401114441,4.8964797377932765],[-75.88804930360098,4.8964069951267071],[-75.887892209579022,4.8962296982406333],[-75.88777327680566,4.8960524687741938],[-75.887678353267276,4.8957843816777604],[-75.887621605804526,4.8955067943429613],[-75.887544193838295,4.8952306890797459],[-75.887433202475862,4.8948348181096213],[-75.887398826772881,4.8947122113450305],[-75.886946014802888,4.893981365826467],[-75.886795621194267,4.8937406287991942],[-75.886520244142901,4.8932998282666729],[-75.886457073209968,4.8931987107343868],[-75.886345201814478,4.8930741213871913],[-75.886268905302444,4.8929891496405187],[-75.886233330459163,4.8929495310924569],[-75.885993592692188,4.8928459336809764],[-75.885885412234899,4.8928152269280041],[-75.885111614159982,4.8925955831779246],[-75.884658187242309,4.8924132519683221],[-75.884287019968866,4.8922640006792957],[-75.883743361663278,4.8920323136419785],[-75.883728983452713,4.8920261866568726],[-75.883540142807362,4.891945710710031],[-75.883026014854906,4.8917266087869438],[-75.882946455322994,4.8916927030496007],[-75.882946069823959,4.8916925392979973],[-75.882786052478323,4.8916243465917688],[-75.882744692795541,4.8916067207818363],[-75.882705520309955,4.8915937414920716],[-75.88265836479799,4.8915781201582638],[-75.881907029761237,4.8913292104153205],[-75.881869064765382,4.8913166335138643],[-75.881717733555547,4.8912549038291564],[-75.881253246531571,4.8910654372233058],[-75.881108709413112,4.8910064810614129],[-75.881093588379883,4.8909994460657629],[-75.880600918132828,4.8907703043965371],[-75.880311496845394,4.8906356936679396],[-75.880301650271008,4.890661934472865],[-75.880255973043248,4.8907922120792593],[-75.880213139534604,4.8909234590852995],[-75.880173171096445,4.8910556103185048],[-75.880136086403866,4.8911886069450512],[-75.880103934666536,4.8913144307483387],[-75.880141921511992,4.8913274749885982],[-75.880975863312457,4.8916138395695787],[-75.882966500499194,4.8923741135162562],[-75.883071520540454,4.8923098897700124],[-75.883156257120419,4.8923397399803719],[-75.883251536967137,4.8924056940576008],[-75.883430336794589,4.8924448837950765],[-75.883567389237726,4.8924899813156264],[-75.883707369702122,4.8925649840506207],[-75.883865274991933,4.8926190892800783],[-75.883984478354861,4.8926432219367495],[-75.884130453206282,4.8927002953501137],[-75.884270519831489,4.8927274564411283],[-75.884371782783404,4.8927814603562689],[-75.884446284659163,4.8927965433098439],[-75.884509888595588,4.8928374648229944],[-75.884395694758851,4.8929199552474847],[-75.885280107051898,4.8932577293130519],[-75.886238487397989,4.8934603739560556],[-75.886410074729071,4.8935324428493363],[-75.886624031361478,4.8939203480590674],[-75.88688099417466,4.8942652719816291],[-75.887066687440552,4.8944521882118641],[-75.887252254345199,4.8947108681294917],[-75.887309214555728,4.8948688495940011],[-75.887419590388077,4.89567694297883],[-75.887519021815365,4.8960933503906547],[-75.887818964570428,4.896409644054156],[-75.888176170685341,4.8967116879535038],[-75.888891167422898,4.8969856610548357],[-75.88907698913718,4.8971008131558493],[-75.889191035635093,4.8973450122230684],[-75.889319289925311,4.8976466487112518],[-75.889404590216188,4.8979625623542251],[-75.889546394248583,4.8986948055013011],[-75.889574405290247,4.8990393215626931],[-75.889602593841957,4.8992833699415845],[-75.88938751745583,4.8995269841947202],[-75.889100970814638,4.8997274142908855],[-75.888828834027493,4.8998704585002555],[-75.888585265266144,4.9000422583388392],[-75.88842752966201,4.9002285641810968],[-75.888300692000925,4.9004747283304182],[-75.888048433405913,4.9015148557530077],[-75.887940242548737,4.9020050494629439],[-75.887975657024768,4.9022084435353728],[-75.888082133656283,4.902687058501785],[-75.888212713045363,4.9030221882702278],[-75.888379215248051,4.9032736587921395],[-75.888581491927255,4.9035251922714735],[-75.888760024904116,4.9037168798797932],[-75.888986193948071,4.9039445347790833],[-75.889093284419289,4.9040762927297274],[-75.889152759592719,4.9041601229630905],[-75.889200247477945,4.9042798143071957],[-75.88920003655177,4.90439941921084],[-75.889164156291571,4.9044591586527977],[-75.889056748853392,4.9045068108504033],[-75.888830114440267,4.9045422893313635],[-75.888603607464077,4.9045060040429682],[-75.888377247760261,4.9043859946298873],[-75.88798430192962,4.9040623586116192],[-75.88749589488107,4.9037744326819679],[-75.887257631675553,4.9036424415528028],[-75.886923992394458,4.9034983194078574],[-75.886733281503808,4.9034501369435937],[-75.88654252741236,4.903425875991811],[-75.886423237465792,4.9034495845312307],[-75.88624421789406,4.9035329900288085],[-75.886041263726597,4.9036641953424578],[-75.885885966972239,4.9038194062109843],[-75.885742551444253,4.9039985603593621],[-75.885670684748447,4.9041778418473596],[-75.885670451573972,4.9043094074701363],[-75.885670132904508,4.9044888171943661],[-75.885704868756036,4.9050749491128682],[-75.88583348514139,4.9056251016312924],[-75.885858723557334,4.9057330587040786],[-75.885977144336053,4.9061997349357975],[-75.886286023135114,4.9068581208666577],[-75.886488214124896,4.9071574979516033],[-75.887023962722083,4.9076488391149153],[-75.888060321441841,4.9082726398553653],[-75.888346137175034,4.9084884399759483],[-75.888453015528015,4.9087398044486159],[-75.8883808945575,4.9090626126043881],[-75.888201533897089,4.9093373880853566],[-75.888058096552186,4.9095285033636014],[-75.88780739873998,4.9096835453216041],[-75.88749701323529,4.9098743612352784],[-75.886733417918066,4.9101002513421221],[-75.886173118958325,4.9100035662431951],[-75.885958684087754,4.9098835775525931],[-75.885744460242691,4.9096439816890953],[-75.885482581234044,4.9093803802874758],[-75.885280198802604,4.9091886489022993],[-75.8850776673128,4.9090806416601991],[-75.884839149013288,4.9090921756629049],[-75.884648096310144,4.9092353618726756]]],[[[-75.881607074981616,4.9129875682484725],[-75.881674144221037,4.913010105125835],[-75.882002982469018,4.9131205930388404],[-75.882383337317933,4.913141725202709],[-75.882731999410581,4.9130255042988669],[-75.882943304006858,4.9128353272896135],[-75.882985568132895,4.9125500609714852],[-75.88299080711478,4.9124575006977942],[-75.882912991223421,4.9126051533922652],[-75.882853110706435,4.9127485724274029],[-75.882650025001695,4.9129515400691552],[-75.882351881272783,4.9129629667377079],[-75.881910957465706,4.9127947268532823],[-75.881422421284242,4.9125785610513315],[-75.881160350332038,4.9124226020729624],[-75.880969659376248,4.9123624570098601],[-75.880731097588722,4.9123979110567069],[-75.880575753905106,4.9125770415622583],[-75.880451091470533,4.9127742330283075],[-75.880568898395737,4.9127567812995183],[-75.880617215918477,4.9127496215302848],[-75.880640862296872,4.9127489661436119],[-75.880959856695256,4.9127401066908574],[-75.881607074981616,4.9129875682484725]]],[[[-75.877905692363171,4.9119502927549972],[-75.878036502498958,4.9121538590062936],[-75.878155173227256,4.9124770086063796],[-75.878166691940109,4.9127042810853698],[-75.878094501975539,4.9130629680138833],[-75.877986856207272,4.91324218346546],[-75.87795043964681,4.9136009365088471],[-75.87814042517644,4.9140557799799742],[-75.87831956956488,4.9142761935747581],[-75.878527379367398,4.9143343806381257],[-75.878825162668477,4.9143687399805263],[-75.878933937018388,4.9143291846966282],[-75.878748317995345,4.914212361209481],[-75.87846269774775,4.9138889119065574],[-75.878236466238704,4.9136971355106036],[-75.878153270659183,4.9135414980512291],[-75.878189494096731,4.9132903906803636],[-75.878332999736102,4.9130633977680649],[-75.878405019062882,4.9128003933504507],[-75.87845314561568,4.9125612690810323],[-75.878429830216064,4.9122622115155403],[-75.878346890358813,4.9119630471320983],[-75.878204133849366,4.9117714214786794],[-75.878001688787748,4.9116155692645087],[-75.877727482307819,4.9115791952981098],[-75.877453038229746,4.9116743850504099],[-75.877226017459265,4.9119251491511617],[-75.877201910538517,4.9120686326786434],[-75.877165879780435,4.9122120953688828],[-75.877069966954821,4.9124989772959635],[-75.876806934933612,4.9128812420050307],[-75.876556233929293,4.9130362792578808],[-75.876447820124426,4.9131101335934311],[-75.876744528409461,4.9132993380043093],[-75.876937658524781,4.9131326512101881],[-75.877176691945849,4.9128340659992338],[-75.877379949124034,4.9125354165335917],[-75.877559293472075,4.9122726067345441],[-75.877619216952155,4.9121052657755877],[-75.87772686194711,4.9119260504315765],[-75.877905692363171,4.9119502927549972]]],[[[-75.87167896222735,4.9130274783361969],[-75.871499680813045,4.9132544047229256],[-75.871403786948633,4.9135293241296312],[-75.871379421227815,4.9138163341329495],[-75.871366873394962,4.9141631675364561],[-75.871342334633439,4.9145458615158404],[-75.871305269268817,4.9152634284384291],[-75.87129282873974,4.9155504593955426],[-75.871304257964255,4.91582557348789],[-75.871323233765409,4.9159475416530016],[-75.871381336103724,4.9157192869908961],[-75.871468698406744,4.9155479242012614],[-75.871607674219746,4.9152753136898948],[-75.871713295767194,4.9138288985186902],[-75.871737704856045,4.9135179676036707],[-75.872012557009128,4.9131955291381599],[-75.872179741994017,4.9130642656896359],[-75.872502013796222,4.9128973999236498],[-75.872657037205954,4.9128976799263553],[-75.873002600157974,4.913041830983345],[-75.873276850739927,4.9130542866511444],[-75.873646500575447,4.913066914764495],[-75.874016192849467,4.9130556208284499],[-75.874218014749658,4.9131112205291538],[-75.874531810955247,4.9129543190208276],[-75.874433798635906,4.912924808296963],[-75.873611326591273,4.9127319543804129],[-75.872466797798182,4.9125863610052782],[-75.872349345807109,4.9125930778789506],[-75.872264053449882,4.9125979550039309],[-75.872108966572668,4.9126335572289133],[-75.87192985681196,4.9127647996801125],[-75.87167896222735,4.9130274783361969]]],[[[-75.870014236291865,4.9170073324037462],[-75.869906330123243,4.9173300733641323],[-75.869977254245043,4.9176770571962276],[-75.870072266686478,4.9178925199159691],[-75.870250838857444,4.9180602904952329],[-75.870596381809293,4.9182164047474064],[-75.870954134283053,4.9183741608837739],[-75.870958569419514,4.9182737374505754],[-75.870973941966682,4.9179257275150805],[-75.870776117707621,4.917738307180894],[-75.870526081300099,4.9175225648403407],[-75.870335476581772,4.9174145740958561],[-75.870288121280936,4.9172231196833467],[-75.870395833307015,4.9170080242150744],[-75.870575008607673,4.9168409016541066],[-75.870944638762367,4.9168654914796672],[-75.871120940086328,4.9168323681507582],[-75.871124352859042,4.9168138388553748],[-75.87122546205218,4.9163471876685261],[-75.87116012566824,4.9163994191801512],[-75.870945369883472,4.9164588336474608],[-75.870706806831322,4.9164942834432077],[-75.870444265205464,4.9166014534546392],[-75.870014236291865,4.9170073324037462]]],[[[-75.869582453865945,4.9230964939172432],[-75.869789043593215,4.9228556385664968],[-75.870028148669704,4.9225211759982486],[-75.870291835903785,4.9217800998853205],[-75.870347584561998,4.9216162714614349],[-75.870519617816527,4.921110721700984],[-75.870627222933479,4.9209554292954394],[-75.870878529224854,4.9207332682736853],[-75.870886521642021,4.9206711738247568],[-75.870905244675498,4.9202873233253301],[-75.870890757806393,4.920298075344836],[-75.870723614808043,4.920405417746248],[-75.870630627592135,4.9205264904635246],[-75.87048417867598,4.920717172681055],[-75.870329162794022,4.9209190071336977],[-75.870149641341214,4.9212774983718237],[-75.870029592790772,4.9217198211769322],[-75.869897576733422,4.9221860441959988],[-75.86955069517353,4.9227714814832773],[-75.869256331003598,4.9230589689905004],[-75.869318401472299,4.9230539024008335],[-75.869582453865945,4.9230964939172432]]],[[[-75.867127082591281,4.9243339108891844],[-75.867102584155361,4.9246926815734584],[-75.867209391156621,4.9249799296323173],[-75.867316391075732,4.9251595328218665],[-75.867411424352554,4.9253630343343708],[-75.867494315518798,4.9256861202485522],[-75.86745787085863,4.926056830512004],[-75.867233743986873,4.9264329278316659],[-75.867614511489649,4.9263734308409317],[-75.867620374550086,4.9263718878927936],[-75.867803805339989,4.9259976573618491],[-75.867851937952565,4.9257585338639807],[-75.867828542685956,4.9255073201314019],[-75.867769435579547,4.9252201594824401],[-75.867698231606099,4.9250286612519556],[-75.867555541507485,4.9248011507042353],[-75.867460400668506,4.9246574518489261],[-75.867424971222619,4.9244660179639084],[-75.867449124608882,4.9242986140822422],[-75.86764003336431,4.924239159144884],[-75.867818865854488,4.9242634051846981],[-75.868021569265537,4.924275734206268],[-75.868035409388369,4.9242692323995323],[-75.868035393199747,4.9242690299952701],[-75.868067644041517,4.9238626619016843],[-75.868010358194752,4.9238810150355343],[-75.867795620335158,4.9239284677077642],[-75.867557119193592,4.923928033712885],[-75.867378092091286,4.9240114314421772],[-75.867246787819553,4.9240829567000084],[-75.867127082591281,4.9243339108891844]]],[[[-75.864898164276852,4.9303220793532674],[-75.865255744821141,4.9304184169037786],[-75.86550617306132,4.9304188730444434],[-75.86576441902055,4.9304026355041595],[-75.865700181801955,4.9301885148332234],[-75.865684237738108,4.9300003772830081],[-75.865590277766373,4.9300721712111457],[-75.865399324612355,4.9301555468261551],[-75.865208499811388,4.9301671590933509],[-75.864993934029457,4.9301189258785572],[-75.864779455998246,4.9300228503354733],[-75.864588913464345,4.9298789760165187],[-75.864577162032333,4.9297832706455393],[-75.864720632677347,4.9295802025342326],[-75.864852047756102,4.9294488769132903],[-75.864995344529348,4.9293414941926876],[-75.865079209908032,4.9291263566551846],[-75.865091634641558,4.9288512874512165],[-75.864997014463896,4.9284205358117728],[-75.864926157043811,4.9280376690109788],[-75.865022078087023,4.9277507909145246],[-75.865225130737912,4.9275717531254504],[-75.865507729549705,4.9273980388996792],[-75.865788430756325,4.9270997920432729],[-75.865966919976586,4.9269714064750803],[-75.865750917095937,4.9269746844850371],[-75.865333430534506,4.9270337261688555],[-75.865022966574216,4.9272604107832203],[-75.864795892356682,4.9275350884407443],[-75.864628441968236,4.9278098760644964],[-75.864496659175302,4.9281445301393756],[-75.86446042716608,4.9283956347444278],[-75.864531370535175,4.9287306603839243],[-75.864626338247248,4.9289700441621189],[-75.864613935969615,4.9292331529044402],[-75.864482368751851,4.9294482024189215],[-75.864362835298309,4.9296034709272698],[-75.864279033937194,4.929782725947419],[-75.864266782858451,4.92996211172205],[-75.86449299241842,4.9301658534170318],[-75.864898164276852,4.9303220793532674]]],[[[-75.867578767137161,4.9317383100866445],[-75.867887955809849,4.9322172946384164],[-75.867946975194982,4.9325522969506705],[-75.867946369565715,4.9328871916632],[-75.867898170371319,4.9331621960885652],[-75.867789287005564,4.9333470770443499],[-75.868116854173451,4.9333722770141142],[-75.868117417247504,4.9333724408988617],[-75.868208203541926,4.9331747213844332],[-75.868232661184976,4.9328398710217103],[-75.868233527114413,4.9323614501178641],[-75.86810275998387,4.9321339624427658],[-75.867900092626641,4.931790194561728],[-75.867763856791413,4.9317702129270664],[-75.867571434953902,4.9317274515389435],[-75.867578767137161,4.9317383100866445]]]]},"properties":{"OBJECTID":101,"ID_COBERT":511,"N1_COBERT":5,"N2_COBERT":51,"N3_COBERT":511,"N4_COBERT":0,"NOMENCLAT":511,"AREA_HA":88.830107497200004,"Leyenda_N2":"Aguas continentales","RuleID":31,"Shape_Leng":39787.636700900002,"LeyendaN3":"Ríos (50 m)","Shape_Length":15482.677697971156,"Shape_Area":209906.97127213879}},{"type":"Feature","id":102,"geometry":{"type":"MultiPolygon","coordinates":[[[[-75.87992102905784,4.8928269605656158],[-75.879921309804928,4.8928527736504988],[-75.879974953325544,4.8928602566030905],[-75.879990296099677,4.892719411883717],[-75.87992230669029,4.8927095700395924],[-75.87992102905784,4.8928269605656158]]],[[[-75.86344768188323,4.9292190636437132],[-75.86268475815244,4.9316863216179687],[-75.861857715607869,4.9346418731059929],[-75.862027836618125,4.9345998669856881],[-75.863199490871096,4.9306132078161795],[-75.863756907433341,4.9287261769049637],[-75.863786532824932,4.9286258865378603],[-75.864178041051147,4.9273004993480161],[-75.864646550649013,4.9257144238249788],[-75.865316011002463,4.9234838076517287],[-75.865963376972076,4.9215976125398209],[-75.866092595491992,4.9213610294361985],[-75.866608598169321,4.9208955071180718],[-75.866945180160172,4.9207310633615897],[-75.867346028298229,4.9206384993592014],[-75.86770380331771,4.9206247973819144],[-75.868161722406029,4.9206256285819032],[-75.87048417867598,4.920717172681055],[-75.870630627592135,4.9205264904635246],[-75.868805981831315,4.9204545665316886],[-75.86822651887239,4.9204032804306763],[-75.867940617764418,4.920237705623995],[-75.867518901409909,4.9200001206991173],[-75.867225948622448,4.9197771218891884],[-75.867111767859299,4.9196118596756788],[-75.867054787149286,4.9194682290850267],[-75.866983872888184,4.9191164597832469],[-75.866977378906626,4.9187504558115371],[-75.867020801163704,4.9184778342186632],[-75.867211412575443,4.9179724130893288],[-75.867588764180226,4.916971836269064],[-75.867844661291528,4.9165029394269295],[-75.867970783369913,4.9162718388295348],[-75.868414312892241,4.9154591286189637],[-75.869985662178436,4.913007669137917],[-75.870265983415578,4.9122977197279019],[-75.870317020046244,4.9120096265867321],[-75.872554322106495,4.9103307552001327],[-75.873437701989786,4.9098060849347336],[-75.874798030869911,4.9093061935106626],[-75.875430559950487,4.9090202786169543],[-75.876278375652717,4.9083759333992028],[-75.876696428638155,4.9079939458307154],[-75.877542922064137,4.9065648128406574],[-75.87754565363079,4.9065602011397376],[-75.87801476097566,4.9056557956263198],[-75.877923195545961,4.9056498767544445],[-75.877402556100392,4.906559944120656],[-75.87658927587924,4.9078980688624529],[-75.875753192790754,4.9086500807114053],[-75.874965342145231,4.909103163879565],[-75.874368737228124,4.9093054198054586],[-75.873485744755243,4.9096148019854091],[-75.872662095997967,4.9100797771571898],[-75.871264980080895,4.9111417437672067],[-75.870347727399349,4.9118362907342519],[-75.870381635982966,4.9116448820753256],[-75.870439817186877,4.9111211149627056],[-75.870470243968583,4.9101164829233896],[-75.87005267446753,4.9075753033757774],[-75.869919872094187,4.9068133256712541],[-75.869815426133286,4.9068527547122578],[-75.869803995204435,4.9068573577285273],[-75.869855552724161,4.9071132690124859],[-75.870307864168694,4.910228618380831],[-75.870249282722156,4.9109748516530827],[-75.870161952854772,4.9117927958938896],[-75.869802347091252,4.9128255379085619],[-75.869070426800718,4.9140011299316795],[-75.868008185904444,4.9158363448364639],[-75.867577335259753,4.9166967230506051],[-75.867417208938107,4.9171058419170324],[-75.866987908598745,4.9182026822451927],[-75.866844161415258,4.9185612360911657],[-75.866672234745096,4.9186757462691162],[-75.866257065139877,4.9187754593183728],[-75.865498354884124,4.9189319583213233],[-75.865226309591847,4.9190175793580293],[-75.86511154465785,4.9191752496991477],[-75.864982209083351,4.9194764188781717],[-75.864981689944301,4.9197634713990155],[-75.86502417783818,4.9200075443116669],[-75.865095468882359,4.9201512004664476],[-75.865281160189767,4.920338122046874],[-75.865610029760305,4.9204822480729344],[-75.866082284307296,4.9204687545293],[-75.86344768188323,4.9292190636437132]]]]},"properties":{"OBJECTID":102,"ID_COBERT":243,"N1_COBERT":2,"N2_COBERT":24,"N3_COBERT":243,"N4_COBERT":0,"NOMENCLAT":243,"AREA_HA":118.525949336,"Leyenda_N2":"Áreas agrícolas heterogéneas","RuleID":21,"Shape_Leng":43840.897544799998,"LeyendaN3":"Mosaico de cultivos, pastos y espacios naturales","Shape_Length":9803.5543958936232,"Shape_Area":132584.5889054428}},{"type":"Feature","id":103,"geometry":{"type":"Polygon","coordinates":[[[-75.858295379100582,4.9279520124298042],[-75.858268602198038,4.9280480369588568],[-75.858234416364468,4.9281818126131336],[-75.858203149985968,4.928316303361159],[-75.858174814517639,4.928451447687241],[-75.858149425897537,4.9285871786328634],[-75.858126995573016,4.9287234328744631],[-75.858107534078641,4.9288601443805398],[-75.858091050161917,4.9289972507429409],[-75.858077553452276,4.929134685030073],[-75.85806704907688,4.9292723812335639],[-75.858059542166657,4.9294102742489407],[-75.858055035148908,4.9295482989832511],[-75.858053532253265,4.9296863903357853],[-75.858055032294317,4.9298244814212602],[-75.858059534991639,4.9299625062543706],[-75.858067040973708,4.9301004006536671],[-75.858077543643731,4.9302380968531638],[-75.858091037321515,4.9303755306984538],[-75.858107519026589,4.9305126371196417],[-75.858126977663559,4.9306493501778146],[-75.858149405745706,4.9307856048223941],[-75.858167414226827,4.9308835355356422],[-75.858195873221689,4.9310317446295695],[-75.858220784962711,4.9311548882010694],[-75.85824812874155,4.9312775105881475],[-75.858277893543388,4.9313995648338658],[-75.858310067440385,4.9315210012734791],[-75.858344639421475,4.9316417738539835],[-75.858381594862834,4.9317618347300254],[-75.858420918239332,4.9318811360602188],[-75.85846259402966,4.9319996309069989],[-75.85851109499913,4.9321288790909898],[-75.858562395082117,4.9322570350357848],[-75.858616471489412,4.9323840382761306],[-75.858663795238954,4.9324887964450674],[-75.858637879613212,4.9325461625655755],[-75.858597625755692,4.9326406995272034],[-75.858602053580611,4.9326451276938243],[-75.858735047267004,4.9327372020546205],[-75.858949887049874,4.9328446220522828],[-75.859085223942159,4.9328815314806693],[-75.85911868280914,4.9328906560473627],[-75.859136361908597,4.9328953724234363],[-75.859272143713483,4.9329315802597868],[-75.85941025301706,4.9329418078315594],[-75.859481864804451,4.9329776168195503],[-75.859543244935423,4.9330492284989891],[-75.85965066705154,4.933258950657927],[-75.859706934636506,4.9335965521654597],[-75.859752970635782,4.9338369670025077],[-75.859870617256277,4.9341694526508446],[-75.859993384420108,4.9343638305953199],[-75.860066409321803,4.9344475449759209],[-75.86020310698747,4.9346042448314575],[-75.860378619532369,4.9347269033488885],[-75.860424473322837,4.9347370924876426],[-75.860632267768011,4.9347832685832449],[-75.860991602285836,4.9347762271788147],[-75.861484808300361,4.9347339506735182],[-75.861857715607869,4.9346418731059929],[-75.86268475815244,4.9316863216179687],[-75.86344768188323,4.9292190636437132],[-75.866082284307296,4.9204687545293],[-75.865610029760305,4.9204822480729344],[-75.865281160189767,4.920338122046874],[-75.865095468882359,4.9201512004664476],[-75.86502417783818,4.9200075443116669],[-75.864981689944301,4.9197634713990155],[-75.864982209083351,4.9194764188781717],[-75.86511154465785,4.9191752496991477],[-75.865226309591847,4.9190175793580293],[-75.865498354884124,4.9189319583213233],[-75.866257065139877,4.9187754593183728],[-75.866672234745096,4.9186757462691162],[-75.866844161415258,4.9185612360911657],[-75.866987908598745,4.9182026822451927],[-75.867417208938107,4.9171058419170324],[-75.867577335259753,4.9166967230506051],[-75.868008185904444,4.9158363448364639],[-75.869070426800718,4.9140011299316795],[-75.869802347091252,4.9128255379085619],[-75.866477330667905,4.9107787995174386],[-75.867276717191373,4.9086071357075634],[-75.867193647747641,4.9087000750584684],[-75.867103997979797,4.9088048892527452],[-75.867019511392442,4.9089080677901205],[-75.866937212330939,4.9090130112910577],[-75.866857139346806,4.909119672587428],[-75.866779326481776,4.9092280036265379],[-75.866703808678864,4.9093379563518393],[-75.866630619078805,4.9094494827143924],[-75.866559792613131,4.9095625319458458],[-75.866491357011697,4.9096770551165188],[-75.866391416460715,4.9098483731081002],[-75.86637305106882,4.9098800669852594],[-75.866300624013348,4.9100093599436603],[-75.866231238413903,4.9101403192903197],[-75.866164930912603,4.9102728725556224],[-75.866101736349236,4.9104069472775969],[-75.866021194194687,4.9105831389572945],[-75.865906841279056,4.9108172806496349],[-75.865856481509852,4.9109228534686933],[-75.86580807495514,4.9110293425910889],[-75.865761641280116,4.9111367099683285],[-75.865717193853271,4.911244920290649],[-75.865631532723654,4.9114590709051207],[-75.865558325214195,4.9116510449469795],[-75.865512646381532,4.911781323084953],[-75.865469812283337,4.9119125688334675],[-75.865429842485312,4.9120447206426077],[-75.865392756557014,4.9121777178662356],[-75.865358572230861,4.9123114917309794],[-75.865327305479354,4.9124459834138507],[-75.865298971339115,4.9125811259607284],[-75.865273583964779,4.9127168569407154],[-75.865253298064786,4.9128392388241897],[-75.865235408279219,4.9129619945689651],[-75.86521992072862,4.9130850798568391],[-75.865206840605367,4.9132084440462576],[-75.865200313943646,4.9132763182826453],[-75.865134100747269,4.9133689928634254],[-75.865056360200654,4.9134829732321661],[-75.864981118633423,4.9135986277411927],[-75.86490841005697,4.9137159011065137],[-75.864838267581632,4.9138347380479077],[-75.864770166338047,4.9139561070966593],[-75.864704744367046,4.9140789497489692],[-75.864604803680379,4.9142716779967142],[-75.864512768682872,4.914456463101974],[-75.864426794135568,4.9146441607620934],[-75.864346972026183,4.9148345735302232],[-75.86427338529198,4.9150274949590758],[-75.864211712569926,4.9152056559257797],[-75.864155358222604,4.9153855801545658],[-75.864104373844896,4.9155671083353436],[-75.864058802909355,4.9157500784810138],[-75.864008830384876,4.9159642378405923],[-75.863971382851986,4.916135367167592],[-75.863938669047897,4.9163074677313263],[-75.863916238983848,4.9164437221885748],[-75.863896778580738,4.916580433910184],[-75.863880295684837,4.9167175404921464],[-75.863866799020329,4.9168549741032246],[-75.863856294627212,4.9169926714431567],[-75.863848786719785,4.9171305637960847],[-75.863844280444425,4.9172685896733128],[-75.863842778212984,4.9174066803666276],[-75.863843864759019,4.9175242240943975],[-75.863847127578978,4.9176417268243187],[-75.86385426556815,4.9178344575996622],[-75.863862608030004,4.9180007285867493],[-75.863875307622479,4.9181667232145232],[-75.86389235483405,4.918332324014056],[-75.863913737472615,4.9184974189513158],[-75.863935155239361,4.9186473290218338],[-75.863952326632969,4.9187551263212583],[-75.863856591483696,4.9188177802312421],[-75.863771884945166,4.9188758987994232],[-75.863859228638702,4.9189748143375978],[-75.864202250962592,4.9192050816654973],[-75.8642971994052,4.9194540343131976],[-75.864239578878227,4.9196644348203549],[-75.864353677013099,4.9198751484480594],[-75.86462027657744,4.9201626856068055],[-75.86479137221491,4.9205074612710273],[-75.864923962177812,4.9210435350267892],[-75.864999623761179,4.9214072721831741],[-75.864732019139169,4.9216747012877207],[-75.864407486419509,4.9217697947460319],[-75.864216997481307,4.9215972151443594],[-75.864217414314098,4.9213675744246501],[-75.864217899020375,4.921099659353354],[-75.864180294575306,4.9207934009683338],[-75.864008956526902,4.920582583022421],[-75.863856802545143,4.9203143901654753],[-75.863723658894372,4.9200845051735573],[-75.863571296080707,4.9199311325457158],[-75.863227858471291,4.9199305068059287],[-75.862998726101324,4.9200257726824379],[-75.862674263065571,4.9200825914683817],[-75.862486290946748,4.9200633920438968],[-75.862440868862237,4.9201189028845675],[-75.862355861594978,4.9202275393633421],[-75.862273237766658,4.9203380104690124],[-75.862193035902607,4.920450262705959],[-75.862115296338331,4.9205642443785242],[-75.862040052180504,4.9206798993025842],[-75.861967342848132,4.9207971721706425],[-75.861897200554495,4.9209160086101136],[-75.86182965930378,4.9210363515288709],[-75.861764753100204,4.9211581438347451],[-75.861702509631883,4.9212813266548379],[-75.861642961998058,4.9214058419968625],[-75.861586134282106,4.9215316310032975],[-75.861532057769352,4.9216586329777856],[-75.861480756539379,4.9217867881587756],[-75.861432254667932,4.9219160358807859],[-75.861389942082667,4.922036568629605],[-75.861315097378167,4.9220928794888836],[-75.861206781494971,4.9221781382300449],[-75.861100346566829,4.9222657462702708],[-75.860995841983097,4.9223556618185018],[-75.860893317140977,4.9224478448913898],[-75.860792821402953,4.922542247370564],[-75.860694405056009,4.922638826557078],[-75.860598110257072,4.9227375352673572],[-75.860503987281703,4.9228383280906538],[-75.860412077378058,4.9229411560393936],[-75.860322426304293,4.9230459710104864],[-75.860189763271734,4.9232100232895162],[-75.86006263157573,4.9233784239966569],[-75.859941172809229,4.9235509845121639],[-75.859825520443124,4.9237275135391734],[-75.859739859983009,4.9238631428024462],[-75.859717282285061,4.9238991594185899],[-75.8595174103462,4.9242203777685658],[-75.859460843461548,4.9243130484195348],[-75.859405872240998,4.9244066793951005],[-75.859338330405791,4.9245270225162026],[-75.859273423628423,4.9246488132214887],[-75.859211180513938,4.9247719962496994],[-75.859151631450516,4.9248965118122401],[-75.859094804126599,4.9250223010360177],[-75.859040727124125,4.9251493032361759],[-75.858989425427978,4.9252774595510846],[-75.858940923999882,4.9254067056957167],[-75.858880177284647,4.9255820577838492],[-75.858824581195606,4.9257591196232449],[-75.858774187363053,4.9259377400381847],[-75.858770612739249,4.9259519946961383],[-75.858972470898479,4.9260458851322957],[-75.859389455370831,4.9262619380506978],[-75.859532338202712,4.92638180445487],[-75.859698984086407,4.9265495570644413],[-75.859960812303768,4.9268370890875008],[-75.860043874721541,4.9270644903311229],[-75.860353338654875,4.9273879913750394],[-75.860615515679285,4.9274841549381945],[-75.860853908676489,4.927544393702008],[-75.861080223837391,4.927688333769396],[-75.861211008520399,4.9279038632605259],[-75.86123444472355,4.9281311556153247],[-75.861138283813489,4.9285495979942029],[-75.86109016977548,4.9287767601037915],[-75.860958514742293,4.9290396501155973],[-75.860743601932668,4.9291827829421928],[-75.860457247539813,4.9292659824510725],[-75.860051641582444,4.9293489631753635],[-75.859634262844494,4.929348198446184],[-75.859157519631651,4.9292037993184028],[-75.858812216091962,4.9289161131403914],[-75.858693226642629,4.9287723693862535],[-75.858514808554233,4.9285208722338556],[-75.858395819253971,4.9283771274427934],[-75.858384198989796,4.9282096594806077],[-75.858324922447494,4.9280181825958769],[-75.858295379100582,4.9279520124298042]]]},"properties":{"OBJECTID":103,"ID_COBERT":231,"N1_COBERT":2,"N2_COBERT":23,"N3_COBERT":231,"N4_COBERT":0,"NOMENCLAT":231,"AREA_HA":413.87550833400002,"Leyenda_N2":"Pastos","RuleID":27,"Shape_Leng":31681.731035500001,"LeyendaN3":"Pastos limpios","Shape_Length":8174.6873713636251,"Shape_Area":1107966.0591406436}},{"type":"Feature","id":104,"geometry":{"type":"Polygon","coordinates":[[[-75.858295379100582,4.9279520124298042],[-75.858324922447494,4.9280181825958769],[-75.858384198989796,4.9282096594806077],[-75.858395819253971,4.9283771274427934],[-75.858514808554233,4.9285208722338556],[-75.858693226642629,4.9287723693862535],[-75.858812216091962,4.9289161131403914],[-75.859157519631651,4.9292037993184028],[-75.859634262844494,4.929348198446184],[-75.860051641582444,4.9293489631753635],[-75.860457247539813,4.9292659824510725],[-75.860743601932668,4.9291827829421928],[-75.860958514742293,4.9290396501155973],[-75.86109016977548,4.9287767601037915],[-75.861138283813489,4.9285495979942029],[-75.86123444472355,4.9281311556153247],[-75.861211008520399,4.9279038632605259],[-75.861080223837391,4.927688333769396],[-75.860853908676489,4.927544393702008],[-75.860615515679285,4.9274841549381945],[-75.860353338654875,4.9273879913750394],[-75.860043874721541,4.9270644903311229],[-75.859960812303768,4.9268370890875008],[-75.859698984086407,4.9265495570644413],[-75.859532338202712,4.92638180445487],[-75.859389455370831,4.9262619380506978],[-75.858972470898479,4.9260458851322957],[-75.858770612739249,4.9259519946961383],[-75.858729037496204,4.9261177660875344],[-75.858671924115512,4.9263604754866579],[-75.858633377038316,4.9265353154533091],[-75.858599776701553,4.9267111790713427],[-75.858556944234024,4.9269538786088782],[-75.858556231552157,4.926957928477278],[-75.858538162364979,4.92706617795612],[-75.858521967223908,4.9271747267057231],[-75.858496201812358,4.9273582877872046],[-75.858475567108428,4.9274105411700297],[-75.858434174211439,4.92752136679852],[-75.858388495311246,4.9276516449261489],[-75.858345659431222,4.9277828906687979],[-75.85830568793989,4.9279150424683476],[-75.858295379100582,4.9279520124298042]]]},"properties":{"OBJECTID":104,"ID_COBERT":313,"N1_COBERT":3,"N2_COBERT":31,"N3_COBERT":313,"N4_COBERT":0,"NOMENCLAT":313,"AREA_HA":687.281075579,"Leyenda_N2":"Bosques","RuleID":9,"Shape_Leng":43921.4426007,"LeyendaN3":"Bosque fragmentado","Shape_Length":1101.3424145326446,"Shape_Area":77304.813386695852}},{"type":"Feature","id":105,"geometry":{"type":"Polygon","coordinates":[[[-75.867946369565715,4.9328871916632],[-75.867730235089411,4.9329090770092421],[-75.867666702762151,4.9329271574555742],[-75.867575924754306,4.9329633848384162],[-75.867476040332036,4.93301779287569],[-75.867403387467789,4.9330631509047063],[-75.867330619664855,4.9331721974962557],[-75.867248910777676,4.9332084408236234],[-75.867121863702891,4.9332355047148804],[-75.866967699949456,4.9332079281889571],[-75.866822657632639,4.9331530758197877],[-75.866577813903504,4.9331071384617156],[-75.866269289929292,4.933161164772164],[-75.866069606481545,4.9332244876743125],[-75.865960535714109,4.9333425655374272],[-75.865896888153046,4.9334243336058998],[-75.865951133679218,4.933524512216275],[-75.866032726820194,4.9335519558179168],[-75.866123422810929,4.9335612205606125],[-75.866204473364803,4.9337322406859458],[-75.86637458428531,4.9336982197669306],[-75.866684498296067,4.9336234481142114],[-75.866996763522593,4.933501255594666],[-75.86744479870876,4.9333994298062889],[-75.867763857491099,4.9333451215023452],[-75.867789287005564,4.9333470770443499],[-75.867898170371319,4.9331621960885652],[-75.867946369565715,4.9328871916632]]]},"properties":{"OBJECTID":105,"ID_COBERT":314,"N1_COBERT":3,"N2_COBERT":31,"N3_COBERT":314,"N4_COBERT":0,"NOMENCLAT":314,"AREA_HA":0.96114484057899996,"Leyenda_N2":"Bosques","RuleID":6,"Shape_Leng":542.10578514899998,"LeyendaN3":"Bosque de galería y/o ripario","Shape_Length":542.10578514851636,"Shape_Area":9615.8313112150117}},{"type":"Feature","id":106,"geometry":{"type":"Polygon","coordinates":[[[-75.878933937018388,4.9143291846966282],[-75.879320073565026,4.9145722072761195],[-75.879510936471775,4.9145366683493332],[-75.879582934374611,4.9142856253023526],[-75.879642985907779,4.9140465219120104],[-75.87973876936357,4.9138314025824181],[-75.879870284703088,4.9136402691204806],[-75.880133167526481,4.9133417259638659],[-75.880288382686047,4.913234358705405],[-75.880408036987603,4.9130073224183919],[-75.880432250221759,4.9128040353533526],[-75.880451091470533,4.9127742330283075],[-75.880360237482861,4.9127876914583242],[-75.880141326632398,4.912882872870548],[-75.880092817962222,4.9129250529629225],[-75.879922413583259,4.9130732305783944],[-75.879892430199817,4.9131446420598843],[-75.879882239185307,4.913168914049681],[-75.879787231077046,4.9133952192636157],[-75.879523805360279,4.9139335206328552],[-75.879413393678476,4.9140660132188092],[-75.879352009516737,4.9141396755430016],[-75.879077132981251,4.9142771144906066],[-75.878933937018388,4.9143291846966282]]]},"properties":{"OBJECTID":106,"ID_COBERT":221,"N1_COBERT":2,"N2_COBERT":22,"N3_COBERT":221,"N4_COBERT":2212,"NOMENCLAT":2212,"AREA_HA":0.68028626182800001,"Leyenda_N2":"Cultivos permanentes","RuleID":13,"Shape_Leng":554.53411756900005,"LeyendaN3":"Caña","Shape_Length":554.53411756948447,"Shape_Area":6806.1837145440159}},{"type":"Feature","id":107,"geometry":{"type":"MultiPolygon","coordinates":[[[[-75.869065344790627,4.9230745608287885],[-75.868985767938995,4.9230810569581989],[-75.86887265643432,4.9231061960763176],[-75.868680291446694,4.9231489433546578],[-75.868408755170762,4.9232507675979669],[-75.868259409718817,4.9233729575942196],[-75.868159628860838,4.9235200044566581],[-75.86813042994001,4.9235630340982821],[-75.868069334420184,4.9238413586767331],[-75.868067644041517,4.9238626619016843],[-75.868344453255617,4.9237739784054098],[-75.869025065267294,4.9232848320034348],[-75.869175407893422,4.9231380017954933],[-75.869256331003598,4.9230589689905004],[-75.869065344790627,4.9230745608287885]]],[[[-75.867180051615733,4.9264413180813591],[-75.866942461263264,4.9265024127462178],[-75.866630193135038,4.9266246024791176],[-75.866175369929778,4.9268214700767547],[-75.865966919976586,4.9269714064750803],[-75.866454519563121,4.9269640057499249],[-75.866716893077125,4.9269525234287448],[-75.866979439275468,4.9268453558111416],[-75.867158835157838,4.9265586295286568],[-75.867233743986873,4.9264329278316659],[-75.867180051615733,4.9264413180813591]]]]},"properties":{"OBJECTID":107,"ID_COBERT":231,"N1_COBERT":2,"N2_COBERT":23,"N3_COBERT":231,"N4_COBERT":0,"NOMENCLAT":231,"AREA_HA":0.81238277323899999,"Leyenda_N2":"Pastos","RuleID":27,"Shape_Leng":660.91761443099995,"LeyendaN3":"Pastos limpios","Shape_Length":660.91761443141252,"Shape_Area":8127.5592428821956}},{"type":"Feature","id":108,"geometry":{"type":"Polygon","coordinates":[[[-75.866684498296067,4.9336234481142114],[-75.866494424575805,4.9337727948336285],[-75.866161793399939,4.9341665201092368],[-75.865977633699558,4.9344139853330242],[-75.866011733823143,4.9344026540567203],[-75.866393622592,4.934247864379194],[-75.866835158950508,4.934081221643245],[-75.867324547304264,4.9338309417911335],[-75.867634949461731,4.933640139097613],[-75.867778550498414,4.9333653072342258],[-75.867789287005564,4.9333470770443499],[-75.867763857491099,4.9333451215023452],[-75.86744479870876,4.9333994298062889],[-75.866996763522593,4.933501255594666],[-75.866684498296067,4.9336234481142114]]]},"properties":{"OBJECTID":108,"ID_COBERT":232,"N1_COBERT":2,"N2_COBERT":23,"N3_COBERT":232,"N4_COBERT":0,"NOMENCLAT":232,"AREA_HA":0.78865293950699999,"Leyenda_N2":"Pastos","RuleID":25,"Shape_Leng":485.01057575200002,"LeyendaN3":"Pastos arbolados","Shape_Length":485.01057575216345,"Shape_Area":7890.1310165567711}},{"type":"Feature","id":109,"geometry":{"type":"Polygon","coordinates":[[[-75.870954134283053,4.9183741608837739],[-75.870940828712762,4.9186753832804175],[-75.870940829671483,4.9193202824715305],[-75.870931541282246,4.9195919291142038],[-75.870913671688484,4.9201145254703089],[-75.870905244675498,4.9202873233253301],[-75.871308692762184,4.9199878580079428],[-75.871535633828643,4.9197849395531135],[-75.871607592157972,4.9195578190093796],[-75.871548742482432,4.9191271315986089],[-75.871358438415371,4.9188516946125054],[-75.871156229526193,4.9185642743026898],[-75.870977679686206,4.9183845436784788],[-75.870954134283053,4.9183741608837739]]]},"properties":{"OBJECTID":109,"ID_COBERT":221,"N1_COBERT":2,"N2_COBERT":22,"N3_COBERT":221,"N4_COBERT":2212,"NOMENCLAT":2212,"AREA_HA":1.02398179907,"Leyenda_N2":"Cultivos permanentes","RuleID":13,"Shape_Leng":482.56887044199999,"LeyendaN3":"Caña","Shape_Length":482.56887044152495,"Shape_Area":10244.602646598862}},{"type":"Feature","id":110,"geometry":{"type":"Polygon","coordinates":[[[-75.874531810955247,4.9129543190208276],[-75.875113151469449,4.9131293637734279],[-75.875506480382526,4.9132377170455364],[-75.875876023002562,4.9133101469742897],[-75.876293565531128,4.9132152147169021],[-75.876447820124426,4.9131101335934311],[-75.876225919751874,4.9129686319044765],[-75.876076719409184,4.9129288454356317],[-75.875884262446704,4.9128775247626386],[-75.875654846437527,4.9128163474122131],[-75.875188474486606,4.9127592365600421],[-75.874955301549647,4.9128078154363255],[-75.87473161331252,4.9128544180950184],[-75.874588851876155,4.9129257990827098],[-75.874531810955247,4.9129543190208276]]]},"properties":{"OBJECTID":110,"ID_COBERT":314,"N1_COBERT":3,"N2_COBERT":31,"N3_COBERT":314,"N4_COBERT":0,"NOMENCLAT":314,"AREA_HA":0.72580278739500004,"Leyenda_N2":"Bosques","RuleID":6,"Shape_Leng":446.02772863400003,"LeyendaN3":"Bosque de galería y/o ripario","Shape_Length":446.0277286343769,"Shape_Area":7261.4927695577016}},{"type":"Feature","id":111,"geometry":{"type":"Polygon","coordinates":[[[-75.871099401731286,4.9205559562957166],[-75.872293650299824,4.9206167680879762],[-75.873219855678158,4.9206902073299288],[-75.874278753364095,4.920716042213229],[-75.87492761126822,4.9206406679373993],[-75.875810550901491,4.9203695596838504],[-75.877023058115199,4.919855049614176],[-75.878111346113144,4.9194503500594617],[-75.878631413193688,4.9193747382123201],[-75.879657109302627,4.9192952519769717],[-75.879679681604287,4.9191872882342826],[-75.879632216676967,4.9190556363627156],[-75.879620687583881,4.918834344497192],[-75.87974874023034,4.9185798137525554],[-75.879892070396593,4.9184508969380056],[-75.880106798025622,4.9184082253055301],[-75.880278568902327,4.9183798284509974],[-75.880335859798862,4.9183512254635655],[-75.880379071543572,4.9181934231354756],[-75.880221790897082,4.9181213763953568],[-75.880121774572515,4.918035080572535],[-75.880121928750313,4.9179489651356327],[-75.880122236220174,4.9177767333613511],[-75.880294160215428,4.9176622193695376],[-75.880337372025764,4.9175044179655458],[-75.880423668039967,4.9172605757659991],[-75.880566947363334,4.917160364174876],[-75.88069604481386,4.9169883635259257],[-75.880750360332399,4.9168393786120541],[-75.880751569655274,4.9168188197731899],[-75.880751819920718,4.916814565877206],[-75.880739486937472,4.9167013868290068],[-75.880739614532274,4.9166296235533284],[-75.880596951307098,4.9163853707767675],[-75.880554328942679,4.9162130617128001],[-75.880454467311282,4.9160406503775143],[-75.880382993051938,4.9159974632692114],[-75.880268667819706,4.9159111414939174],[-75.880182962269217,4.9158248712798338],[-75.880183295763786,4.9156382864809478],[-75.880326599767173,4.9155237221010655],[-75.880469930335309,4.915394804693582],[-75.880560712726719,4.9153088514639665],[-75.880561003027623,4.9151461875222067],[-75.880599487129558,4.9149644553237275],[-75.880742722946465,4.9148881656909529],[-75.880961953986144,4.9149938109419926],[-75.881038068723385,4.9151087704964809],[-75.881066312744863,4.9153193275150961],[-75.880989822377856,4.9154148752430835],[-75.881018271211772,4.9155106117679823],[-75.88115174555513,4.9155586927678057],[-75.881227979769449,4.9156066724272192],[-75.881380585873671,4.9156260832162459],[-75.881457076165162,4.9155305354624339],[-75.881581350833031,4.9153872308736597],[-75.881686529495155,4.9152534608957543],[-75.881744024743455,4.9151100375535863],[-75.881744263385912,4.9149760788865047],[-75.881668183474702,4.9148419830341927],[-75.88161118212129,4.9147079221390459],[-75.881592495670759,4.9144878131390799],[-75.881544983133324,4.9143824748140696],[-75.881507233014958,4.9141527630382544],[-75.881469277235595,4.9140378735098738],[-75.881374100736963,4.9139133121065468],[-75.881288462626031,4.9137887681766532],[-75.881307969254351,4.9135495908505735],[-75.881308105259563,4.9134730432692022],[-75.881308292722693,4.9133677896647292],[-75.881308549112006,4.9132242631690604],[-75.881222826597494,4.9131475616359443],[-75.881184751520848,4.9130996509437841],[-75.881070358045676,4.91305160287276],[-75.880884139500722,4.9129381857368202],[-75.880729817392563,4.9131155447996671],[-75.880586270567861,4.9133664603601552],[-75.880418873290026,4.9136173326177941],[-75.880179713193797,4.9139876816222579],[-75.87995247856233,4.9143580523583594],[-75.879820920027882,4.9145731076195416],[-75.87973703889395,4.9148002072763939],[-75.879641426503696,4.9149196416133609],[-75.87945052121826,4.914979102358477],[-75.879152440545113,4.914954645106147],[-75.878830681409283,4.9148344610115462],[-75.878580643083296,4.9146187198696403],[-75.878354604089154,4.9143192989860136],[-75.87831956956488,4.9142761935747581],[-75.878241046402437,4.91425420841251],[-75.877529862727627,4.9138823437810517],[-75.876882645791781,4.9133874129968458],[-75.876744528409461,4.9132993380043093],[-75.876674905399156,4.9133594285342932],[-75.876042542556533,4.9135496586022507],[-75.87569663611265,4.91359687775594],[-75.87535092116569,4.9135364517854381],[-75.875052948756988,4.9134521908490836],[-75.874564458279806,4.9132120980568121],[-75.874278410729119,4.9131278584091094],[-75.874218014749658,4.9131112205291538],[-75.874198618305513,4.9131209189416518],[-75.873065991559898,4.9137300571347948],[-75.872494924291217,4.9141488450299775],[-75.872085652953004,4.9145200437944858],[-75.871628799383075,4.9152338773544137],[-75.871607674219746,4.9152753136898948],[-75.871591036502707,4.9155031572515089],[-75.871577799079375,4.9162327281424618],[-75.871529453846065,4.916591457507085],[-75.871386011071948,4.9167825665280906],[-75.871120940086328,4.9168323681507582],[-75.870991104650798,4.9175371952622209],[-75.870973941966682,4.9179257275150805],[-75.871180876726299,4.9181217786416793],[-75.871692487386497,4.9187685754282091],[-75.871906620545673,4.9190560162673602],[-75.871953803110785,4.9193431559171774],[-75.871893683054182,4.9196181392260101],[-75.871821703155902,4.9198572211400622],[-75.87157067548587,4.9201916624365341],[-75.871103813872338,4.9205525467305709],[-75.871099401731286,4.9205559562957166]]]},"properties":{"OBJECTID":111,"ID_COBERT":221,"N1_COBERT":2,"N2_COBERT":22,"N3_COBERT":221,"N4_COBERT":2212,"NOMENCLAT":2212,"AREA_HA":69.593700104800007,"Leyenda_N2":"Cultivos permanentes","RuleID":13,"Shape_Leng":4106.76781278,"LeyendaN3":"Caña","Shape_Length":4106.7678127829831,"Shape_Area":696269.96350735985}},{"type":"Feature","id":112,"geometry":{"type":"MultiPolygon","coordinates":[[[[-75.869215433490794,4.9235243888211588],[-75.868427365872932,4.9240851035452406],[-75.868035409388369,4.9242692323995323],[-75.868081023373364,4.9248565539498914],[-75.868084368971367,4.9248482082517855],[-75.868180159368748,4.9246330929778583],[-75.868514362273189,4.924466251647047],[-75.868968075841238,4.9241561016780979],[-75.869613150790641,4.923535323789392],[-75.869911147900126,4.9231184830725523],[-75.869739278023516,4.9231217890515442],[-75.869582453865945,4.9230964939172432],[-75.869215433490794,4.9235243888211588]]],[[[-75.86636617025583,4.9296549673193564],[-75.86662828460635,4.9297870099933512],[-75.866818653777131,4.9300265677897723],[-75.866985237764496,4.9302302003691709],[-75.867210971123498,4.9306970723410997],[-75.867876875412691,4.9317508133089154],[-75.867882406940609,4.9310194837791128],[-75.867787741657622,4.9306126530350776],[-75.867669226286623,4.9302057787566032],[-75.8674792026424,4.9297748529186487],[-75.867217196694952,4.9295830071026288],[-75.866764388255675,4.9293908140315352],[-75.866502295801894,4.9292468107934599],[-75.866264096238609,4.9290789289209922],[-75.86614549473795,4.9287198958391016],[-75.866169821656783,4.9284568091920775],[-75.866384950077432,4.928194069080039],[-75.866576098744247,4.9280030477980592],[-75.86688658365911,4.9277644029332679],[-75.86722044307362,4.9277889315166767],[-75.867459205050665,4.9276458393519986],[-75.867579235383531,4.9272154786958486],[-75.867722898076451,4.9269047660179552],[-75.8678427113922,4.9265940089583449],[-75.867985682468415,4.9266660323124123],[-75.868224270353082,4.9266186243929146],[-75.86839156780718,4.9264275596410485],[-75.868511424164595,4.9260928825491979],[-75.868464371834676,4.9257339798870676],[-75.868273916773759,4.9255422651709235],[-75.868139860189771,4.9253923249017815],[-75.868164371864978,4.9255995561961905],[-75.868157584224406,4.9259389771934723],[-75.86811685405074,4.9261086824814395],[-75.868042181015426,4.9262105138014443],[-75.86787246721029,4.9263055502091708],[-75.867620374550086,4.9263718878927936],[-75.867528512595641,4.9265593025547663],[-75.867277415240522,4.9269296228860728],[-75.867169915573868,4.9270251112648484],[-75.866776041979122,4.9272157623583785],[-75.866418158782452,4.9272868741610338],[-75.86613204339649,4.9272385110524937],[-75.865833916850747,4.9272379681995684],[-75.865535529477171,4.9273809509342419],[-75.865507729549705,4.9273980388996792],[-75.865353972863531,4.927561407373199],[-75.865258935521169,4.9277243237952639],[-75.865245355341145,4.9278533035085097],[-75.865286089013324,4.927968706476114],[-75.865449011810014,4.9281655720079272],[-75.86551689477308,4.9283420693161641],[-75.86554404617263,4.9285728752844964],[-75.86557120213034,4.9288715644100609],[-75.865600331364476,4.9292560860539218],[-75.865605144136339,4.9293195988935246],[-75.865666240380591,4.9297879986514683],[-75.865684237738108,4.9300003772830081],[-75.865793287115082,4.9299170540337318],[-75.865996295453073,4.9297619368524197],[-75.866187292639452,4.9296546409843733],[-75.86636617025583,4.9296549673193564]]]]},"properties":{"OBJECTID":112,"ID_COBERT":314,"N1_COBERT":3,"N2_COBERT":31,"N3_COBERT":314,"N4_COBERT":0,"NOMENCLAT":314,"AREA_HA":6.9091307192900002,"Leyenda_N2":"Bosques","RuleID":6,"Shape_Leng":2679.3937453399999,"LeyendaN3":"Bosque de galería y/o ripario","Shape_Length":2679.3937453435897,"Shape_Area":69122.831324746905}},{"type":"Feature","id":113,"geometry":{"type":"Polygon","coordinates":[[[-75.8709377685677,4.9206808992362205],[-75.87122314912412,4.9207221168331525],[-75.871499740436093,4.9207608910120637],[-75.872615833843497,4.9208107540882269],[-75.873045031402995,4.9208689406710207],[-75.873426648030971,4.9208600634188135],[-75.873979917414033,4.9208897686270374],[-75.87427564048383,4.9208998713167249],[-75.874600069131404,4.9208621837467224],[-75.875048603559691,4.9207768785413402],[-75.875420887945509,4.9206531597920424],[-75.875955437145407,4.9204818925108951],[-75.87649966403346,4.9202340936717821],[-75.876805184772579,4.9201006858539502],[-75.877292084533153,4.9199006260733338],[-75.877673993096295,4.9197290814843759],[-75.877864913268269,4.9196624461004479],[-75.878132187621858,4.9195768114678957],[-75.878389852720943,4.919529432256283],[-75.878752424711109,4.9195013800388416],[-75.879210396316338,4.9194734988711613],[-75.879499032446603,4.9194453123635569],[-75.879656430453011,4.9194527718498842],[-75.879753249041102,4.9194463257907257],[-75.879767009219691,4.9194454093635525],[-75.87978886261979,4.9194439553541294],[-75.879828922368588,4.9194412872789313],[-75.879789165954236,4.9192955194410546],[-75.879830077057548,4.9191773328745372],[-75.879679681604287,4.9191872882342826],[-75.879657109302627,4.9192952519769717],[-75.878631413193688,4.9193747382123201],[-75.878111346113144,4.9194503500594617],[-75.877023058115199,4.919855049614176],[-75.875810550901491,4.9203695596838504],[-75.87492761126822,4.9206406679373993],[-75.874278753364095,4.920716042213229],[-75.873219855678158,4.9206902073299288],[-75.872293650299824,4.9206167680879762],[-75.871099401731286,4.9205559562957166],[-75.8709377685677,4.9206808992362205]]]},"properties":{"OBJECTID":113,"ID_COBERT":122,"N1_COBERT":1,"N2_COBERT":12,"N3_COBERT":122,"N4_COBERT":1221,"NOMENCLAT":1221,"AREA_HA":1.7469203640099999,"Leyenda_N2":"Zonas industriales o comerciales y redes de comunicación","RuleID":30,"Shape_Leng":2072.9574439899998,"LeyendaN3":"Red vial y territorios asociados","Shape_Length":2072.9574439870125,"Shape_Area":17477.556575942868}},{"type":"Feature","id":114,"geometry":{"type":"Polygon","coordinates":[[[-75.874871019600974,4.92615297371084],[-75.874799195933676,4.9261768417174361],[-75.874737208508265,4.9263252982835715],[-75.874859142591276,4.9261685205834134],[-75.874871019600974,4.92615297371084]]]},"properties":{"OBJECTID":114,"ID_COBERT":311,"N1_COBERT":3,"N2_COBERT":31,"N3_COBERT":311,"N4_COBERT":0,"NOMENCLAT":311,"AREA_HA":7.8179669258500004,"Leyenda_N2":"Bosques","RuleID":7,"Shape_Leng":1231.48401334,"LeyendaN3":"Bosque denso","Shape_Length":50.366739095217781,"Shape_Area":56.573113218707782}},{"type":"Feature","id":115,"geometry":{"type":"Polygon","coordinates":[[[-75.866619854434759,4.9344396453776076],[-75.867273849458726,4.9344075948537087],[-75.867393014555745,4.9344556538517335],[-75.86760727901769,4.9346713345765663],[-75.867606845831062,4.9349105451479458],[-75.86753494758203,4.9351017826472514],[-75.867415349166905,4.9352929334539306],[-75.867152603335427,4.9355077434052497],[-75.867128319609478,4.9357469107130942],[-75.867271075343709,4.9359385393329065],[-75.867604375525829,4.9362740426769118],[-75.867818683226787,4.936465801895431],[-75.868152287023378,4.9366338564275818],[-75.868247862841258,4.9365383472486162],[-75.868296083798413,4.9362513813354543],[-75.868296950071411,4.9357729604904881],[-75.868273532317588,4.935533707655372],[-75.868107186161069,4.9351985088563852],[-75.867940622377716,4.934982916075505],[-75.867940968999235,4.934791548577576],[-75.868036674393267,4.9346242746093134],[-75.868132682287595,4.9342895542360106],[-75.868109308171995,4.9340263793704535],[-75.867933058598695,4.9336526427019436],[-75.867550932192003,4.9339389995918905],[-75.867001808664853,4.9342489729072483],[-75.866619854434759,4.9344396453776076]]]},"properties":{"OBJECTID":115,"ID_COBERT":311,"N1_COBERT":3,"N2_COBERT":31,"N3_COBERT":311,"N4_COBERT":0,"NOMENCLAT":311,"AREA_HA":2.5738659890100002,"Leyenda_N2":"Bosques","RuleID":7,"Shape_Leng":935.48066457799996,"LeyendaN3":"Bosque denso","Shape_Length":935.48066457762638,"Shape_Area":25750.459974343117}},{"type":"Feature","id":116,"geometry":{"type":"Polygon","coordinates":[[[-75.867882406940609,4.9310194837791128],[-75.868075057523242,4.9308580355622098],[-75.868418830445648,4.9306520103987861],[-75.868573422251103,4.9306178494700745],[-75.868676535324951,4.9305663742959549],[-75.868762384438625,4.9305665304230999],[-75.868916883502408,4.9305840323173102],[-75.869105378780517,4.9307910257646128],[-75.869190793540966,4.9310322740096568],[-75.869327623326882,4.9313252788564856],[-75.869515870954885,4.9316700383945644],[-75.869686979918598,4.9319975476844977],[-75.869789657259318,4.9321871634263283],[-75.872421294004496,4.9296260244350556],[-75.870075136168126,4.926229246076578],[-75.870074607531265,4.9265220009465036],[-75.870022600641789,4.9267974406455703],[-75.869919115424494,4.9270555661007522],[-75.869764182417896,4.9272791569732375],[-75.869506478956168,4.9273647944920009],[-75.868565465311406,4.9255204461017374],[-75.868139860189771,4.9253923249017815],[-75.868273916773759,4.9255422651709235],[-75.868464371834676,4.9257339798870676],[-75.868511424164595,4.9260928825491979],[-75.86839156780718,4.9264275596410485],[-75.868224270353082,4.9266186243929146],[-75.867985682468415,4.9266660323124123],[-75.8678427113922,4.9265940089583449],[-75.867722898076451,4.9269047660179552],[-75.867579235383531,4.9272154786958486],[-75.867459205050665,4.9276458393519986],[-75.86722044307362,4.9277889315166767],[-75.86688658365911,4.9277644029332679],[-75.866576098744247,4.9280030477980592],[-75.866384950077432,4.928194069080039],[-75.866169821656783,4.9284568091920775],[-75.86614549473795,4.9287198958391016],[-75.866264096238609,4.9290789289209922],[-75.866502295801894,4.9292468107934599],[-75.866764388255675,4.9293908140315352],[-75.867217196694952,4.9295830071026288],[-75.8674792026424,4.9297748529186487],[-75.867669226286623,4.9302057787566032],[-75.867787741657622,4.9306126530350776],[-75.867882406940609,4.9310194837791128]]]},"properties":{"OBJECTID":116,"ID_COBERT":231,"N1_COBERT":2,"N2_COBERT":23,"N3_COBERT":231,"N4_COBERT":0,"NOMENCLAT":231,"AREA_HA":24.383550897900001,"Leyenda_N2":"Pastos","RuleID":27,"Shape_Leng":2509.7797377699999,"LeyendaN3":"Pastos limpios","Shape_Length":2509.7797377666661,"Shape_Area":243948.09045055648}},{"type":"Feature","id":117,"geometry":{"type":"Polygon","coordinates":[[[-75.86576441902055,4.9304026355041595],[-75.865781644526876,4.9304600512625152],[-75.866005657051446,4.93088093456889],[-75.866358658055404,4.9312407191854319],[-75.866772749240809,4.9314918878666525],[-75.867192486007497,4.9316336911403473],[-75.867275091103593,4.9316615976416101],[-75.867571434953902,4.9317274515389435],[-75.86717439407397,4.9311395469148449],[-75.866746344023582,4.9304450543796055],[-75.866532276972691,4.9301217302427292],[-75.866377488163607,4.9299898824594708],[-75.866186556044312,4.9300612976896785],[-75.86606704483124,4.9302046066938594],[-75.865875895660139,4.9303956264626727],[-75.86576441902055,4.9304026355041595]]]},"properties":{"OBJECTID":117,"ID_COBERT":232,"N1_COBERT":2,"N2_COBERT":23,"N3_COBERT":232,"N4_COBERT":0,"NOMENCLAT":232,"AREA_HA":1.5851400846299999,"Leyenda_N2":"Pastos","RuleID":25,"Shape_Leng":581.42703398200001,"LeyendaN3":"Pastos arbolados","Shape_Length":581.42703398187234,"Shape_Area":15858.61626536628}},{"type":"Feature","id":118,"geometry":{"type":"Polygon","coordinates":[[[-75.865432078047391,4.9350289405722378],[-75.8652317814349,4.9352390882879993],[-75.864783744879318,4.9355242027178701],[-75.864622861257075,4.935626094052151],[-75.864613405026574,4.9356320843838439],[-75.864459045700116,4.9357298429044869],[-75.864376442682527,4.9357821587220547],[-75.864104903613878,4.9360536954101688],[-75.863975927234577,4.9362437740410474],[-75.863880890307342,4.9364881555935902],[-75.863894466830956,4.9366782280007122],[-75.864030234702668,4.9368479392896063],[-75.864437536776279,4.9371737825702393],[-75.864831262607055,4.937513201905837],[-75.865109591083225,4.9378729880889747],[-75.8652182057087,4.9383413892096728],[-75.865218205155642,4.9386332878591972],[-75.865034919447609,4.9389591346986039],[-75.864810844361045,4.9391583084361068],[-75.86472944026724,4.9392306679427245],[-75.864390019074577,4.939407169397029],[-75.864203491973996,4.9394455705433913],[-75.863928409235101,4.9395022045553629],[-75.863392124855977,4.93960403037826],[-75.8627675888483,4.9397805308366154],[-75.862455323631636,4.93995702836279],[-75.862290909239817,4.9400721177594145],[-75.862115905396109,4.9401946206157969],[-75.861979035203859,4.9402358982676544],[-75.861688236356215,4.9403236007959954],[-75.86140990701719,4.940377908795976],[-75.861036549062575,4.9403507537095184],[-75.860792167507924,4.9403779079952175],[-75.860500264702253,4.9405951367326919],[-75.860378073608288,4.9408598844925482],[-75.860378074644885,4.9411178453151017],[-75.860452743117136,4.9414097455473245],[-75.86056217515889,4.9417168521422719],[-75.860725164537598,4.9421271208827982],[-75.860726901311011,4.9421292348548667],[-75.861349317410472,4.942182586678733],[-75.861448318442328,4.9421904434237316],[-75.861477795795835,4.9421927828769077],[-75.861574177794566,4.9422004321671507],[-75.861648544868459,4.9421954739263168],[-75.861895406146076,4.9421790168307771],[-75.862305862682277,4.9421468959819057],[-75.862552135633635,4.9421361891408138],[-75.862755580248134,4.9421397564467533],[-75.862912622888189,4.9420790802296759],[-75.8632160053821,4.9418613616066063],[-75.863401603757424,4.9417471465521334],[-75.863615756601874,4.9417114532618474],[-75.863733539083171,4.9417293007359975],[-75.863844183790704,4.9417792685700004],[-75.86399409084494,4.9419041911156611],[-75.864054767921104,4.9420148343569688],[-75.864083319511835,4.9422075726052341],[-75.864097594110348,4.9425109535723495],[-75.864083320032535,4.9426679982493704],[-75.864051196241007,4.9427358133916401],[-75.864026210468282,4.9428286105334074],[-75.864001228867977,4.9430249165261024],[-75.864015505638633,4.9431998065031619],[-75.864061837994669,4.9432924742705904],[-75.86406904234083,4.9433068830011537],[-75.864168979042958,4.9434103909024643],[-75.864308179398421,4.9434746323937606],[-75.86455802297337,4.9435745723182301],[-75.864670804944126,4.94361155048861],[-75.864993463215384,4.9437173407868578],[-75.865282566969697,4.9437994310421889],[-75.865518132497371,4.9438386916930872],[-75.865757270375553,4.9438565377743755],[-75.866142743055519,4.9438529679846868],[-75.866421140257813,4.9438815196818862],[-75.866588893994887,4.9439350603648817],[-75.866656706135302,4.9439671817212654],[-75.866731660350283,4.9440528437590636],[-75.866735229937689,4.9441135208600038],[-75.866699537479576,4.9441741970700166],[-75.866635292590715,4.9442420111565539],[-75.866524645171566,4.9443241016691912],[-75.866335480078931,4.9444240406229421],[-75.866289078038434,4.9444882838969368],[-75.86626409614162,4.9445632388171319],[-75.866256958352139,4.9446631754128445],[-75.866274804232461,4.9447702531743563],[-75.866316103416651,4.9448457130248569],[-75.866487426687698,4.9450333502269306],[-75.866634269635426,4.9451638816856942],[-75.866719933377098,4.9452046718392886],[-75.866825989440997,4.9452087511639116],[-75.866989152491897,4.945180197284313],[-75.867156393880734,4.9450945361399388],[-75.86736442406459,4.9449925600830333],[-75.867503116230296,4.9449640081345363],[-75.867719306359163,4.944947690208239],[-75.86785799471329,4.9449680872140833],[-75.868012998285806,4.9450211130714328],[-75.868150850506964,4.945095144819379],[-75.86823326574023,4.9451394062224487],[-75.868290375944696,4.945237303562366],[-75.868306691556356,4.9453311247518954],[-75.868306268247082,4.9453362119355777],[-75.868298535954352,4.9454290200758155],[-75.868221032739697,4.9455350761450267],[-75.86819655687313,4.9456288977874934],[-75.868216953269226,4.9457798224584399],[-75.868269981810727,4.9458777184693146],[-75.868392354916054,4.945963383431093],[-75.868592228371824,4.9460571983729915],[-75.868718676994931,4.9461102282973384],[-75.868820653945846,4.9461877306945325],[-75.868932681798441,4.9463422443537022],[-75.868980112737106,4.9463202574958824],[-75.869095257573292,4.9462650634271057],[-75.86914422587185,4.9462415757528477],[-75.86921929794579,4.946205109721495],[-75.869255741829065,4.9461869153341738],[-75.869342132691358,4.9461427107560185],[-75.869366170486416,4.9461300785074336],[-75.869463586944804,4.9460776521615246],[-75.869475471362264,4.9460710826232361],[-75.869583604950208,4.9460099622019928],[-75.869702056536553,4.9459395501490455],[-75.869712936712958,4.945932924400843],[-75.869818956828624,4.9458665795444503],[-75.869840405894323,4.9458528286354104],[-75.869934244655695,4.9457910768677689],[-75.869965941487933,4.9457697195063028],[-75.870047870617668,4.9457130812021486],[-75.870089474301778,4.9456836443179171],[-75.870160081825006,4.9456330497549361],[-75.870189022893157,4.9456117558597184],[-75.870290568889374,4.9455386737269293],[-75.870390153222047,4.9454629616117609],[-75.87048822397513,4.9453852846508219],[-75.870584742544139,4.9453056773605777],[-75.870689251273063,4.9452157589933314],[-75.870791776481042,4.9451235768217394],[-75.87089227418393,4.945029171713001],[-75.870990693219042,4.9449325917966087],[-75.871086989617979,4.9448338815552253],[-75.871181115815375,4.9447330872948347],[-75.871273026060052,4.9446302580252324],[-75.87136267820587,4.9445254427405247],[-75.87143701118967,4.9444349031755408],[-75.871509659254571,4.9443429997045358],[-75.871580595485398,4.9442497604654969],[-75.871649798401606,4.9441552199001126],[-75.871717242910066,4.9440594106578519],[-75.871782905712294,4.9439623635726573],[-75.871846764422742,4.9438641121861187],[-75.871908797568892,4.9437646927475383],[-75.871987327043428,4.9436362010999888],[-75.872072233749591,4.9434930847497913],[-75.872139774282104,4.9433727415060451],[-75.872204682321893,4.9432509480798767],[-75.872266924782608,4.9431277642722193],[-75.872326473076342,4.943003248056649],[-75.872383298619084,4.9428774583105426],[-75.872437375530566,4.9427504538995208],[-75.872488676147583,4.9426222982162971],[-75.872537177293594,4.9424930501146189],[-75.87257483619041,4.9423863154205145],[-75.872610585210921,4.9422789210310247],[-75.872644414598668,4.9421709031442793],[-75.872676311881833,4.9420622952583351],[-75.872706267303954,4.9419531335712392],[-75.872734270191799,4.9418434506693094],[-75.872760313496485,4.9417332836426882],[-75.872784387449855,4.9416226659776372],[-75.872820076340687,4.9414513464007364],[-75.872857600788407,4.9412559146254269],[-75.872880966449017,4.9411135280304039],[-75.8729010909138,4.9409706438845316],[-75.872917961899105,4.9408273390715127],[-75.872931572497478,4.9406836832204553],[-75.872945840759741,4.9405123625315177],[-75.87295542186142,4.9403808183074469],[-75.872962267866058,4.9402491006414291],[-75.872966376328762,4.9401172692004627],[-75.872967743887799,4.939985380039924],[-75.872965950221797,4.9398345281467559],[-75.872960573625491,4.9396837631892287],[-75.872953441519371,4.9395338536943116],[-75.872940732427494,4.9393334965097679],[-75.872921695259848,4.9391336449047154],[-75.872896348906437,4.9389344985549242],[-75.872864717668179,4.9387362580165286],[-75.872833544344019,4.9385717109942231],[-75.872798040826666,4.9384080504646892],[-75.872755207763916,4.9382224596640807],[-75.872709101623968,4.9380356510126795],[-75.872657354805412,4.9378503319969864],[-75.872600013131162,4.9376666786747991],[-75.872584395811373,4.9376215206769896],[-75.872668957703723,4.9375226918330135],[-75.872756307223867,4.9374159400001352],[-75.8728413152934,4.937307301032269],[-75.87292393979007,4.9371968293464077],[-75.873004141275928,4.9370845748283729],[-75.873081882142714,4.9369705936832879],[-75.873157124758933,4.9368549366929102],[-75.873229836038206,4.9367376636582669],[-75.873299978349138,4.9366188253609842],[-75.873336953132139,4.9365537038646279],[-75.873436893003287,4.9363752419513789],[-75.873498606474911,4.9362623679482898],[-75.873558018265413,4.9361482574471465],[-75.87361510425373,4.9360329593630405],[-75.87366984120834,4.935916519895466],[-75.873722205913381,4.9357989888593474],[-75.873772176050267,4.9356804151618086],[-75.873819731992469,4.9355608449865915],[-75.873864855041901,4.9354403308405921],[-75.873933348906505,4.935241350279739],[-75.873995207539565,4.9350401947742863],[-75.874073725468065,4.934768934071883],[-75.87411902824266,4.9346041426864558],[-75.87415987932475,4.9344381855828816],[-75.8741962467885,4.9342711822129006],[-75.874228105024272,4.9341032538084892],[-75.874256851385326,4.9339248744723889],[-75.874280511589873,4.9337457443389612],[-75.874309060368532,4.933503044558103],[-75.874328065396384,4.9333181776774797],[-75.874341652900398,4.9331328325992434],[-75.874349808238065,4.9329471657587209],[-75.874352526711149,4.9327613407791722],[-75.874349161622362,4.9325547181616765],[-75.874339073462508,4.9323483162776336],[-75.874322273092289,4.9321423538192226],[-75.874298780391968,4.9319370512471385],[-75.874220254397443,4.9313374222428701],[-75.874200686564606,4.9311997286113352],[-75.874178105250181,4.9310624990624383],[-75.874152716775711,4.9309267667602521],[-75.87412438295344,4.9307916238849234],[-75.874093114867463,4.9306571327559947],[-75.874058929918064,4.9305233574735237],[-75.874021842801824,4.9303903621491987],[-75.873981870918811,4.9302582108830313],[-75.873939037060723,4.9301269641360959],[-75.873893356825008,4.9299966860161906],[-75.873844853916054,4.9298674396921669],[-75.873793552022548,4.9297392847172983],[-75.873739473034576,4.9296122815566008],[-75.873682646960717,4.9294864924477668],[-75.873623097489386,4.9293619769441204],[-75.873560854617295,4.9292387945717726],[-75.873495946527001,4.9291170021529442],[-75.873428405021315,4.9289966601098483],[-75.873340991382335,4.9288494470507702],[-75.87325343565584,4.9287106778827754],[-75.87326119613472,4.9286934991821481],[-75.873315271450835,4.9285664954288304],[-75.87336657144381,4.9284383394652567],[-75.873415072043514,4.9283090919565096],[-75.873458228872508,4.9281862463726256],[-75.873498855855416,4.9280625367627788],[-75.87353693609262,4.927938014721998],[-75.873572455392022,4.9278127327374044],[-75.873605395964489,4.9276867451194377],[-75.873635745420316,4.9275601043473252],[-75.873648467704982,4.9275017641982606],[-75.873651949350844,4.927498672274039],[-75.873734079093495,4.9274231128141519],[-75.873814864298652,4.927346110221551],[-75.874020934211032,4.9271461898417241],[-75.874137272270261,4.9270303521094156],[-75.874250572034512,4.9269115238697117],[-75.87436075543522,4.9267897831968916],[-75.874467748937263,4.9266652144728011],[-75.874539306220569,4.926578114598315],[-75.874609304357278,4.9264897523988811],[-75.874737208508265,4.9263252982835715],[-75.874799195933676,4.9261768417174361],[-75.874871019600974,4.92615297371084],[-75.874925776780344,4.926081293780582],[-75.874990890181891,4.925992921994415],[-75.875054465778831,4.9259034297039976],[-75.875116482055844,4.9258128432156587],[-75.875176920212908,4.9257211915356462],[-75.875235765047066,4.9256285018468269],[-75.875292995944264,4.9255348004515547],[-75.875348595910879,4.9254401172520614],[-75.875406643618859,4.9253370606206088],[-75.875462760809356,4.9252329330920892],[-75.875516926919232,4.925127772719236],[-75.875569122271003,4.9250216139352618],[-75.875619329005133,4.9249144947810954],[-75.875667531965718,4.9248064532860054],[-75.875713710581934,4.9246975256947207],[-75.875757851511963,4.9245877527402628],[-75.87578982590567,4.9245060405364551],[-75.875795655865971,4.9245007989367977],[-75.875896149201182,4.9244063952532953],[-75.87599456575947,4.9243098149332081],[-75.876090858877731,4.9242111042780223],[-75.87618498099566,4.9241103104968946],[-75.876276889960252,4.9240074807756296],[-75.876366540021522,4.9239026641232471],[-75.876454360545921,4.9237953217693358],[-75.876539812561504,4.923686071598854],[-75.876632612343144,4.9235647099913065],[-75.87675538063796,4.9233986088102677],[-75.876872675120566,4.9232285740659369],[-75.876984368611772,4.9230547888969012],[-75.877090344750883,4.922877437298574],[-75.877176844174883,4.9227221680583524],[-75.877258961577951,4.9225645233671731],[-75.877336629907049,4.9224046273490014],[-75.877409787520378,4.9222426050081021],[-75.87748116675894,4.9220784246397882],[-75.877556737978395,4.9218969563382444],[-75.877626652450132,4.9217132220503288],[-75.877666364408455,4.9216004864671996],[-75.877703945461818,4.9214870198165421],[-75.877739384055388,4.9213728592078114],[-75.877772664159565,4.9212580490009294],[-75.87780377874104,4.9211426299013263],[-75.877832713549282,4.9210266408377974],[-75.87785945885517,4.9209101243351254],[-75.877876319200809,4.9208297548476434],[-75.877917153079977,4.9208383677056657],[-75.878052481815757,4.9208638308002017],[-75.878188330395218,4.9208863250315149],[-75.878324637507887,4.9209058443382521],[-75.878461336405167,4.9209223754515117],[-75.87859836216802,4.9209359114218536],[-75.878735649881378,4.9209464462036898],[-75.878873132831671,4.9209539746632194],[-75.879010748819141,4.9209584934549904],[-75.879148428434505,4.9209599992647464],[-75.879276920043964,4.9209599991473532],[-75.879414601091185,4.9209584931226349],[-75.87955221508922,4.9209539746838775],[-75.879689699865708,4.920946446812958],[-75.879826987837333,4.9209359116113438],[-75.879964012341489,4.920922375695997],[-75.880100711217707,4.920905844760572],[-75.880237018704719,4.9208863254182278],[-75.88037286816737,4.9208638306132064],[-75.880500217777055,4.9208399534709253],[-75.880627051432214,4.9208134608709484],[-75.880753316897739,4.9207843611755617],[-75.880878960159521,4.9207526681781273],[-75.88101459044772,4.9207169683561993],[-75.88115520023004,4.9206782107812499],[-75.881294877673128,4.9206362059241648],[-75.881433550770154,4.9205909748879515],[-75.881468919096051,4.9205785260950101],[-75.88143429149757,4.920546575231616],[-75.881315158143821,4.9204805782151162],[-75.881213934500437,4.9204026517885326],[-75.8810947805583,4.920348615092359],[-75.880987572103038,4.9202826395632906],[-75.880886370039676,4.9201927526523814],[-75.880844738891284,4.9201328746636674],[-75.880809006495042,4.9201088900015773],[-75.88069576165401,4.9200847645169965],[-75.880618324123148,4.9200427632056467],[-75.880481345774427,4.9199528122956986],[-75.880404004739219,4.9198569891480464],[-75.880364901104784,4.9198254986487973],[-75.880003316964491,4.9196167483997844],[-75.879994018740661,4.9196078373844383],[-75.879831997115616,4.9194525626945413],[-75.879828922368588,4.9194412872789313],[-75.87978886261979,4.9194439553541294],[-75.879767009219691,4.9194454093635525],[-75.879753249041102,4.9194463257907257],[-75.879656430453011,4.9194527718498842],[-75.879499032446603,4.9194453123635569],[-75.879210396316338,4.9194734988711613],[-75.878752424711109,4.9195013800388416],[-75.878389852720943,4.919529432256283],[-75.878132187621858,4.9195768114678957],[-75.877864913268269,4.9196624461004479],[-75.877673993096295,4.9197290814843759],[-75.877292084533153,4.9199006260733338],[-75.876805184772579,4.9201006858539502],[-75.87649966403346,4.9202340936717821],[-75.875955437145407,4.9204818925108951],[-75.875420887945509,4.9206531597920424],[-75.875048603559691,4.9207768785413402],[-75.874600069131404,4.9208621837467224],[-75.87427564048383,4.9208998713167249],[-75.873979917414033,4.9208897686270374],[-75.873426648030971,4.9208600634188135],[-75.873045031402995,4.9208689406710207],[-75.872615833843497,4.9208107540882269],[-75.871499740436093,4.9207608910120637],[-75.87122314912412,4.9207221168331525],[-75.8709377685677,4.9206808992362205],[-75.870878529224854,4.9207332682736853],[-75.870798269291285,4.9213568021148202],[-75.870696447075247,4.9223343321796147],[-75.870642139987453,4.9227280604923971],[-75.870567463780688,4.9229113493546492],[-75.870363814917027,4.9230471191101097],[-75.870092278811967,4.9231149996924106],[-75.869911147900126,4.9231184830725523],[-75.869613150790641,4.923535323789392],[-75.868968075841238,4.9241561016780979],[-75.868514362273189,4.924466251647047],[-75.868180159368748,4.9246330929778583],[-75.868084368971367,4.9248482082517855],[-75.868081023373364,4.9248565539498914],[-75.868089697108388,4.9249682325051687],[-75.868139860189771,4.9253923249017815],[-75.868565465311406,4.9255204461017374],[-75.869506478956168,4.9273647944920009],[-75.869764182417896,4.9272791569732375],[-75.869919115424494,4.9270555661007522],[-75.870022600641789,4.9267974406455703],[-75.870074607531265,4.9265220009465036],[-75.870075136168126,4.926229246076578],[-75.872421294004496,4.9296260244350556],[-75.869789657259318,4.9321871634263283],[-75.869686979918598,4.9319975476844977],[-75.869515870954885,4.9316700383945644],[-75.869327623326882,4.9313252788564856],[-75.869190793540966,4.9310322740096568],[-75.869105378780517,4.9307910257646128],[-75.868916883502408,4.9305840323173102],[-75.868762384438625,4.9305665304230999],[-75.868676535324951,4.9305663742959549],[-75.868573422251103,4.9306178494700745],[-75.868418830445648,4.9306520103987861],[-75.868075057523242,4.9308580355622098],[-75.867882406940609,4.9310194837791128],[-75.867876875412691,4.9317508133089154],[-75.867900092626641,4.931790194561728],[-75.868272986011306,4.9318448877572161],[-75.868646348834019,4.9320485380338237],[-75.868904307838605,4.9322454003458356],[-75.869046861854173,4.9324490551087807],[-75.869162264806377,4.9327884737741821],[-75.869179274014684,4.9329798112519381],[-75.869189421206826,4.9330939535973233],[-75.869080805382453,4.933331544391919],[-75.868863573637867,4.9334741030281402],[-75.868666710280408,4.9334808898613796],[-75.868442697136501,4.9334673115654075],[-75.868117417247504,4.9333724408988617],[-75.868076507233297,4.9334615345151587],[-75.867933058598695,4.9336526427019436],[-75.868109308171995,4.9340263793704535],[-75.868132682287595,4.9342895542360106],[-75.868036674393267,4.9346242746093134],[-75.867940968999235,4.934791548577576],[-75.867940622377716,4.934982916075505],[-75.868107186161069,4.9351985088563852],[-75.868273532317588,4.935533707655372],[-75.868296950071411,4.9357729604904881],[-75.868296083798413,4.9362513813354543],[-75.868247862841258,4.9365383472486162],[-75.868152287023378,4.9366338564275818],[-75.867818683226787,4.936465801895431],[-75.867604375525829,4.9362740426769118],[-75.867271075343709,4.9359385393329065],[-75.867128319609478,4.9357469107130942],[-75.867152603335427,4.9355077434052497],[-75.867415349166905,4.9352929334539306],[-75.86753494758203,4.9351017826472514],[-75.867606845831062,4.9349105451479458],[-75.86760727901769,4.9346713345765663],[-75.867393014555745,4.9344556538517335],[-75.867273849458726,4.9344075948537087],[-75.866619854434759,4.9344396453776076],[-75.866022921361122,4.9348093333988148],[-75.865676720475037,4.9350120304297684],[-75.865485895281211,4.9350236426737455],[-75.865432078047391,4.9350289405722378]]]},"properties":{"OBJECTID":118,"ID_COBERT":221,"N1_COBERT":2,"N2_COBERT":22,"N3_COBERT":221,"N4_COBERT":2212,"NOMENCLAT":2212,"AREA_HA":533.06430815600004,"Leyenda_N2":"Cultivos permanentes","RuleID":13,"Shape_Leng":18427.0045933,"LeyendaN3":"Caña","Shape_Length":11286.947261848032,"Shape_Area":2068946.3557349634}},{"type":"Feature","id":119,"geometry":{"type":"MultiPolygon","coordinates":[[[[-75.875052948756988,4.9134521908490836],[-75.87535092116569,4.9135364517854381],[-75.87569663611265,4.91359687775594],[-75.876042542556533,4.9135496586022507],[-75.876674905399156,4.9133594285342932],[-75.876744528409461,4.9132993380043093],[-75.876447820124426,4.9131101335934311],[-75.876293565531128,4.9132152147169021],[-75.875876023002562,4.9133101469742897],[-75.875506480382526,4.9132377170455364],[-75.875113151469449,4.9131293637734279],[-75.874531810955247,4.9129543190208276],[-75.874218014749658,4.9131112205291538],[-75.874278410729119,4.9131278584091094],[-75.874564458279806,4.9132120980568121],[-75.875052948756988,4.9134521908490836]]],[[[-75.871468698406744,4.9155479242012614],[-75.871381336103724,4.9157192869908961],[-75.871323233765409,4.9159475416530016],[-75.871289374937874,4.9160805572682538],[-75.871248087303414,4.9162427692427082],[-75.87122546205218,4.9163471876685261],[-75.871124352859042,4.9168138388553748],[-75.871120940086328,4.9168323681507582],[-75.871386011071948,4.9167825665280906],[-75.871529453846065,4.916591457507085],[-75.871577799079375,4.9162327281424618],[-75.871591036502707,4.9155031572515089],[-75.871607674219746,4.9152753136898948],[-75.871468698406744,4.9155479242012614]]],[[[-75.880183295763786,4.9156382864809478],[-75.880182962269217,4.9158248712798338],[-75.880268667819706,4.9159111414939174],[-75.880382993051938,4.9159974632692114],[-75.880454467311282,4.9160406503775143],[-75.880554328942679,4.9162130617128001],[-75.880596951307098,4.9163853707767675],[-75.880739614532274,4.9166296235533284],[-75.880739486937472,4.9167013868290068],[-75.880751819920718,4.916814565877206],[-75.880767125499574,4.9165543820573667],[-75.880779074748517,4.9164050001286057],[-75.880799331858327,4.9161517937379928],[-75.880809954710799,4.9160190012645639],[-75.880895617189722,4.9158619563906791],[-75.881016968590089,4.9157762966085992],[-75.881331057226177,4.9157001535693547],[-75.881376708062874,4.9156906441962187],[-75.881559486033723,4.91565256524928],[-75.881683216998624,4.9154907603321938],[-75.881768878414462,4.9152337785461082],[-75.881730804713655,4.9148245111006412],[-75.881673880169799,4.9145968103272288],[-75.881597556360873,4.9142915138797951],[-75.881492860707695,4.9137489961708134],[-75.881492861512712,4.913387318326258],[-75.881499366695238,4.913364545568129],[-75.881503828994511,4.9133489314278016],[-75.881512536922074,4.9133184525066662],[-75.881607074981616,4.9129875682484725],[-75.880959856695256,4.9127401066908574],[-75.880640862296872,4.9127489661436119],[-75.880617215918477,4.9127496215302848],[-75.880568898395737,4.9127567812995183],[-75.880451091470533,4.9127742330283075],[-75.880432250221759,4.9128040353533526],[-75.880408036987603,4.9130073224183919],[-75.880288382686047,4.913234358705405],[-75.880133167526481,4.9133417259638659],[-75.879870284703088,4.9136402691204806],[-75.87973876936357,4.9138314025824181],[-75.879642985907779,4.9140465219120104],[-75.879582934374611,4.9142856253023526],[-75.879510936471775,4.9145366683493332],[-75.879320073565026,4.9145722072761195],[-75.878933937018388,4.9143291846966282],[-75.878825162668477,4.9143687399805263],[-75.878527379367398,4.9143343806381257],[-75.87831956956488,4.9142761935747581],[-75.878354604089154,4.9143192989860136],[-75.878580643083296,4.9146187198696403],[-75.878830681409283,4.9148344610115462],[-75.879152440545113,4.914954645106147],[-75.87945052121826,4.914979102358477],[-75.879641426503696,4.9149196416133609],[-75.87973703889395,4.9148002072763939],[-75.879820920027882,4.9145731076195416],[-75.87995247856233,4.9143580523583594],[-75.880179713193797,4.9139876816222579],[-75.880418873290026,4.9136173326177941],[-75.880586270567861,4.9133664603601552],[-75.880729817392563,4.9131155447996671],[-75.880884139500722,4.9129381857368202],[-75.881070358045676,4.91305160287276],[-75.881184751520848,4.9130996509437841],[-75.881222826597494,4.9131475616359443],[-75.881308549112006,4.9132242631690604],[-75.881308292722693,4.9133677896647292],[-75.881308105259563,4.9134730432692022],[-75.881307969254351,4.9135495908505735],[-75.881288462626031,4.9137887681766532],[-75.881374100736963,4.9139133121065468],[-75.881469277235595,4.9140378735098738],[-75.881507233014958,4.9141527630382544],[-75.881544983133324,4.9143824748140696],[-75.881592495670759,4.9144878131390799],[-75.88161118212129,4.9147079221390459],[-75.881668183474702,4.9148419830341927],[-75.881744263385912,4.9149760788865047],[-75.881744024743455,4.9151100375535863],[-75.881686529495155,4.9152534608957543],[-75.881581350833031,4.9153872308736597],[-75.881457076165162,4.9155305354624339],[-75.881380585873671,4.9156260832162459],[-75.881227979769449,4.9156066724272192],[-75.88115174555513,4.9155586927678057],[-75.881018271211772,4.9155106117679823],[-75.880989822377856,4.9154148752430835],[-75.881066312744863,4.9153193275150961],[-75.881038068723385,4.9151087704964809],[-75.880961953986144,4.9149938109419926],[-75.880742722946465,4.9148881656909529],[-75.880599487129558,4.9149644553237275],[-75.880561003027623,4.9151461875222067],[-75.880560712726719,4.9153088514639665],[-75.880469930335309,4.915394804693582],[-75.880326599767173,4.9155237221010655],[-75.880183295763786,4.9156382864809478]]],[[[-75.88069604481386,4.9169883635259257],[-75.880566947363334,4.917160364174876],[-75.880423668039967,4.9172605757659991],[-75.880337372025764,4.9175044179655458],[-75.880294160215428,4.9176622193695376],[-75.880122236220174,4.9177767333613511],[-75.880121928750313,4.9179489651356327],[-75.880121774572515,4.918035080572535],[-75.880221790897082,4.9181213763953568],[-75.880379071543572,4.9181934231354756],[-75.880335859798862,4.9183512254635655],[-75.880278568902327,4.9183798284509974],[-75.880106798025622,4.9184082253055301],[-75.879892070396593,4.9184508969380056],[-75.87974874023034,4.9185798137525554],[-75.879620687583881,4.918834344497192],[-75.879632216676967,4.9190556363627156],[-75.879679681604287,4.9191872882342826],[-75.879830077057548,4.9191773328745372],[-75.879836745149206,4.9191580718931789],[-75.879853412241232,4.9191099235215381],[-75.88002473073422,4.9188243846228712],[-75.880353099218269,4.9185245744201103],[-75.880436038797995,4.9184397043103347],[-75.880660049243119,4.918210484110177],[-75.880759984331377,4.9179749212789021],[-75.880781401775948,4.9178107360032337],[-75.880731432251338,4.9176465504696303],[-75.880624357194137,4.9174823724450878],[-75.880624357590122,4.9173110477729267],[-75.880679620545536,4.9171673645908793],[-75.880695741249525,4.9171254518655827],[-75.88074571034943,4.9169184368799215],[-75.880750360332399,4.9168393786120541],[-75.88069604481386,4.9169883635259257]]],[[[-75.880404004739219,4.9198569891480464],[-75.880481345774427,4.9199528122956986],[-75.880618324123148,4.9200427632056467],[-75.88069576165401,4.9200847645169965],[-75.880809006495042,4.9201088900015773],[-75.880844738891284,4.9201328746636674],[-75.880886370039676,4.9201927526523814],[-75.880987572103038,4.9202826395632906],[-75.8810947805583,4.920348615092359],[-75.881213934500437,4.9204026517885326],[-75.881315158143821,4.9204805782151162],[-75.88143429149757,4.920546575231616],[-75.881468919096051,4.9205785260950101],[-75.881524621165994,4.9205589199123807],[-75.881509517084027,4.9205375965302238],[-75.881288226758755,4.9203805562673333],[-75.880695740970978,4.9200164981408898],[-75.880364901104784,4.9198254986487973],[-75.880404004739219,4.9198569891480464]]],[[[-75.870958569419514,4.9182737374505754],[-75.870954134283053,4.9183741608837739],[-75.870977679686206,4.9183845436784788],[-75.871156229526193,4.9185642743026898],[-75.871358438415371,4.9188516946125054],[-75.871548742482432,4.9191271315986089],[-75.871607592157972,4.9195578190093796],[-75.871535633828643,4.9197849395531135],[-75.871308692762184,4.9199878580079428],[-75.870905244675498,4.9202873233253301],[-75.870886521642021,4.9206711738247568],[-75.870878529224854,4.9207332682736853],[-75.8709377685677,4.9206808992362205],[-75.871099401731286,4.9205559562957166],[-75.871103813872338,4.9205525467305709],[-75.87157067548587,4.9201916624365341],[-75.871821703155902,4.9198572211400622],[-75.871893683054182,4.9196181392260101],[-75.871953803110785,4.9193431559171774],[-75.871906620545673,4.9190560162673602],[-75.871692487386497,4.9187685754282091],[-75.871180876726299,4.9181217786416793],[-75.870973941966682,4.9179257275150805],[-75.870958569419514,4.9182737374505754]]],[[[-75.869256331003598,4.9230589689905004],[-75.869175407893422,4.9231380017954933],[-75.869025065267294,4.9232848320034348],[-75.868344453255617,4.9237739784054098],[-75.868067644041517,4.9238626619016843],[-75.868035393199747,4.9242690299952701],[-75.868035409388369,4.9242692323995323],[-75.868427365872932,4.9240851035452406],[-75.869215433490794,4.9235243888211588],[-75.869582453865945,4.9230964939172432],[-75.869318401472299,4.9230539024008335],[-75.869256331003598,4.9230589689905004]]],[[[-75.865507729549705,4.9273980388996792],[-75.865535529477171,4.9273809509342419],[-75.865833916850747,4.9272379681995684],[-75.86613204339649,4.9272385110524937],[-75.866418158782452,4.9272868741610338],[-75.866776041979122,4.9272157623583785],[-75.867169915573868,4.9270251112648484],[-75.867277415240522,4.9269296228860728],[-75.867528512595641,4.9265593025547663],[-75.867620374550086,4.9263718878927936],[-75.867614511489649,4.9263734308409317],[-75.867233743986873,4.9264329278316659],[-75.867158835157838,4.9265586295286568],[-75.866979439275468,4.9268453558111416],[-75.866716893077125,4.9269525234287448],[-75.866454519563121,4.9269640057499249],[-75.865966919976586,4.9269714064750803],[-75.865788430756325,4.9270997920432729],[-75.865507729549705,4.9273980388996792]]],[[[-75.866532276972691,4.9301217302427292],[-75.866746344023582,4.9304450543796055],[-75.86717439407397,4.9311395469148449],[-75.867571434953902,4.9317274515389435],[-75.867763856791413,4.9317702129270664],[-75.867900092626641,4.931790194561728],[-75.867876875412691,4.9317508133089154],[-75.867210971123498,4.9306970723410997],[-75.866985237764496,4.9302302003691709],[-75.866818653777131,4.9300265677897723],[-75.86662828460635,4.9297870099933512],[-75.86636617025583,4.9296549673193564],[-75.866187292639452,4.9296546409843733],[-75.865996295453073,4.9297619368524197],[-75.865793287115082,4.9299170540337318],[-75.865684237738108,4.9300003772830081],[-75.865700181801955,4.9301885148332234],[-75.86576441902055,4.9304026355041595],[-75.865875895660139,4.9303956264626727],[-75.86606704483124,4.9302046066938594],[-75.866186556044312,4.9300612976896785],[-75.866377488163607,4.9299898824594708],[-75.866532276972691,4.9301217302427292]]],[[[-75.867778550498414,4.9333653072342258],[-75.867634949461731,4.933640139097613],[-75.867324547304264,4.9338309417911335],[-75.866835158950508,4.934081221643245],[-75.866393622592,4.934247864379194],[-75.866011733823143,4.9344026540567203],[-75.865977633699558,4.9344139853330242],[-75.865944565229299,4.9344584212371823],[-75.86564587465395,4.9348046291449394],[-75.865432078047391,4.9350289405722378],[-75.865485895281211,4.9350236426737455],[-75.865676720475037,4.9350120304297684],[-75.866022921361122,4.9348093333988148],[-75.866619854434759,4.9344396453776076],[-75.867001808664853,4.9342489729072483],[-75.867550932192003,4.9339389995918905],[-75.867933058598695,4.9336526427019436],[-75.868076507233297,4.9334615345151587],[-75.868117417247504,4.9333724408988617],[-75.868116854173451,4.9333722770141142],[-75.867789287005564,4.9333470770443499],[-75.867778550498414,4.9333653072342258]]]]},"properties":{"OBJECTID":119,"ID_COBERT":511,"N1_COBERT":5,"N2_COBERT":51,"N3_COBERT":511,"N4_COBERT":0,"NOMENCLAT":511,"AREA_HA":11.111979400599999,"Leyenda_N2":"Aguas continentales","RuleID":31,"Shape_Leng":8971.7214104699997,"LeyendaN3":"Ríos (50 m)","Shape_Length":7449.0755172744175,"Shape_Area":102344.40016814558}},{"type":"Feature","id":120,"geometry":{"type":"Polygon","coordinates":[[[-75.880652851295068,4.8899565031713514],[-75.880757820932303,4.8899375542800891],[-75.880891332793666,4.889961713949905],[-75.881024801872329,4.8900097943863123],[-75.881143936123877,4.8900722026067065],[-75.881239221764048,4.8901345678970136],[-75.881353510793176,4.8902400257992218],[-75.881391447878073,4.8903644830708766],[-75.881610672203934,4.8904701283003265],[-75.881944303761898,4.8906142513158564],[-75.882168365885406,4.8906816299692935],[-75.882185227512494,4.890735520614176],[-75.882196823706167,4.8907725817700118],[-75.882301699482412,4.8908062593688761],[-75.882389822458705,4.8908142165333217],[-75.882463847560103,4.8908209011483761],[-75.882634186442857,4.8909082103072627],[-75.882735480671116,4.8909601283952044],[-75.88293565155341,4.891051386417554],[-75.883069087383561,4.8911186044585984],[-75.883147820553049,4.8908542550730045],[-75.88319103439531,4.8906928636240021],[-75.883259246110242,4.8905566336969875],[-75.883316814414783,4.8903701508047153],[-75.883385158629835,4.8901585692804241],[-75.883424776008511,4.8900079361031699],[-75.883453694500375,4.8898393435048186],[-75.883450454515781,4.8896491634807893],[-75.88345070172582,4.8895092238598306],[-75.883486652814895,4.8894088194319565],[-75.883583496346759,4.8892654638485897],[-75.883651757242831,4.8891005289434206],[-75.883680566468513,4.888992935009794],[-75.883745041889867,4.8889464025812757],[-75.883916659234757,4.8890005315068956],[-75.884070396454234,4.8890510395617897],[-75.884199168118911,4.889058446432097],[-75.884410211974043,4.8890695863063574],[-75.884639194103144,4.8890520524773828],[-75.884857495178821,4.8890057946860557],[-75.885004281093558,4.8889414688596773],[-75.885194070124427,4.8888341603968728],[-75.885297959242465,4.8887518168279041],[-75.885455552153743,4.8886444518152548],[-75.885570166934002,4.8885657155491948],[-75.885684801361563,4.8884762138764453],[-75.885799441116177,4.8883831246436706],[-75.885967741673639,4.888290131401499],[-75.886118192478534,4.8881755759646772],[-75.886252123058767,4.8880757193398949],[-75.886290554090721,4.8879775152732581],[-75.88653969780637,4.8873464368937913],[-75.886625482677232,4.887128476934409],[-75.886362723716204,4.8872870366186314],[-75.88613827294509,4.8874397340154516],[-75.885942551599257,4.8875302863886976],[-75.885893840651349,4.8875974789258763],[-75.885818551277637,4.8876906380951928],[-75.885721830139687,4.8877658181455361],[-75.88559652197381,4.8878230065049468],[-75.885453224505852,4.8879375734985073],[-75.885352939078246,4.8880055712239825],[-75.885231226330845,4.8880520013457707],[-75.885091621837788,4.8881019875929788],[-75.884966344833742,4.888141235367347],[-75.884744472665503,4.8881838982710262],[-75.884558438538321,4.8881907428944009],[-75.884405596967056,4.888139938139771],[-75.88426247735751,4.8881540359780127],[-75.884005028172936,4.8880865971322081],[-75.88370953795453,4.8879521122475884],[-75.88315653917337,4.8877836790882654],[-75.882870674350713,4.8876013680144528],[-75.882916202554469,4.8874414174407121],[-75.882841180137788,4.8874882093510319],[-75.882725874117554,4.8875636761177041],[-75.882612236906795,4.8876416458046466],[-75.88250032243144,4.887722084737069],[-75.882390183693232,4.8878049538207362],[-75.882281872792859,4.8878902139653162],[-75.882175443610151,4.8879778206494287],[-75.882070943755792,4.8880677384175426],[-75.881968425292072,4.8881599191404037],[-75.8818679349055,4.8882543219430445],[-75.88176952196676,4.8883509014194351],[-75.881673232238214,4.8884496112750924],[-75.881579114181832,4.8885504043000143],[-75.881487209947849,4.8886532324074041],[-75.881397562587736,4.8887580475065135],[-75.881310217844813,4.888864798783346],[-75.881225214257256,4.8889734363586683],[-75.881142594857451,4.8890839076222017],[-75.881062396373636,4.8891961608946328],[-75.880984659123328,4.8893101408655921],[-75.880909419838801,4.8894257967594754],[-75.880836712510302,4.8895430687735715],[-75.880766573870261,4.8896619061321678],[-75.880699036106734,4.8897822490401399],[-75.880634133225627,4.8899040413100456],[-75.880625786974278,4.889920558802352],[-75.880652851295068,4.8899565031713514]]]},"properties":{"OBJECTID":120,"ID_COBERT":112,"N1_COBERT":1,"N2_COBERT":11,"N3_COBERT":112,"N4_COBERT":0,"NOMENCLAT":112,"AREA_HA":40.748311629600003,"Leyenda_N2":"Zonas urbanizadas","RuleID":33,"Shape_Leng":9009.2463185399993,"LeyendaN3":"Tejido urbano discontinuo","Shape_Length":1859.7583028170629,"Shape_Area":107532.83009692609}},{"type":"Feature","id":121,"geometry":{"type":"Polygon","coordinates":[[[-75.884405596967056,4.888139938139771],[-75.884558438538321,4.8881907428944009],[-75.884744472665503,4.8881838982710262],[-75.884966344833742,4.888141235367347],[-75.885091621837788,4.8881019875929788],[-75.885231226330845,4.8880520013457707],[-75.885352939078246,4.8880055712239825],[-75.885453224505852,4.8879375734985073],[-75.88559652197381,4.8878230065049468],[-75.885721830139687,4.8877658181455361],[-75.885818551277637,4.8876906380951928],[-75.885893840651349,4.8875974789258763],[-75.885942551599257,4.8875302863886976],[-75.885895022651624,4.8874345180396634],[-75.885891005094862,4.8870087114969669],[-75.885843848296574,4.8867024348266135],[-75.885652819887696,4.8868360551907042],[-75.885328068928558,4.8870651209804992],[-75.884850575031564,4.8873561119719184],[-75.884478092154595,4.887604230223169],[-75.884449159989714,4.8877811963629973],[-75.884405596967056,4.888139938139771]]]},"properties":{"OBJECTID":121,"ID_COBERT":233,"N1_COBERT":2,"N2_COBERT":23,"N3_COBERT":233,"N4_COBERT":0,"NOMENCLAT":233,"AREA_HA":1.5269110528500001,"Leyenda_N2":"Pastos","RuleID":26,"Shape_Leng":528.71527253600004,"LeyendaN3":"Pastos enmalezados","Shape_Length":528.71527253559589,"Shape_Area":15276.78080105415}},{"type":"Feature","id":122,"geometry":{"type":"Polygon","coordinates":[[[-75.883069087383561,4.8911186044585984],[-75.883274011505264,4.8912194384612642],[-75.88348363604976,4.8913585553875105],[-75.883745637768371,4.8915503928271429],[-75.884141235051558,4.8917185455483265],[-75.884455755106657,4.8918817704368944],[-75.88480842524352,4.8920498481362182],[-75.885102824661942,4.8922201056532595],[-75.885151103361224,4.8921464248757802],[-75.885403714781191,4.891197638765564],[-75.885599880743513,4.8901387711629098],[-75.885749123218659,4.8893592034481408],[-75.885897654948536,4.8889815106354444],[-75.886252123058767,4.8880757193398949],[-75.886118192478534,4.8881755759646772],[-75.885967741673639,4.888290131401499],[-75.885799441116177,4.8883831246436706],[-75.885684801361563,4.8884762138764453],[-75.885570166934002,4.8885657155491948],[-75.885455552153743,4.8886444518152548],[-75.885297959242465,4.8887518168279041],[-75.885194070124427,4.8888341603968728],[-75.885004281093558,4.8889414688596773],[-75.884857495178821,4.8890057946860557],[-75.884639194103144,4.8890520524773828],[-75.884410211974043,4.8890695863063574],[-75.884199168118911,4.889058446432097],[-75.884070396454234,4.8890510395617897],[-75.883916659234757,4.8890005315068956],[-75.883745041889867,4.8889464025812757],[-75.883680566468513,4.888992935009794],[-75.883651757242831,4.8891005289434206],[-75.883583496346759,4.8892654638485897],[-75.883486652814895,4.8894088194319565],[-75.88345070172582,4.8895092238598306],[-75.883450454515781,4.8896491634807893],[-75.883453694500375,4.8898393435048186],[-75.883424776008511,4.8900079361031699],[-75.883385158629835,4.8901585692804241],[-75.883316814414783,4.8903701508047153],[-75.883259246110242,4.8905566336969875],[-75.88319103439531,4.8906928636240021],[-75.883147820553049,4.8908542550730045],[-75.883069087383561,4.8911186044585984]]]},"properties":{"OBJECTID":122,"ID_COBERT":232,"N1_COBERT":2,"N2_COBERT":23,"N3_COBERT":232,"N4_COBERT":0,"NOMENCLAT":232,"AREA_HA":7.9832685431300003,"Leyenda_N2":"Pastos","RuleID":25,"Shape_Leng":1304.22107779,"LeyendaN3":"Pastos arbolados","Shape_Length":1304.2210777882301,"Shape_Area":79872.621657755721}},{"type":"Feature","id":123,"geometry":{"type":"Polygon","coordinates":[[[-75.885102824661942,4.8922201056532595],[-75.885644676096007,4.8923594785020841],[-75.886288449324283,4.8924467404108043],[-75.886410562733843,4.8924430067300033],[-75.886687892920662,4.8924849413304941],[-75.887666087949341,4.8922713879732465],[-75.888143576986124,4.8919851806698968],[-75.888812111150642,4.8915557838860639],[-75.889499367638606,4.8907632341121641],[-75.889654390770858,4.8906299161043814],[-75.89025670238199,4.889884639494932],[-75.890715766611933,4.8892252232687605],[-75.891061076018858,4.8887515928719107],[-75.890976950119679,4.8886532319226159],[-75.890885046135892,4.8885504049829267],[-75.890790926853498,4.8884496113739973],[-75.890694637545622,4.8883509015169961],[-75.890596225272077,4.8882543222098711],[-75.890495734385283,4.8881599193584631],[-75.890393215545544,4.8880677388414471],[-75.890288715785246,4.8879778211298852],[-75.890182285772283,4.8878902139103237],[-75.890073976127923,4.8878049540229629],[-75.88996383659935,4.8877220846390337],[-75.889851922328916,4.8876416461948855],[-75.889738283937632,4.887563675530946],[-75.889622978354481,4.8874882094604457],[-75.889506057101485,4.8874152848200918],[-75.889387579795397,4.8873449347961424],[-75.889267599752685,4.8872771944099078],[-75.8891461738788,4.8872120950517557],[-75.889023362683687,4.8871496680965576],[-75.888899223068876,4.8870899440310005],[-75.888773812821427,4.8870329497224221],[-75.888647193340717,4.8869787138304703],[-75.888519424200553,4.8869272595994078],[-75.888390567697471,4.8868786147812706],[-75.888260682500231,4.8868328017205318],[-75.888129832672789,4.8867898400267462],[-75.887998078693855,4.8867497538445059],[-75.887865484604106,4.8867125573603349],[-75.887732113574103,4.8866782719957014],[-75.887598028747234,4.8866469128450269],[-75.887463293270784,4.8866184959066894],[-75.887327971173832,4.8865930326559077],[-75.887192129208273,4.8865705390756728],[-75.887055829573839,4.8865510203220257],[-75.886919137208537,4.8865344896741991],[-75.886782117920603,4.8865209531767313],[-75.886644838427173,4.8865104186780233],[-75.886507361821501,4.8865028895227356],[-75.886369753915815,4.8864983726594069],[-75.886232079582498,4.886496866001826],[-75.886094405519543,4.8864983728793066],[-75.885956797496718,4.8865028902979395],[-75.885819320398213,4.8865104188832911],[-75.885682040883481,4.8865209529260945],[-75.885545021117935,4.8865344894481488],[-75.885408329551808,4.8865510200208844],[-75.885272029240213,4.8865705389507106],[-75.885136187713087,4.8865930332936198],[-75.885000866219514,4.886618496460005],[-75.884866130479551,4.8866469137059214],[-75.884732045319979,4.8866782720991981],[-75.884598674658747,4.8867125569037189],[-75.884466080611645,4.8867497533912401],[-75.884334327069723,4.8867898404985732],[-75.884203476141238,4.8868328016897609],[-75.884073591713602,4.8868786149977925],[-75.883944734978598,4.8869272602750824],[-75.88381696531043,4.8869787137663101],[-75.883690346581332,4.8870329498890275],[-75.883564937260644,4.8870899439879061],[-75.883440796703553,4.887149667788254],[-75.88331798427302,4.8872120948231279],[-75.883196559316687,4.8872771950100846],[-75.883076579364541,4.8873449346589082],[-75.882958101965983,4.8874152845987595],[-75.882916202554469,4.8874414174407121],[-75.882870674350713,4.8876013680144528],[-75.88315653917337,4.8877836790882654],[-75.88370953795453,4.8879521122475884],[-75.884005028172936,4.8880865971322081],[-75.88426247735751,4.8881540359780127],[-75.884405596967056,4.888139938139771],[-75.884449159989714,4.8877811963629973],[-75.884478092154595,4.887604230223169],[-75.884850575031564,4.8873561119719184],[-75.885328068928558,4.8870651209804992],[-75.885652819887696,4.8868360551907042],[-75.885843848296574,4.8867024348266135],[-75.885891005094862,4.8870087114969669],[-75.885895022651624,4.8874345180396634],[-75.885942551599257,4.8875302863886976],[-75.88613827294509,4.8874397340154516],[-75.886362723716204,4.8872870366186314],[-75.886625482677232,4.887128476934409],[-75.88653969780637,4.8873464368937913],[-75.886290554090721,4.8879775152732581],[-75.886252123058767,4.8880757193398949],[-75.885897654948536,4.8889815106354444],[-75.885749123218659,4.8893592034481408],[-75.885599880743513,4.8901387711629098],[-75.885403714781191,4.891197638765564],[-75.885151103361224,4.8921464248757802],[-75.885102824661942,4.8922201056532595]]]},"properties":{"OBJECTID":123,"ID_COBERT":221,"N1_COBERT":2,"N2_COBERT":22,"N3_COBERT":221,"N4_COBERT":2212,"NOMENCLAT":2212,"AREA_HA":226.89154499,"Leyenda_N2":"Cultivos permanentes","RuleID":13,"Shape_Leng":8351.2102804799997,"LeyendaN3":"Caña","Shape_Length":3051.1712350887747,"Shape_Area":303566.7992122008}},{"type":"Feature","id":124,"geometry":{"type":"Polygon","coordinates":[[[-75.885885412234899,4.8928152269280041],[-75.886017107639248,4.8928318355473079],[-75.886213520840684,4.8927140641001152],[-75.886917840793231,4.8927235854430293],[-75.887803000889093,4.8926855133172218],[-75.888583464489713,4.8923619077090299],[-75.889164054171204,4.8919336023432276],[-75.890058730113324,4.891048443084995],[-75.89108665854917,4.8898111245657985],[-75.891477212566969,4.8893071829726455],[-75.891432897863467,4.8892411729220147],[-75.891363360653585,4.8891417629613176],[-75.8912919359623,4.8890437097260486],[-75.89121864827905,4.8889470501688788],[-75.891143526583477,4.888851817607649],[-75.89106659625827,4.8887580471835177],[-75.891061076018858,4.8887515928719107],[-75.890715766611933,4.8892252232687605],[-75.89025670238199,4.889884639494932],[-75.889654390770858,4.8906299161043814],[-75.889499367638606,4.8907632341121641],[-75.888812111150642,4.8915557838860639],[-75.888143576986124,4.8919851806698968],[-75.887666087949341,4.8922713879732465],[-75.886687892920662,4.8924849413304941],[-75.886410562733843,4.8924430067300033],[-75.886288449324283,4.8924467404108043],[-75.885644676096007,4.8923594785020841],[-75.885102824661942,4.8922201056532595],[-75.88480842524352,4.8920498481362182],[-75.884455755106657,4.8918817704368944],[-75.884141235051558,4.8917185455483265],[-75.883745637768371,4.8915503928271429],[-75.88348363604976,4.8913585553875105],[-75.883274011505264,4.8912194384612642],[-75.883069087383561,4.8911186044585984],[-75.88293565155341,4.891051386417554],[-75.882735480671116,4.8909601283952044],[-75.882634186442857,4.8909082103072627],[-75.882463847560103,4.8908209011483761],[-75.882389822458705,4.8908142165333217],[-75.882301699482412,4.8908062593688761],[-75.882196823706167,4.8907725817700118],[-75.882185227512494,4.890735520614176],[-75.882168365885406,4.8906816299692935],[-75.881944303761898,4.8906142513158564],[-75.881610672203934,4.8904701283003265],[-75.881391447878073,4.8903644830708766],[-75.881353510793176,4.8902400257992218],[-75.881239221764048,4.8901345678970136],[-75.881143936123877,4.8900722026067065],[-75.881024801872329,4.8900097943863123],[-75.880891332793666,4.889961713949905],[-75.880757820932303,4.8899375542800891],[-75.880652851295068,4.8899565031713514],[-75.88059769836326,4.8899761497520959],[-75.880571892012085,4.8900272240737817],[-75.880512347369375,4.8901517402359982],[-75.88045552337158,4.8902775291323461],[-75.880401449507403,4.8904045318828704],[-75.880350149847104,4.8905326869191885],[-75.880311496845394,4.8906356936679396],[-75.880600918132828,4.8907703043965371],[-75.881093588379883,4.8909994460657629],[-75.881108709413112,4.8910064810614129],[-75.881253246531571,4.8910654372233058],[-75.881717733555547,4.8912549038291564],[-75.881869064765382,4.8913166335138643],[-75.881907029761237,4.8913292104153205],[-75.88265836479799,4.8915781201582638],[-75.882705520309955,4.8915937414920716],[-75.882744692795541,4.8916067207818363],[-75.882786052478323,4.8916243465917688],[-75.882946069823959,4.8916925392979973],[-75.882946455322994,4.8916927030496007],[-75.883026014854906,4.8917266087869438],[-75.883540142807362,4.891945710710031],[-75.883728983452713,4.8920261866568726],[-75.883743361663278,4.8920323136419785],[-75.884287019968866,4.8922640006792957],[-75.884658187242309,4.8924132519683221],[-75.885111614159982,4.8925955831779246],[-75.885885412234899,4.8928152269280041]]]},"properties":{"OBJECTID":124,"ID_COBERT":511,"N1_COBERT":5,"N2_COBERT":51,"N3_COBERT":511,"N4_COBERT":0,"NOMENCLAT":511,"AREA_HA":116.18947498199999,"Leyenda_N2":"Aguas continentales","RuleID":31,"Shape_Leng":51900.652355999999,"LeyendaN3":"Ríos (50 m)","Shape_Length":3012.8957009197638,"Shape_Area":83126.162509095651}},{"type":"Feature","id":125,"geometry":{"type":"Polygon","coordinates":[[[-75.880625786974278,4.889920558802352],[-75.88059769836326,4.8899761497520959],[-75.880652851295068,4.8899565031713514],[-75.880625786974278,4.889920558802352]]]},"properties":{"OBJECTID":125,"ID_COBERT":231,"N1_COBERT":2,"N2_COBERT":23,"N3_COBERT":231,"N4_COBERT":0,"NOMENCLAT":231,"AREA_HA":304.74289916700002,"Leyenda_N2":"Pastos","RuleID":27,"Shape_Leng":22111.834762400002,"LeyendaN3":"Pastos limpios","Shape_Length":18.373036528200103,"Shape_Area":15.432953757133987}}]
}