{
  "type" : "FeatureCollection",
  "features" : [{"type":"Feature","id":1,"geometry":{"type":"Polygon","coordinates":[[[-76.460050593320375,3.3234393995455513],[-76.459839478902737,3.3235540239356003],[-76.459705118499016,3.323690010185576],[-76.459925622171895,3.3235388484777344],[-76.460050593320375,3.3234393995455513]]]},"properties":{"OBJECTID":1,"FID_CoberturaTierra_COLOMBIA2022":213190,"codigo":511,"leyenda":"Ríos (50m)","insumo":"Landsat_2022_mediana_09032023","apoyo":"Mediana_sentinel_2022_230220_utm_Z18N, Mosaico_Planet_032022_NICFI","confiabili":"SI","cambio":2,"nivel_1":"SUPERFICIES DE AGUA","nivel_2":"Aguas continentales","nivel_3":"Ríos (50m) ","nivel_4":" ","nivel_5":" ","nivel_6":" ","area_ha":16503.772591267898,"FID_Cuenca_Desbaratado":1,"OBJECTID_1":117,"COD_AH":2,"nom_ah":"Magdalena Cauca","COD_ZH":26,"nom_zh":"Cauca","COD_SZH":2622,"nom_szh":"Río Desbaratado","ruleid":3,"SHAPE_Leng":1.02560187254,"Shape_Length":95.334561881445779,"Shape_Area":100.64253667016877}},{"type":"Feature","id":2,"geometry":{"type":"Polygon","coordinates":[[[-76.241604528501341,3.2831407246481197],[-76.241842556892607,3.2831329446966362],[-76.242224950113041,3.2830961831109757],[-76.242348670404851,3.2830804670325584],[-76.24237578375994,3.2830769629569696],[-76.24278177681478,3.2830100438233742],[-76.243182515830114,3.282916757991182],[-76.243576286673886,3.2827975050632499],[-76.243626652014356,3.2827785799560085],[-76.243937877187335,3.2828728345134564],[-76.244137076314686,3.2829226568807215],[-76.244163273017946,3.282928755742974],[-76.244317925285671,3.2830361154620724],[-76.244667362954601,3.2832530540589007],[-76.245030263498762,3.2834467093378072],[-76.245405074225516,3.2836162550470656],[-76.245437996444451,3.2836297604889677],[-76.245496452792963,3.2836535488080365],[-76.245848646062868,3.2837847518890091],[-76.246242416291409,3.2839040042642624],[-76.246643155627808,3.2839972900553929],[-76.246879448680744,3.2840395500308994],[-76.246961534458109,3.2840526219118922],[-76.247131233099722,3.2840772810323622],[-76.247540740099055,3.284117547260383],[-76.247952008660405,3.2841309892970796],[-76.248347610005339,3.284118554183638],[-76.248489319195315,3.2841096360122086],[-76.248504986491625,3.28410862969608],[-76.248914493157329,3.2840683629557859],[-76.249098755274645,3.2840379913061235],[-76.249117915145845,3.2840432997306794],[-76.249518654578139,3.2841365858420408],[-76.249924647183235,3.2842035053329921],[-76.249985781885528,3.2842112373176344],[-76.250070117645109,3.2842214831768373],[-76.250418489856187,3.2842540178719584],[-76.250566440464965,3.2842588535829664],[-76.250881515468905,3.2843792299976933],[-76.250955716101544,3.2844052913076327],[-76.251021280972353,3.2844279146185023],[-76.251415051027934,3.2845471667818193],[-76.251815790009303,3.2846404524538495],[-76.252221782982431,3.2847073724517264],[-76.252631290202757,3.2847476388218819],[-76.252858835860152,3.2847584005877772],[-76.252938681114827,3.284760730785325],[-76.253122403162862,3.2847634104080523],[-76.253533671677289,3.2847499684482133],[-76.253943179034849,3.2847097022741059],[-76.25434917171313,3.2846427830217526],[-76.254749910955482,3.2845494974416671],[-76.25508486829095,3.2844498534978994],[-76.255146739909449,3.284429562861479],[-76.255205552463877,3.2844099536195692],[-76.255590667105565,3.2842652443990792],[-76.255715882056592,3.284208603973636],[-76.255800231381315,3.2842037545585985],[-76.256047459273304,3.2841826796438784],[-76.256191421757549,3.2841675452983408],[-76.256353700879771,3.2841483542986589],[-76.256539131359617,3.284117789695129],[-76.256771190264601,3.2843079225228196],[-76.257105667450418,3.2845472116411067],[-76.257191722179897,3.2846036062167649],[-76.25728051789261,3.2846607634674414],[-76.257543900942963,3.2848213068662604],[-76.257906801119589,3.2850149625112137],[-76.25828161099453,3.2851845078186352],[-76.25866672605801,3.2853292161419354],[-76.259060496301245,3.2854484694214765],[-76.259461236095035,3.2855417545375207],[-76.259867228721234,3.2856086741381154],[-76.260255184978234,3.2856474938577729],[-76.260404747968565,3.2856577956495685],[-76.260426298331055,3.2856592420721413],[-76.260837566957591,3.2856726842708737],[-76.26124883527622,3.2856592424472586],[-76.261658342215867,3.2856189757277807],[-76.261791467103507,3.2856000312167244],[-76.261960180723804,3.2855741811278656],[-76.262233049628989,3.2855262060399122],[-76.262633788864022,3.2854329203542463],[-76.262781311630732,3.2853915265140143],[-76.262930923527406,3.2853475767584834],[-76.26317717221238,3.2852697175542986],[-76.263562286453322,3.2851250087592736],[-76.263682053121485,3.2850740239968479],[-76.263975685138561,3.2849454240259912],[-76.263984881815361,3.2849413881816734],[-76.263992089024541,3.284938217287253],[-76.263999799389779,3.2849366106709126],[-76.264342569683905,3.2848551199523279],[-76.264736340159914,3.2847358675772207],[-76.265121455245065,3.2845911586001439],[-76.265496265411585,3.284421612920025],[-76.265624504158083,3.2843531807869022],[-76.265637650922727,3.284351824670722],[-76.265750917474904,3.2843471098495867],[-76.265900235685848,3.2843391175951244],[-76.266309742752043,3.2842988514790319],[-76.266564742906766,3.2842568195687205],[-76.266566956685409,3.2842572008383661],[-76.26656708904423,3.2842564332529163],[-76.266567910326174,3.2842562977256842],[-76.266857807644797,3.2843029977374534],[-76.267267314708519,3.2843432639490273],[-76.267277852771713,3.2843439449535503],[-76.267321610923702,3.2843467350751943],[-76.267360222287081,3.2843501439061118],[-76.267443993244328,3.2843576764638072],[-76.267596802065299,3.2843695442872267],[-76.267731639723237,3.2843769170636992],[-76.267849719353705,3.2843821049130355],[-76.268126150497835,3.2843881735552598],[-76.268537418818781,3.2843747320328101],[-76.268946926513379,3.2843344658170786],[-76.269021309305444,3.284324238307665],[-76.269111290625446,3.2843113182947703],[-76.269442900471176,3.284254626036899],[-76.269798959607073,3.2841717413304141],[-76.269843758712042,3.2841778377670372],[-76.27025326642061,3.2842181044780521],[-76.27065900864703,3.2842315431595095],[-76.270726486031791,3.2842316021394757],[-76.270732011519058,3.2842316047400462],[-76.271143279572598,3.2842181631370408],[-76.271552786938898,3.2841778969149975],[-76.271958779231298,3.2841109772402381],[-76.272251510488829,3.2840428336651488],[-76.272421049706651,3.2842235506044402],[-76.27272137968923,3.2845043798818581],[-76.273039465497874,3.2847649959089047],[-76.273052534961465,3.2847749817794378],[-76.273094119736598,3.2848066655453909],[-76.273415527117137,3.2850359700689356],[-76.273764964819534,3.2852529067673171],[-76.274127865215419,3.2854465622051969],[-76.27432483137342,3.2855356600146917],[-76.274327750234619,3.2855432829865823],[-76.274430087488753,3.2857764531103046],[-76.274453662571304,3.2858273358472414],[-76.274521150251857,3.2859683601404091],[-76.274715124273726,3.2863306640062202],[-76.274932418777965,3.2866795267696021],[-76.275172101964898,3.2870134533282962],[-76.275433146949808,3.2873310157630087],[-76.275584508253843,3.2874972306157457],[-76.275596635034432,3.2875100766361025],[-76.27560756317034,3.2875239530824434],[-76.275823010381373,3.2877829081731851],[-76.276104301750649,3.2880827435625921],[-76.276404632101375,3.2883635722247999],[-76.276699924200543,3.2886066438390289],[-76.276777473167172,3.2886666162253393],[-76.276800266199118,3.2886841599623176],[-76.27713474311291,3.2889234477986329],[-76.277484180726418,3.2891403846214025],[-76.277847080856333,3.2893340392650896],[-76.278221891712704,3.2895035837557032],[-76.27860700609601,3.2896482915094181],[-76.278867244306682,3.2897302431375994],[-76.278917840706939,3.2897449787269148],[-76.279051372204023,3.2897822800921195],[-76.279452111617246,3.2898755652473208],[-76.279858104035966,3.2899424843803309],[-76.28026761154598,3.2899827505011556],[-76.280673322600876,3.2899961890247607],[-76.280726180488756,3.2899962356332755],[-76.280731737421263,3.2899962389456618],[-76.281143006227381,3.2899827972679869],[-76.281552513029851,3.2899425303698493],[-76.281958505256029,3.2898756112450416],[-76.282011125417895,3.2898640322261965],[-76.282076956030394,3.2898807593001345],[-76.282126428276939,3.2898926701863176],[-76.282373819105956,3.2899469918403477],[-76.282779811464991,3.2900139104503574],[-76.283189318828292,3.2900541770192882],[-76.283220867437464,3.2900552219768171],[-76.283570785447779,3.2901356498674752],[-76.283630381663272,3.2901475696112392],[-76.283638851563552,3.2901492574738138],[-76.284044844488818,3.290216176297859],[-76.284454351473485,3.2902564422089666],[-76.284865619708114,3.2902698839375093],[-76.285276888663617,3.2902564422865015],[-76.285596370152746,3.2902273500037618],[-76.285649230771241,3.2902211752082571],[-76.285739257018491,3.2902100016358697],[-76.285821610269011,3.2901964273681079],[-76.285990808224611,3.2902836014715588],[-76.286186249650399,3.2903756889756317],[-76.28619928593335,3.2903815605987017],[-76.286211576211343,3.2903888605341471],[-76.286282156777432,3.2904301559611886],[-76.286366169620209,3.2904777246786931],[-76.286441484609583,3.2905196097934475],[-76.286670995915529,3.2906411166842231],[-76.286684493725076,3.2906479093153078],[-76.286697193263379,3.2906560924816248],[-76.286753993834807,3.2906922686577995],[-76.286806933601639,3.2907255878654302],[-76.286859639036749,3.2907592765015128],[-76.287106109512237,3.2909089709185406],[-76.287469010796372,3.2911026249286452],[-76.287843820643246,3.2912721697915215],[-76.287978175120429,3.2913259288893233],[-76.288041134829797,3.2913502847214571],[-76.288149757856431,3.2913896818439281],[-76.28819571869353,3.2914386712110257],[-76.288496048962756,3.2917194990013767],[-76.28866305810223,3.2918606642812325],[-76.288695650632576,3.2918872549671434],[-76.288846726978079,3.2920067041243981],[-76.289181203756669,3.2922459919999372],[-76.289530641653499,3.2924629270908432],[-76.289534669721519,3.2924652467499267],[-76.289581882353858,3.2924924132247404],[-76.289940754236099,3.2926837483221427],[-76.290315565331923,3.2928532921266331],[-76.290700679483422,3.2929980002398693],[-76.291094450284461,3.2931172519657617],[-76.291153806616322,3.2931328194976723],[-76.29121114821578,3.2931475624284099],[-76.291552531924779,3.2932252789833014],[-76.291711993951651,3.2932548166637852],[-76.291764846089677,3.293263904552997],[-76.292011375746284,3.2933012851573609],[-76.292420882972976,3.2933415515908488],[-76.292827028490947,3.2933549911773032],[-76.292883258152145,3.2933550365975037],[-76.292888381701275,3.2933550385516792],[-76.293299649370141,3.2933415969131268],[-76.293309722543967,3.2933409300435295],[-76.293351337299327,3.2933381398041934],[-76.29375077117129,3.2932985410553752],[-76.294156764149761,3.29323162178355],[-76.294557503479922,3.2931383374930712],[-76.294585644529903,3.2931298145827959],[-76.294631500107457,3.2931240781305502],[-76.295037492610206,3.2930571595313634],[-76.295438232347578,3.2929638750340975],[-76.295509371191102,3.2929423297333402],[-76.295861896543911,3.2929294800757902],[-76.29615709186028,3.2929004546279752],[-76.296398855733955,3.2929370330827852],[-76.296808362067296,3.2929772994763344],[-76.297214478730396,3.2929907392477293],[-76.29725833936628,3.292990774979403],[-76.297263490760272,3.2929907768200755],[-76.297556567840942,3.2929839549962159],[-76.297616176326784,3.2929811779376359],[-76.297734367591872,3.2929745583057146],[-76.298143874315215,3.2929342929977339],[-76.298549866880819,3.2928673741690218],[-76.29855913507707,3.2928655262637267],[-76.298604128298408,3.2928565207260987],[-76.298995598910537,3.2927650840085456],[-76.299363489661019,3.2926536692867048],[-76.299628919808256,3.2927154570523927],[-76.300034912101168,3.2927823753061261],[-76.300444418812575,3.2928226419117044],[-76.300603252477131,3.2928310222362018],[-76.30067522653512,3.292833908931792],[-76.300927662087346,3.2928389705013328],[-76.301338930610811,3.2928255285386983],[-76.301748437444388,3.2927852628440522],[-76.301794283036628,3.2927777054735969],[-76.302033352435231,3.2928162457451848],[-76.302442859314752,3.2928565114251027],[-76.302854127762657,3.2928699533700128],[-76.302974202771694,3.2928688087802591],[-76.303087792498275,3.2928666430763762],[-76.303378986065127,3.2928543457849679],[-76.303788492881907,3.2928140793138305],[-76.30419448541673,3.2927471603971514],[-76.304595225002487,3.2926538758731652],[-76.304634417515985,3.2926432549222637],[-76.304639828278283,3.292641771315135],[-76.30464543857417,3.2926419080267415],[-76.30479992411712,3.2926438028671345],[-76.305211192705158,3.2926303612293233],[-76.305620699511621,3.2925900959709611],[-76.306026691994489,3.2925231765149712],[-76.306427431496672,3.2924298915090606],[-76.306533256328436,3.2924005922526969],[-76.306580503281594,3.292387066566405],[-76.306603091020875,3.2923805533962209],[-76.306612121028266,3.2923779318810218],[-76.306621469200948,3.2923769185391021],[-76.306763514324416,3.2923598880430367],[-76.307009713022666,3.292319306824985],[-76.307018298159335,3.2923199965181209],[-76.30742956724076,3.2923334385199481],[-76.307840835477677,3.292319996854244],[-76.308250342771899,3.2922797307368565],[-76.308656334794975,3.2922128114074516],[-76.309057074690671,3.2921195266075385],[-76.309450844855533,3.292000275152339],[-76.309835959525174,3.291855566888096],[-76.31021077016851,3.2916860226732227],[-76.310434333379376,3.291570342645417],[-76.310597476529921,3.2914817459126091],[-76.310736813970166,3.29140377130416],[-76.311086251174274,3.2911868355094835],[-76.311420727641021,3.2909475479168906],[-76.311738813759618,3.2906869325325276],[-76.312039143159808,3.2904061053098603],[-76.312320435174215,3.2901062704599524],[-76.312512529314546,3.2898767839999019],[-76.312593586451896,3.2897751232020558],[-76.312662536645476,3.2896870488703263],[-76.312749234135424,3.2895715232446245],[-76.312779896570703,3.2895296686920501],[-76.312811223192725,3.2894883052626818],[-76.313023813175207,3.289189890908728],[-76.31313953733337,3.2890040968820986],[-76.313369661187878,3.289090567373544],[-76.313579792032755,3.2891576989728444],[-76.313685480251095,3.2891894338798933],[-76.313869120006459,3.289241554602254],[-76.314269860068535,3.2893348397372306],[-76.314675852040509,3.2894017586898152],[-76.315085358962207,3.2894420254411192],[-76.315119764577318,3.289444182028479],[-76.315196236189507,3.2894487659723293],[-76.315573098755252,3.2894600508879286],[-76.315984366846379,3.289446608938098],[-76.316393873872812,3.289406342766239],[-76.316799866425569,3.2893394236170148],[-76.317200605868365,3.2892461383413147],[-76.317594376416977,3.2891268857543312],[-76.31763762400854,3.2891120540360612],[-76.317696120299146,3.2890917554850625],[-76.318037987693955,3.2889618789607478],[-76.318412798630732,3.2887923341241039],[-76.318775698723186,3.2885986791303772],[-76.319125136358821,3.2883817432333005],[-76.319281589639004,3.2882739259319869],[-76.319367313772048,3.2882129201687276],[-76.319697306893218,3.2882453671591936],[-76.320108574532924,3.2882588090165945],[-76.320269144533256,3.288256761261676],[-76.320483952120696,3.2882512838275777],[-76.320734651319484,3.2882398891533429],[-76.321144158437136,3.2881996235104531],[-76.321550151004857,3.2881327041273751],[-76.321583961190854,3.2881258930414878],[-76.321694193176583,3.2881033747710169],[-76.322061122326673,3.2880168995666512],[-76.322454892718113,3.287897647923296],[-76.322781518165726,3.2877749164086612],[-76.322880626632639,3.2878278033374584],[-76.323105975943591,3.2879297402343122],[-76.323111445842926,3.2879333966296467],[-76.323460883915757,3.2881503327871187],[-76.323823784619464,3.2883439881301815],[-76.324198594396094,3.2885135329929849],[-76.324583709685271,3.2886582408867358],[-76.324977479637027,3.2887774930080869],[-76.325128300296555,3.288815848107939],[-76.325309332076756,3.2888595114490462],[-76.325559250456038,3.2889144414709333],[-76.325965242843736,3.2889813615108063],[-76.326374749840227,3.2890216269056158],[-76.326495811144014,3.2890255843444165],[-76.326504532022071,3.2890279540096947],[-76.326568684882446,3.2890447535206988],[-76.326637273239541,3.2890623296578805],[-76.326973860877203,3.2891388162364175],[-76.327379852878124,3.2892057346034349],[-76.327789360347765,3.2892460010655808],[-76.328200628744028,3.2892594426350623],[-76.328611897617208,3.2892460010967253],[-76.329021404212796,3.2892057348022727],[-76.329427396947779,3.2891388159138275],[-76.329828136310155,3.2890455304000326],[-76.330175137049153,3.2889404424271333],[-76.330214309165484,3.2889433161502488],[-76.330625577354752,3.2889567586102744],[-76.331036845957854,3.288943316221725],[-76.331446353133245,3.2889030500475114],[-76.331852345502227,3.2888361313556151],[-76.332155349103985,3.2887681524047285],[-76.332225090961757,3.2887506896985523],[-76.33232282720094,3.2887253824986433],[-76.332716596952594,3.2886061304344043],[-76.332964022134362,3.2885164706700434],[-76.33297711072494,3.2885114166345946],[-76.332990693459692,3.2885078960417236],[-76.333038275492129,3.2884953669144612],[-76.333432045707312,3.2883761147416681],[-76.333817161050021,3.2882314065544587],[-76.334191971244138,3.2880618614291612],[-76.334540464632724,3.287875894454662],[-76.334699235337624,3.2879355535235644],[-76.335093005679028,3.288054806094558],[-76.335109043319093,3.2880590729016999],[-76.335198996398333,3.2880828823272052],[-76.335499799669307,3.2881546447731083],[-76.335505460965393,3.2881558491318565],[-76.335510557419497,3.2881585904862294],[-76.33571123547695,3.2882619034861356],[-76.336086045401188,3.2884314481437946],[-76.336266647476293,3.2885028904237421],[-76.336284634428196,3.2885096868551198],[-76.336489147370131,3.2885829524348136],[-76.33688291754126,3.2887022047183145],[-76.337283657328484,3.2887954902976344],[-76.337689650101325,3.2888624092826646],[-76.337910291951502,3.2888874612019774],[-76.338011502591129,3.2888971490771137],[-76.338200366858416,3.2889123626588095],[-76.338611635395523,3.288925804403986],[-76.338907886046002,3.2889188337117217],[-76.338955120883355,3.28891660934555],[-76.339070138969532,3.2889101389556088],[-76.339479646056787,3.2888698725017504],[-76.339885639051943,3.2888029537742223],[-76.340154983575985,3.2887433046638144],[-76.340203354117264,3.2887314755608452],[-76.340334748994096,3.2886978387467889],[-76.340450278464843,3.2886657524596767],[-76.340460500814899,3.2886628078011961],[-76.340471053028963,3.2886614639835847],[-76.340496484027426,3.2886581744956671],[-76.340774995128484,3.288612268688627],[-76.340840604234657,3.288652999250989],[-76.341203503979784,3.2888466536352321],[-76.341273595813306,3.2888794162181543],[-76.341375706488336,3.2889399573889531],[-76.341738607200853,3.2891336122642287],[-76.341845201364521,3.2891818295211279],[-76.341887842062448,3.2892148624465687],[-76.341897476675797,3.2892222280604062],[-76.342039097590259,3.2893302860982709],[-76.34219688164282,3.2894468279507052],[-76.342309283348811,3.2895271693099741],[-76.342476341908764,3.289642550409857],[-76.342825779189269,3.28985948657684],[-76.343100250789718,3.2900087373450457],[-76.343232905536453,3.2900766608629537],[-76.343321334908012,3.2901210637830021],[-76.343696145136917,3.2902906080384597],[-76.3438714487651,3.2903600447068082],[-76.344002992280224,3.2904098832468911],[-76.344212803673301,3.2904851540884885],[-76.34423414687528,3.2904923446507945],[-76.344245062750389,3.2904960005476962],[-76.344255349869201,3.2905011611213668],[-76.344297211767,3.2905219636428185],[-76.34467202201229,3.2906915090115603],[-76.3450571370105,3.2908362167906056],[-76.345450906827367,3.2909554682245168],[-76.345851645932967,3.291048753105974],[-76.345969908628206,3.2910710659634348],[-76.346071901545102,3.2910893018890164],[-76.346078668614439,3.2910905250147779],[-76.346091001994395,3.2910943983616834],[-76.346350453306911,3.2911698045554085],[-76.346582465193023,3.2912271740985206],[-76.34668478946692,3.291250424254057],[-76.346853516501241,3.291286339932201],[-76.347133312154966,3.2913347631167529],[-76.347146627503065,3.2913430296550685],[-76.347459284030208,3.2915116679832095],[-76.347508749663064,3.2915365727703154],[-76.347558993277161,3.291561587866207],[-76.347933803398419,3.2917311328383567],[-76.348318919040565,3.2918758402560546],[-76.34870892380242,3.2919940840211259],[-76.348761770552429,3.2920082561259303],[-76.348765535222398,3.2920092634837204],[-76.34896610920093,3.2920559539098262],[-76.349109436387479,3.292131350847701],[-76.349484246487989,3.2923008947426875],[-76.349787885457957,3.2924173677138429],[-76.34985984174422,3.292442857663255],[-76.349941318334103,3.2924710919434239],[-76.350335088516474,3.2925903437850734],[-76.350385172970036,3.2926035212750562],[-76.350470630377359,3.2926256297412513],[-76.350598556541868,3.2926548553221862],[-76.35071518135112,3.2927248071204387],[-76.350836749337404,3.292790378197096],[-76.350836429425982,3.2927909521076195],[-76.350853907440509,3.2928006862407262],[-76.350870579012096,3.2928117440395397],[-76.351060810957435,3.2929330738442677],[-76.351084634019657,3.2929476745399366],[-76.35108981734983,3.292950856367248],[-76.351096034951894,3.2929565916479269],[-76.351217146361066,3.2930654317274732],[-76.351217878470649,3.2930660725555789],[-76.351243728604999,3.2930886977397371],[-76.351561081677261,3.2933486711593818],[-76.351895558448902,3.2935879582421088],[-76.352244995772111,3.2938048938904889],[-76.352579681208255,3.293983491548258],[-76.352690777921225,3.2940844357926071],[-76.353008862693557,3.2943450497646483],[-76.353343339894138,3.294584336559844],[-76.353692777584016,3.2948012719169597],[-76.35376332911639,3.2948413343078258],[-76.353783563320405,3.2948526518867922],[-76.354075912718343,3.2950062433336647],[-76.354450722439523,3.29517578698617],[-76.354835837402277,3.2953204940504532],[-76.355229607672499,3.2954397458012172],[-76.355630346817136,3.2955330302568915],[-76.355649596585494,3.2955368221344106],[-76.355684455396627,3.2955436321668725],[-76.356071198822733,3.2956067593935039],[-76.356480705557559,3.2956470245434675],[-76.356891974034028,3.29566046642499],[-76.357116317092306,3.2956564705966751],[-76.357193920244484,3.2956537048442716],[-76.357334818553809,3.2956471023718295],[-76.35734151995338,3.295646712831759],[-76.357348116274665,3.2956479608079836],[-76.357698489553911,3.2957040944862048],[-76.358107996618756,3.2957443606574293],[-76.358513978540373,3.2957578007484227],[-76.35853534884825,3.2957578186346397],[-76.358540635677684,3.2957578196811275],[-76.358684972780381,3.2957561665156891],[-76.35869547639895,3.2957559248971777],[-76.358705888413965,3.2957573171330439],[-76.358719628046074,3.2957591380932643],[-76.359129135649198,3.2957994046762775],[-76.359540404008953,3.2958128462549925],[-76.359951671819317,3.2957994046870072],[-76.360361179069812,3.2957591383810416],[-76.360430751230268,3.2957495998268636],[-76.360454371902151,3.295746226402227],[-76.360790793095163,3.2956888470406733],[-76.361191532197836,3.2955955617428105],[-76.361585302262128,3.2954763106565119],[-76.361804020242204,3.2953976590525769],[-76.361819600037094,3.295391728871127],[-76.361835674839824,3.2953873085749361],[-76.362164733615401,3.2952870780787706],[-76.362169377831094,3.2952855236458136],[-76.36217427645748,3.2952855756857544],[-76.362241087705655,3.2952859298725903],[-76.362652356827311,3.2952724883350899],[-76.363061863538675,3.2952322221438903],[-76.363218988907064,3.2952095519315927],[-76.36325835524768,3.2952033647979277],[-76.363507222641658,3.2951591163862686],[-76.363907962009065,3.2950658313626051],[-76.364301732301499,3.2949465797348165],[-76.364626249245404,3.2948265630630624],[-76.364637994497528,3.2948218484486871],[-76.364650248352916,3.2948186761940943],[-76.364698788819737,3.2948058975341845],[-76.3650925586292,3.2946866466967735],[-76.365477673714423,3.2945419391972184],[-76.365742270112065,3.2944222497390014],[-76.365782900404895,3.2944209218112377],[-76.366192408055738,3.2943806557055964],[-76.366598400825453,3.2943137372704516],[-76.366999140170435,3.2942204525354559],[-76.367117344486601,3.2941868815534616],[-76.367232152015248,3.294205804667194],[-76.367641659278178,3.2942460707244599],[-76.368052927095917,3.2942595129028676],[-76.368098407474804,3.294259348375157],[-76.368104293704931,3.2942593066835091],[-76.368109964245235,3.2942608857006217],[-76.368172950908985,3.294278085661869],[-76.368573690765217,3.2943713704144821],[-76.368979683390521,3.2944382892215982],[-76.369303908470371,3.2944701698943781],[-76.369306387730347,3.2944709529287568],[-76.369360320400872,3.2944877173620344],[-76.369454770302028,3.2945166126157206],[-76.369554441893783,3.2945462074746672],[-76.369656763162922,3.2945756713337242],[-76.369771956093615,3.2946076618514919],[-76.370172695605291,3.2947009465688906],[-76.37057868782793,3.294767865374078],[-76.370690091811042,3.2947814987072372],[-76.37083066113459,3.2947974315798048],[-76.371128764260845,3.2948240642937012],[-76.371340325059293,3.2948309789434047],[-76.371364372713387,3.2948453060816121],[-76.371434786784718,3.2948852919550267],[-76.371505610433772,3.2949249077969958],[-76.371798095985611,3.2950785765391073],[-76.372172906448299,3.2952481202735755],[-76.372558021521996,3.2953928276866056],[-76.372638833345107,3.2954196059169494],[-76.372733279861293,3.2954501956375704],[-76.373046238694187,3.2955426688593112],[-76.373446978527468,3.2956359533498145],[-76.373718919322087,3.2956832195294248],[-76.373846024488913,3.2957382530195272],[-76.374231139404657,3.295882960238063],[-76.374624909845849,3.2960022115695784],[-76.374676141653239,3.296015685178006],[-76.374763846229044,3.2960383585544366],[-76.375113353962774,3.2961181684068825],[-76.375368675124577,3.2961634287842507],[-76.375381002652503,3.2961653527688077],[-76.375392973250953,3.2961688617934337],[-76.375536848128931,3.2962091839923424],[-76.375937587501625,3.2963024687629097],[-76.376119176636976,3.2963357713227213],[-76.376227130100389,3.2963539375156472],[-76.376451532813547,3.2963875538997658],[-76.376572218912798,3.2964022334194452],[-76.376581591314775,3.2964032802307317],[-76.376590638335259,3.2964059363674556],[-76.376611026970735,3.2964116546156097],[-76.37674124024403,3.2964894755914447],[-76.377104140719624,3.2966831292873504],[-76.377478951818716,3.2968526721618461],[-76.377864066420088,3.2969973796855472],[-76.378062974952201,3.2970611298699537],[-76.378107953112803,3.2970747266281126],[-76.378302814556704,3.2971302272167322],[-76.378703553506398,3.2972235120226632],[-76.379109546635206,3.297290430180793],[-76.379341962256504,3.2973165978783494],[-76.379405320517961,3.2973225424930304],[-76.37943294441304,3.2973300149189657],[-76.379475117266225,3.2973407869129621],[-76.379483676839598,3.2973447113626455],[-76.379701962104306,3.2974398525779343],[-76.379928724183586,3.2975285292062608],[-76.380008552416925,3.2975579796182179],[-76.380166904690739,3.2976140099601596],[-76.380560675231195,3.2977332610968584],[-76.380961414658088,3.2978265454183515],[-76.381367407283079,3.2978934640450421],[-76.381776914424037,3.2979337293096647],[-76.381920125860859,3.2979414644354086],[-76.381974108247945,3.2979437645747134],[-76.382242164890826,3.2979494711771005],[-76.3826534335373,3.2979360294706703],[-76.383062940092401,3.2978957637028863],[-76.383433193946104,3.2978358347958783],[-76.383438100789604,3.2978348892396481],[-76.383443052695597,3.2978355716107166],[-76.383481801433206,3.2978407868884578],[-76.383685359702952,3.2978641797733825],[-76.383766328664322,3.2978721527000587],[-76.383972276692816,3.2978890259240909],[-76.384007148795121,3.2978912114915682],[-76.384102740453585,3.2978969335021513],[-76.384204099034307,3.2979021822351071],[-76.384248583633124,3.297904126221781],[-76.384293010656123,3.2979071202526438],[-76.384305161730893,3.2979079261744952],[-76.384451969107317,3.2979158139577902],[-76.384534067060756,3.2979192637195252],[-76.384779407850573,3.2979247889016241],[-76.384784785395809,3.2979248057478414],[-76.384789909501464,3.2979264343736183],[-76.385070347879434,3.2980084711814301],[-76.38522338643935,3.2980473604503526],[-76.385298724585311,3.2980655022215517],[-76.38554642593742,3.2981198975703157],[-76.385707801278514,3.2981497640295143],[-76.385764026958427,3.2981594133331389],[-76.386008643660844,3.2981964658629614],[-76.386249025918588,3.2982227912904181],[-76.386301829655267,3.2982312190074907],[-76.386320446418267,3.2982486277678902],[-76.386638531444589,3.2985092403682099],[-76.386973008488482,3.2987485258995002],[-76.387262279851143,3.2989303354875776],[-76.387333102988066,3.2989722088576343],[-76.387393268754465,3.2990073335515739],[-76.38775616963315,3.2992009865653262],[-76.388130979818285,3.2993705297709761],[-76.388516094880231,3.2995152359490887],[-76.388909864914552,3.2996344873630958],[-76.389310604415869,3.2997277712077273],[-76.389408203580018,3.299746353879967],[-76.38948916921214,3.2997611085673624],[-76.3897975624228,3.2998094441846844],[-76.389847273639816,3.299815194338787],[-76.38998362226134,3.299885359320907],[-76.390358432338957,3.3000549019245016],[-76.390419142080688,3.3000783975169989],[-76.390610221769123,3.3002110472633031],[-76.390959659217003,3.3004279816239412],[-76.391322559353,3.3006216338806871],[-76.391697369548893,3.300791177258648],[-76.392082484472979,3.3009358836489153],[-76.392235797061844,3.3009856606583265],[-76.392317877816339,3.3010111534870195],[-76.392558335864962,3.3010806272154745],[-76.392664369721601,3.3011053096155334],[-76.392723938969652,3.3011304703507598],[-76.393078353524842,3.3012646845222009],[-76.393206533356846,3.3013088610406363],[-76.393237233645095,3.3013193525612459],[-76.393631003258179,3.3014386034765333],[-76.394031743047435,3.3015318878042117],[-76.394119566279244,3.3015486809839625],[-76.394126727209411,3.3015499971590154],[-76.394133408953309,3.3015528852198486],[-76.394225029271837,3.3015916234234015],[-76.394368265567678,3.3016488104525741],[-76.394482947743157,3.3016929761171667],[-76.394724827057203,3.3017804955438006],[-76.39511859738073,3.3018997463918094],[-76.395519336922817,3.3019930306817038],[-76.395559582034622,3.3020005891452948],[-76.395786116453593,3.3021861914069981],[-76.396081397601023,3.3023991169017446],[-76.396136478525776,3.3024364606677792],[-76.396175674705319,3.3024628203629387],[-76.396525111750648,3.3026797542899251],[-76.396888012151635,3.3028734061375453],[-76.396896286329422,3.3028774722385763],[-76.396940133302749,3.3028989795875341],[-76.397306670254409,3.3030644564650653],[-76.397691785877598,3.3032091625175979],[-76.398085556088347,3.3033284130324518],[-76.398279998461277,3.3033771245238315],[-76.398326101176437,3.3033878970790553],[-76.398532397201706,3.303432469582662],[-76.398938389904785,3.3034993873178458],[-76.399109042259212,3.3035194527328939],[-76.399152901594746,3.3035240044213761],[-76.399391756684082,3.3035442046719248],[-76.399410430760952,3.3035453989614281],[-76.399427184205791,3.3035464453647179],[-76.399443764133764,3.3035490689211091],[-76.399607515130242,3.3035727836011999],[-76.39987696078542,3.3035992777419843],[-76.400092843728174,3.3036638973400443],[-76.40034950106768,3.3037268135345514],[-76.400407973614406,3.3037398535536178],[-76.400552056891897,3.303770221098842],[-76.400784878877403,3.3038085960005166],[-76.400791475590864,3.3038113297798177],[-76.401176590733868,3.3039560363557703],[-76.401468504002864,3.3040471219582725],[-76.40152191226538,3.3040623729348226],[-76.401532598036269,3.3040671588595982],[-76.401699971854654,3.3041392268667473],[-76.401707721610393,3.3041421391654229],[-76.401749241839795,3.3042181531775698],[-76.401886005690002,3.3044435755430204],[-76.401921955397015,3.3045001181807612],[-76.402002487526758,3.3046235518483487],[-76.402019570260393,3.3046489419089506],[-76.402055521012912,3.3047020938060974],[-76.402163900036683,3.3048523105925183],[-76.402176930193704,3.3048707913246944],[-76.402189466111068,3.3048911683313298],[-76.402302387572391,3.3050680262371301],[-76.402338338632617,3.3051223101367477],[-76.402355256961215,3.3051477224232526],[-76.402594940018119,3.3054816432370835],[-76.402763058248368,3.3056909566459058],[-76.402784409380914,3.3057164060292767],[-76.402877336626759,3.305824648255923],[-76.403158627875598,3.3061244782951986],[-76.40332126738339,3.3062811155404015],[-76.403365099099418,3.3063218372929022],[-76.403502790334912,3.3064460238938747],[-76.403820875435002,3.3067066344089189],[-76.403930181340613,3.3067884991556102],[-76.403954909926711,3.3068066042775066],[-76.404036171132063,3.3068651108084257],[-76.404048687592649,3.3068739722100804],[-76.404060209623324,3.3068840892450613],[-76.404067058435928,3.3068900944577115],[-76.404265445074316,3.3070566897646869],[-76.404287924517504,3.3070747899735604],[-76.404407623207746,3.3071688055933857],[-76.404742099829392,3.30740808939166],[-76.405091537587936,3.3076250219545233],[-76.405454437431061,3.3078186724637058],[-76.405508064401531,3.3078447592584053],[-76.40553280054786,3.3078566475148401],[-76.405853984669221,3.3080001024249595],[-76.406172902499947,3.3081219631238956],[-76.406187801345922,3.3081271978633815],[-76.406202093965788,3.3081339100524727],[-76.406213588161648,3.308139294774175],[-76.406230061358386,3.3081469896319668],[-76.406245805791528,3.3081560792434526],[-76.406249572561791,3.3081582526238771],[-76.406439170443178,3.3082632257022122],[-76.406560587947496,3.3083277438936496],[-76.406733890905983,3.3084164213164549],[-76.406798251669358,3.3084476540816916],[-76.406888195027491,3.3084906718203575],[-76.406891825097802,3.3084923008789699],[-76.407037839277052,3.3085954808571976],[-76.407276167017727,3.3087468434897223],[-76.407304270897598,3.3087638200753804],[-76.407415380369073,3.3088293891344605],[-76.407778280472186,3.3090230396652123],[-76.407815170214661,3.3090401855332439],[-76.407828476476283,3.3090481433424785],[-76.407871612026227,3.3090737050683399],[-76.407925573712575,3.3091053937144372],[-76.407969630913911,3.309131026330645],[-76.408060428673608,3.3091812514282539],[-76.408073331849266,3.309189628022541],[-76.408246395861667,3.3092980373272134],[-76.40827450065693,3.3093150147520296],[-76.408385583155606,3.3093805674018135],[-76.408698588521531,3.3095493781670293],[-76.40872894383773,3.309564658311682],[-76.408778838711612,3.3095894982134446],[-76.409153649155144,3.3097590391932958],[-76.409397330291853,3.3098539284963011],[-76.409479410286139,3.309883942311536],[-76.409620843562323,3.3099337580586989],[-76.409801235969582,3.3099883882258041],[-76.409934846502352,3.3102329818618221],[-76.410012665807287,3.3103631047326592],[-76.410019937592892,3.3103897172217227],[-76.410044616910071,3.3104784682630135],[-76.410149183373193,3.3108171139623832],[-76.410294130620457,3.3112015861483557],[-76.410303790737927,3.3112247373328301],[-76.410336119560739,3.3113017846287471],[-76.410359595052142,3.3113579085902494],[-76.410384088902859,3.3114174043531972],[-76.410386057747587,3.3114221813643518],[-76.41042198427769,3.3115092455100896],[-76.410426615267255,3.3115204387202071],[-76.410535150950309,3.3117669382271182],[-76.410560980130086,3.3118223438963863],[-76.410622269955752,3.3119500292479427],[-76.410697188336073,3.31209680812045],[-76.410711790239802,3.312124510977315],[-76.410820501883904,3.3123220710811285],[-76.410835105052101,3.3123475161783213],[-76.410845448578016,3.3123654709760197],[-76.41106274321389,3.3127143243551598],[-76.411201978910611,3.31291387734059],[-76.411218831580271,3.3129370613966072],[-76.411319279645767,3.313071425763165],[-76.411335607568716,3.3130925770376622],[-76.411353585713812,3.3131157617053804],[-76.411598302797202,3.3134121650914081],[-76.411797886468676,3.3136288958484594],[-76.411816991963704,3.3136486904174283],[-76.411898699637433,3.3137317876481074],[-76.412199029229811,3.3140126084025212],[-76.412233766895554,3.3140427981959486],[-76.412257372620488,3.3140631607830566],[-76.41245351062274,3.3142226608374368],[-76.412463615799339,3.3142329577761944],[-76.412509014412024,3.3142787485665055],[-76.412751063568408,3.3145079023122199],[-76.41279265136626,3.3145452327349481],[-76.412850932114765,3.3145969001004842],[-76.413151392643854,3.3148439573412767],[-76.413201974747508,3.3148829902765082],[-76.413219599898994,3.3148965415817573],[-76.413554077401912,3.3151358228865626],[-76.413885558846147,3.3153423648836693],[-76.413973248447803,3.3153932940689725],[-76.413991204350694,3.3154036829972706],[-76.414130933298068,3.3154818687868608],[-76.414331051137196,3.3155905246866393],[-76.414534197885004,3.3156956284455403],[-76.414591315922422,3.3157317032085185],[-76.414616048591313,3.3157469797960761],[-76.414780421007592,3.3158450833375381],[-76.414867772661111,3.3158939229238205],[-76.414882009930395,3.3159033363352903],[-76.414980491404492,3.3159671319512705],[-76.415006348039583,3.3159835411651217],[-76.415224464532727,3.3161155319336917],[-76.415236183906686,3.316123640444359],[-76.415324716080235,3.3161837916276724],[-76.415346596578885,3.3161983218771001],[-76.415421915707171,3.3162481110754332],[-76.415749472020593,3.3164505111854625],[-76.415779538454586,3.316467729694152],[-76.415805394673171,3.3164824439790834],[-76.416126626021011,3.3166531472579317],[-76.416192959597112,3.31668597442706],[-76.416204562921138,3.3166917009033168],[-76.416399485788958,3.3167835534053776],[-76.416442211673143,3.3168027995468559],[-76.416589832207677,3.3168670394684483],[-76.416680499077771,3.316905123318024],[-76.416841329059423,3.3170173765569197],[-76.416994639162354,3.3171164581858315],[-76.417082326305916,3.3171713420945532],[-76.417278453270271,3.3172891905559099],[-76.417641353673531,3.3174828394543066],[-76.417755806669419,3.3175377594559396],[-76.417787288434383,3.3175524766747464],[-76.417903420446208,3.3176049885279064],[-76.417913169841981,3.3176108786034866],[-76.418024972201678,3.3176768660167846],[-76.418387872690161,3.3178705152430612],[-76.418497686940626,3.3179232639274372],[-76.418518436260186,3.317932985256109],[-76.418585893574814,3.3179663439347604],[-76.418595869771607,3.3179712665132826],[-76.418643273461839,3.317994358466132],[-76.418692046748873,3.31801786395354],[-76.418740489748146,3.3180420427524999],[-76.418771260511861,3.318057296319072],[-76.419146070763077,3.3182268365185861],[-76.419531185394447,3.3183715399684495],[-76.419558919848882,3.3183808665575971],[-76.419648874907821,3.3184108854255774],[-76.420014910439704,3.318520807846209],[-76.420415650277576,3.3186140897665548],[-76.420821642494346,3.3186810067545993],[-76.421231149327028,3.3187212721629153],[-76.421642418126751,3.3187347132348588],[-76.42178353289583,3.3187331327600189],[-76.421881380973559,3.318730939376306],[-76.422151534807625,3.3187190794831829],[-76.422341517371152,3.3187037581978438],[-76.422400004820872,3.3186981493571759],[-76.422619528923079,3.3186732055965615],[-76.422800720006208,3.3186467066465872],[-76.422827676482839,3.3186423630196034],[-76.422884836515863,3.3186365907343363],[-76.422888125448324,3.3186362585648612],[-76.42295448537979,3.318629521902452],[-76.42313918232513,3.3186080158105375],[-76.423147926707443,3.318606859682153],[-76.423236786393403,3.3185950540537124],[-76.423258406364909,3.3185921437904011],[-76.423310063241161,3.3185850987073935],[-76.423361824486889,3.3185788645555561],[-76.423429377447903,3.3185703574752035],[-76.423464920770442,3.3185655828189735],[-76.423522286566239,3.3185577101757304],[-76.423556546138158,3.3185529128817555],[-76.423588041640457,3.3185484152141735],[-76.423733919946841,3.3185258317214115],[-76.423784686439475,3.3185173622721873],[-76.423851084755441,3.3185134387657502],[-76.424010654491255,3.3184997020269535],[-76.424036182086439,3.3185064459398919],[-76.424131761023418,3.3185313817476767],[-76.424490709981143,3.3186138970471952],[-76.424539278186742,3.3186235764293759],[-76.424587661553744,3.3186341373124617],[-76.424704059964455,3.3186583961441971],[-76.424722317876572,3.3186619942434734],[-76.424867383694902,3.3186903551633753],[-76.424898913823412,3.3186964366946712],[-76.424967510922656,3.3187094857265178],[-76.425310639879868,3.3187649902319545],[-76.42540847728776,3.3187780584530118],[-76.425421551845162,3.3187797909008956],[-76.425524991066638,3.3187925161642702],[-76.425535380464609,3.3187937077633829],[-76.425545681249531,3.3187955311797674],[-76.425592948911842,3.3188037143954983],[-76.425784124407457,3.3188360640626469],[-76.426000194188603,3.3188687813975895],[-76.426038429630793,3.3188738936145992],[-76.426052438596713,3.3188757510859368],[-76.426248301666064,3.3188983813003916],[-76.426322524469612,3.3189057812387701],[-76.426536168982466,3.3189234166268986],[-76.426653274803414,3.3189299841282298],[-76.42665568161695,3.3189300977078031],[-76.426745569191965,3.3189440517302882],[-76.426811918871167,3.3189537069504573],[-76.426898141762408,3.3189656463931669],[-76.426957263788651,3.318973132317089],[-76.427050605089676,3.318984503065447],[-76.427400990341411,3.3190172813918286],[-76.42757066479156,3.3190260886034268],[-76.427660640124927,3.3190295423871854],[-76.427902233814862,3.319034177030812],[-76.427942272335841,3.3190340492223482],[-76.428022123771569,3.3190335414226815],[-76.428244470259514,3.3190282012922956],[-76.428337823504094,3.3190243090830074],[-76.428338977558113,3.3190242616948091],[-76.428379672225418,3.3190225568799216],[-76.428421800790048,3.3190234905400549],[-76.428556962814497,3.3190250340379808],[-76.428640189804653,3.3190250908180281],[-76.428644534306727,3.3190250928376583],[-76.428683568769031,3.3190244643784377],[-76.429059174325374,3.3190615999561932],[-76.429092911588199,3.3190638845792328],[-76.429107113334169,3.3190648297522989],[-76.429472254719272,3.3190781019621487],[-76.429557730006692,3.319078728118952],[-76.429571411896802,3.3190788132135514],[-76.429618142300143,3.3190790540927457],[-76.429638220389648,3.3190805479335919],[-76.429694189101667,3.3190844598016498],[-76.429925271141329,3.3190953236732792],[-76.429965758089793,3.3190964825237828],[-76.43014594507261,3.3190990594942096],[-76.430171009535243,3.3190990100183901],[-76.430291353708725,3.3190985306433767],[-76.430476542057008,3.3190950704772701],[-76.43048792828283,3.3190946910664785],[-76.430505192938455,3.3190954638174794],[-76.430782569671365,3.3191017698449659],[-76.43086129737199,3.3191018258627465],[-76.430865746137854,3.3191018275084203],[-76.431008473090287,3.3190984087643627],[-76.431099520573895,3.3191193120441644],[-76.431163618383209,3.3191329209982046],[-76.431244921432409,3.3191496238288716],[-76.431462932242198,3.3191889433999733],[-76.431494421099814,3.3191940527022838],[-76.431682402495397,3.3192216500500096],[-76.431914901567538,3.3192478244690098],[-76.431945264346382,3.3192506727582041],[-76.432064505634941,3.3192601655508884],[-76.432157833720368,3.3193021714113611],[-76.432214824764998,3.319329088346358],[-76.432279539600842,3.3193592054032846],[-76.432337040218187,3.319385568544166],[-76.432394368629474,3.3194123035931988],[-76.432468393308014,3.3194462440102783],[-76.433122760876785,3.319741157651253],[-76.433303700385892,3.3198193183822671],[-76.433331147411224,3.3198305923182616],[-76.433396362510223,3.319857201239885],[-76.433464517821648,3.3198845461264659],[-76.433531981127558,3.3199111580220322],[-76.433669446056371,3.3199635354359893],[-76.433740282849712,3.3199895826202956],[-76.433892331040795,3.3200432895020344],[-76.434003382912209,3.3200797763600511],[-76.434186667476325,3.3201381189186328],[-76.434381608297542,3.3201967179329515],[-76.43448168580062,3.320225045244467],[-76.434569464272158,3.3202492072951091],[-76.434845760182256,3.3203164695886089],[-76.434959337614785,3.3203414168778078],[-76.435083781277456,3.3203674365035472],[-76.435121931980945,3.3203748902612422],[-76.435192776971562,3.3203885041429722],[-76.435244976002338,3.3203983074296217],[-76.435331567099013,3.3204141917209666],[-76.435574644190325,3.3204538857855037],[-76.435636923321098,3.3204628081994696],[-76.435639340870708,3.32046317196636],[-76.435899777411308,3.3205411994874785],[-76.435918446226964,3.3205461627621844],[-76.436034267977078,3.3205767638605161],[-76.436416338438207,3.3206650834669196],[-76.4366344943775,3.3207044270169255],[-76.436665982244818,3.3207095351748905],[-76.436853819190787,3.3207371089986593],[-76.437072643218656,3.3207619851810519],[-76.437137871413043,3.3207682473784872],[-76.437328554323926,3.3207836355427021],[-76.437360232222431,3.3207849576155262],[-76.437406969138465,3.3207923586381209],[-76.437472881125188,3.3208024390431214],[-76.437572969946103,3.3208172043858304],[-76.43767140835547,3.3208309329237173],[-76.437829628622538,3.3208496949950761],[-76.437953335111473,3.3208627804136714],[-76.438204621494407,3.3208842831528438],[-76.438340483227776,3.3208917003119143],[-76.438379846414747,3.3208934227873947],[-76.438655253622542,3.3208994465070218],[-76.43866220292756,3.3208993860584104],[-76.438745234045157,3.3209258905152419],[-76.438796478596785,3.3209420073681564],[-76.438818317806309,3.3209487735670487],[-76.438821987501981,3.3209501646638335],[-76.439010162563321,3.3210180877233735],[-76.439061056697668,3.3210355491842214],[-76.439111697125455,3.3210537279507539],[-76.43918364866073,3.3210790659322589],[-76.43930171497172,3.3211198403092737],[-76.439336231969307,3.3211316502602246],[-76.439370336909306,3.3211430984709782],[-76.43948615438515,3.3211816112561143],[-76.439600210081807,3.3212183359664542],[-76.439685667754475,3.3212449573743159],[-76.43982197291524,3.3212844021044599],[-76.439909847831231,3.3213286834477338],[-76.440093558598903,3.3214154718852482],[-76.440294815954829,3.3215066048679529],[-76.440344058470217,3.3215286478770771],[-76.440520582036683,3.3216067648825018],[-76.440662438860798,3.3216674721124182],[-76.440789500729721,3.3217184035784681],[-76.440882827548364,3.3217546395741815],[-76.440996385731353,3.321797475647243],[-76.441095332567357,3.3218337145129402],[-76.4411294938336,3.3218461146352221],[-76.441208867133781,3.3218746660675995],[-76.441272692676108,3.3218998054734175],[-76.441355422484932,3.3219317176382201],[-76.441508341883747,3.3219894723346672],[-76.441508495981111,3.3219890643476293],[-76.441609265926502,3.3220281895217996],[-76.441646334398484,3.3220416617396156],[-76.44173128731282,3.3220748977177026],[-76.441888675600637,3.3221340631719061],[-76.442041010870085,3.3221890173252002],[-76.442140199716121,3.3222271333882016],[-76.442218055822266,3.3222559971579022],[-76.442379825250725,3.3223272991609409],[-76.442513203112682,3.3223842628803504],[-76.442557968675743,3.3224025730370612],[-76.442752487769226,3.3224812649629052],[-76.442846884388729,3.3225185701466993],[-76.442967195955788,3.3225649985725578],[-76.443213148245093,3.3226540865317169],[-76.443257816754468,3.3226690380204977],[-76.443293799248551,3.322680932029193],[-76.443642900565138,3.3227852288662652],[-76.443800476611045,3.3228252079056761],[-76.443894937484288,3.3228478798544621],[-76.44393826192605,3.3228581164934643],[-76.443996628658113,3.3228716900569339],[-76.444026978058702,3.3228790369397894],[-76.444077969351611,3.322891872956657],[-76.444202668553771,3.3229235634718348],[-76.444471611145076,3.3229856698216249],[-76.444580691926916,3.3230083536470216],[-76.444636260510165,3.3230196494865214],[-76.444765151373062,3.3230438520408678],[-76.44478656671798,3.3230476427075284],[-76.444802659952316,3.3230647369425941],[-76.444820275778454,3.3230838549358346],[-76.444839360134011,3.3231049598360203],[-76.444855505794195,3.3231231723279304],[-76.444868153763949,3.3231377526582984],[-76.444878350559932,3.3231497894014344],[-76.444912364462695,3.323190950430317],[-76.444972389621128,3.3232625009701375],[-76.445036005169683,3.3233371945764332],[-76.445074902957117,3.3233830389890699],[-76.445082584978337,3.3233920770354022],[-76.445139901349279,3.323459371959804],[-76.445187900665459,3.3235150634104955],[-76.445256453178587,3.3235936695589876],[-76.445271305500157,3.323610638931501],[-76.445329147651918,3.3236755722217146],[-76.445346269430885,3.3236945265894233],[-76.445388335631904,3.3237433953597484],[-76.445429765649365,3.3237910395018146],[-76.445465770219101,3.3238312873429363],[-76.445478509153943,3.3238461708788662],[-76.445500522834863,3.3238736707565764],[-76.445575816403945,3.3239647159546335],[-76.445598945804562,3.3239925217852764],[-76.445646279436005,3.324049090012287],[-76.445751283269033,3.3241777417605025],[-76.44589838689599,3.3243514504884453],[-76.445975932314568,3.3244380943127791],[-76.446019763074105,3.3244861644922095],[-76.446038296136692,3.3245064012489385],[-76.446129330327807,3.3246053692147894],[-76.446253433859667,3.3247364580386227],[-76.446508566008205,3.3249983094795814],[-76.446509230753691,3.3249976630030589],[-76.446594398144967,3.3250884410903714],[-76.446625467324594,3.3251192436336008],[-76.446754721002904,3.325246495393761],[-76.446896510164535,3.3253817995853594],[-76.446954217969875,3.3254351718926354],[-76.446958186329837,3.3254392125317325],[-76.44697042956868,3.32545164132934],[-76.447009737083164,3.3254914319969151],[-76.447032729271484,3.3255185299101955],[-76.447103225363847,3.3256001850931622],[-76.447108199827312,3.3256058402320576],[-76.447191364710349,3.3257002822540009],[-76.447215263514437,3.325727265847175],[-76.447244482531644,3.325760066880624],[-76.447248419837493,3.325764482546528],[-76.447290350231214,3.3258114624589443],[-76.447318065250741,3.3258429353118082],[-76.447359306986328,3.3258904036759764],[-76.447381939087819,3.3259163112081831],[-76.447481167904954,3.3260266132682559],[-76.447526015826156,3.3260752975994698],[-76.447570650479861,3.3261241741993257],[-76.447771121241402,3.326333765565197],[-76.447834544464925,3.3263961925344891],[-76.447854745581864,3.326415796342816],[-76.447911653786875,3.3264723612785057],[-76.447955294139888,3.3265160285551887],[-76.448002743056449,3.3265635346459006],[-76.448021760365577,3.3265826366856523],[-76.448186414250571,3.3268901646916484],[-76.448343081052585,3.3271466816780886],[-76.448362324648826,3.3271765580389938],[-76.448422953054362,3.3272688890065032],[-76.448662636066359,3.3276028021258606],[-76.448923680708006,3.3279203511734279],[-76.449204972057387,3.3282201749723903],[-76.449455050743367,3.3284565199499698],[-76.449476533346342,3.3284757378949492],[-76.44952678547827,3.3285202092155393],[-76.449844870591321,3.328780813724999],[-76.450179347812082,3.3290200919027044],[-76.450458914440475,3.3291936448317516],[-76.450477121139897,3.3292491556846815],[-76.450622068247256,3.3296336199470251],[-76.450791893100657,3.330007797760079],[-76.450939663109693,3.3302888018596422],[-76.450969472779107,3.3303421659250629],[-76.45101567705926,3.3304234494262599],[-76.451171468443064,3.3306735606170541],[-76.451170530255197,3.3306741556619648],[-76.451175871180183,3.3306825459025395],[-76.451179760325374,3.330691699226072],[-76.451284462042878,3.3309247665017896],[-76.451299368709826,3.3309562190205493],[-76.451343732386135,3.3310478937593224],[-76.451531913006264,3.3314001407387344],[-76.451547335567156,3.3314269225396127],[-76.451553129014343,3.3314369617270159],[-76.45177042280288,3.3317858084514134],[-76.451951430378145,3.3320421451538631],[-76.451963633693921,3.3320585426057727],[-76.451974560901576,3.3320758127411492],[-76.452062563365459,3.3322110220758328],[-76.452302246920723,3.3325449335581991],[-76.452408584883059,3.3326794403287257],[-76.452428812758527,3.3327043215002905],[-76.452583519870473,3.3328873620020643],[-76.45286481062638,3.3331871839086848],[-76.453165141604458,3.33346799912148],[-76.453483226710546,3.3337286024816817],[-76.45381770375792,3.3339678803502402],[-76.454167140747984,3.3341848069721594],[-76.454530041292927,3.3343784525883273],[-76.454904851830037,3.3345479897338905],[-76.454958282076518,3.3345697966767829],[-76.454992012702078,3.3345833842840311],[-76.455323697630917,3.3347062780956129],[-76.455717467531755,3.334825524957036],[-76.456056420896928,3.3349062148530244],[-76.456088692031997,3.3349129596478915],[-76.456150478692976,3.3349255510292046],[-76.456402224107634,3.3349702493884625],[-76.456506504613017,3.3349865889213084],[-76.456660751867233,3.3350088066742805],[-76.457070258531004,3.3350490701825506],[-76.457217862210555,3.3350569912457018],[-76.457255363967462,3.335058562622339],[-76.457519029242064,3.3350640825404896],[-76.45793029748161,3.3350506413122587],[-76.458117603687285,3.3350355773096521],[-76.458146966659172,3.3350327741623249],[-76.458373177372124,3.3350700583453632],[-76.458543037808425,3.3350900406347854],[-76.45859954851602,3.3350959118910546],[-76.458803162335073,3.335113145011583],[-76.459113716337527,3.335183986348063],[-76.459519709871699,3.3352509018256264],[-76.459920938234333,3.33529035299585],[-76.459893957990019,3.3351037742914214],[-76.459954999280072,3.3339704245015467],[-76.460156716451365,3.3335975533555158],[-76.460345305452918,3.3332489510180876],[-76.460601603378379,3.3326217383052184],[-76.460715461473697,3.3321925863912236],[-76.46080787134764,3.3318442708819962],[-76.460835160515188,3.3308281716091632],[-76.460717695592976,3.329396074102966],[-76.460712630147825,3.3293343030829639],[-76.460563134133608,3.3289261629987137],[-76.460417978352325,3.3285298764832945],[-76.460143950882582,3.327781751317981],[-76.459636607188543,3.3270060152570777],[-76.458920626098319,3.3260216020626854],[-76.458834333536046,3.325726905265554],[-76.45880060946989,3.3256117321712977],[-76.458710766393864,3.3253049113273137],[-76.458716721580245,3.3251922923768049],[-76.458731388470667,3.3249148689683881],[-76.458739208918317,3.3247669425305095],[-76.458801734066327,3.3246510725644951],[-76.459051317497853,3.3241885531557376],[-76.459094438563895,3.3241086460479403],[-76.459135204150172,3.3240807007807489],[-76.459705118499016,3.323690010185576],[-76.459839478902737,3.3235540239356003],[-76.460050593320375,3.3234393995455513],[-76.460904972113681,3.322759508453808],[-76.461418955348051,3.3221696378026624],[-76.461464718283253,3.3221171175386139],[-76.461557320310945,3.3220108436845517],[-76.461755346170008,3.3211485027432639],[-76.461608521473948,3.3210120463906918],[-76.461290436420725,3.3207514399922013],[-76.461089276221344,3.3206035866853956],[-76.461035757623563,3.3205658634213169],[-76.460902440403288,3.320474435879659],[-76.460583280924453,3.3202750704908257],[-76.460527066576162,3.3202422513397889],[-76.460496789044328,3.3202246871604824],[-76.460133888696248,3.3200310386280449],[-76.460088681148022,3.3200090062858933],[-76.460061695930222,3.3199959882108283],[-76.459732093215479,3.3198484814679414],[-76.459606828964539,3.3197982470499108],[-76.459576712081216,3.3197865426903599],[-76.459316861361259,3.319692073598596],[-76.459163774522779,3.3196457132347161],[-76.45898042405247,3.319474274075636],[-76.458863225441632,3.3193741769557086],[-76.458830969411338,3.3193473054221956],[-76.458630082801704,3.3191867949302107],[-76.458386878795508,3.3190128096431635],[-76.458143441959649,3.3187533285293496],[-76.457843111844113,3.3184725088988425],[-76.45761787616965,3.3182861463740845],[-76.457618504488934,3.3182853690349634],[-76.45759972614448,3.3182702639811601],[-76.457586922996541,3.3182585862617384],[-76.457548076564294,3.3182229999393011],[-76.457442732170136,3.3181286551861668],[-76.457382356087038,3.318076470167493],[-76.457356503512912,3.3180544092688962],[-76.457211907871113,3.3179347079949357],[-76.457159075136175,3.3178922840386007],[-76.457045961444976,3.3178035640344827],[-76.456967060815757,3.317744101071773],[-76.456927914544593,3.3177150772460622],[-76.456926987289407,3.3177141599229296],[-76.456905121325832,3.3176926143863263],[-76.456826422658537,3.3176147164734338],[-76.456797546143363,3.3175856556474974],[-76.456789553107541,3.3175776270625108],[-76.456777652471217,3.3175656922822188],[-76.45673459109922,3.3175163887465171],[-76.456722757797166,3.3175028790726131],[-76.456640269604264,3.3174108198212235],[-76.45660492086914,3.3173721422595466],[-76.456585426419352,3.3173501411782911],[-76.456557417635722,3.3173180598699386],[-76.456514517908587,3.3172684458619606],[-76.456482254570631,3.3172314278647099],[-76.456461917858363,3.3172083917079802],[-76.456405726093124,3.3171450526891952],[-76.456338754454919,3.3170707614568125],[-76.456206135933087,3.316925984906717],[-76.456134999691784,3.3168496096173814],[-76.456066441864508,3.3167772192635514],[-76.455943596337775,3.3166510945574297],[-76.455919914987419,3.3166275768426217],[-76.455833183007897,3.3165419058789181],[-76.455761053333802,3.3164703826325406],[-76.455603269082403,3.3163192735954388],[-76.455538527480812,3.3162593947092014],[-76.455531300562015,3.316251951527236],[-76.455523649695138,3.3162440861305833],[-76.455379556980304,3.3160961947723884],[-76.455284044131361,3.3159798418917004],[-76.45522620802582,3.315911208975034],[-76.455170440256751,3.3158438606746019],[-76.455104468618842,3.3157654975666868],[-76.454975232097752,3.3156145048346128],[-76.454922304322196,3.3155534650248928],[-76.454902598487038,3.3155311402478644],[-76.454866578890218,3.3154905270036106],[-76.454831120303353,3.315449423940398],[-76.45479418562995,3.3154069971240894],[-76.454792433953656,3.3154050049094397],[-76.454752709425804,3.3153598216106079],[-76.454731308750212,3.3153350436642781],[-76.454692465791922,3.3152892700418484],[-76.454660995292912,3.3152524722076637],[-76.454620537478021,3.3152055343146301],[-76.454613529359477,3.3151974163926505],[-76.454589187501853,3.3151692726802691],[-76.454565799312775,3.315140335128635],[-76.454449471544095,3.315000595020158],[-76.4544000225427,3.3149429126611998],[-76.45438793030614,3.3149288500059741],[-76.454362082755736,3.3148988776163422],[-76.454324434222087,3.3148556211951306],[-76.454302883857835,3.3148312177572157],[-76.454258432177781,3.3147811408915233],[-76.454225877996109,3.3147441841953857],[-76.449114575031203,3.3128723987969799],[-76.443044968949664,3.3112373988878021],[-76.435619831299903,3.309749029378076],[-76.427835842343256,3.3074007845503424],[-76.424225340878436,3.3058857682584222],[-76.424183949048484,3.3058864439339581],[-76.423985339403956,3.3058928207854854],[-76.423880739919809,3.305897832645742],[-76.423770900311354,3.3059040570243017],[-76.423361393557499,3.3059443224811975],[-76.423336594831753,3.3059476319653855],[-76.423262099435604,3.3059577251868109],[-76.423202460019695,3.3059637727529667],[-76.423184933743315,3.3059655753652439],[-76.42309186717587,3.3059752776250089],[-76.422997129975812,3.3059830197655757],[-76.422965074616414,3.3059861637724874],[-76.422723078154064,3.3058572873199683],[-76.422692723235528,3.3058420068082883],[-76.422642827223157,3.3058171668787764],[-76.42237273902694,3.3056920429790013],[-76.422348003480352,3.3056812864157239],[-76.422254760300731,3.3056416292379192],[-76.42220507819404,3.3056209696864185],[-76.42216251994401,3.3056016026711421],[-76.422114311929278,3.3055782845715012],[-76.422027778893664,3.3055382860843321],[-76.421919083992179,3.3054692118669435],[-76.421889855614111,3.3054511050249622],[-76.421781624062703,3.3053855535242884],[-76.421760543897648,3.3053730740354812],[-76.421740261259046,3.3053593386975066],[-76.421703633128686,3.3053347183128103],[-76.421594448202029,3.3052635072447587],[-76.421560721692927,3.3052420063448342],[-76.421523464680988,3.3052193242163894],[-76.42150798198557,3.3051850648261576],[-76.421476969284328,3.3051213588837403],[-76.421446029280858,3.3050576174497723],[-76.421426950979196,3.3050186554030154],[-76.421424448114777,3.3050135939117298],[-76.421397874536638,3.3049599216531349],[-76.421371787365317,3.3049060128088432],[-76.421349460781727,3.3048603502754714],[-76.421323574288735,3.3048088619756877],[-76.421320430495712,3.3047920036439558],[-76.421253795272193,3.3045066944953079],[-76.417762891812075,3.3027627618101398],[-76.411689588255001,3.2995496017300359],[-76.407617779410202,3.2977661261598641],[-76.401047635252681,3.2957015934917337],[-76.396762743836248,3.2943488866076645],[-76.392548553430615,3.292709095494609],[-76.386690052969826,3.2897820736546319],[-76.381261062801869,3.2874277923926685],[-76.374827589300821,3.282708877105224],[-76.373743198224787,3.2819632623235941],[-76.373595638882833,3.2819584394572048],[-76.373436102294335,3.2819453956310256],[-76.373024833837505,3.2819319532742455],[-76.372689433317305,3.2819429152952018],[-76.372431615257739,3.2818460384694883],[-76.372350755398003,3.2818192438868312],[-76.372319270790243,3.2818090462614422],[-76.372006360599485,3.2817165880142505],[-76.37160562183233,3.2816233024630996],[-76.371199629027203,3.2815563831722048],[-76.370790121656157,3.2815161161023618],[-76.370647204253743,3.2815083939217837],[-76.370606719949691,3.2815066671868247],[-76.370467946155713,3.2815022811076551],[-76.370459861401855,3.2815021151529091],[-76.370441187819083,3.2814978768707306],[-76.370274160030633,3.2814623471409545],[-76.369915207592967,3.2814031806286437],[-76.369912502039554,3.2814024561533679],[-76.369511762760254,3.2813091703283703],[-76.369274500664972,3.281266755970496],[-76.369264250830284,3.281265125536601],[-76.369254386703417,3.2812619045412119],[-76.368927488492304,3.2811648979312356],[-76.368526749015231,3.2810716115152525],[-76.36812075628967,3.281004691421229],[-76.367843377170914,3.2809744678039201],[-76.367797270374666,3.2809704759104292],[-76.367665142992692,3.2809604326201001],[-76.367253874392915,3.2809469909815987],[-76.366842605797828,3.2809604328449122],[-76.366534922309043,3.2809906869574954],[-76.36617073666379,3.2809059103647962],[-76.366087577462309,3.2808899756659917],[-76.36604147343057,3.2808814625453584],[-76.365718640950661,3.2808304777351487],[-76.365309133619519,3.2807902105738762],[-76.364897865027302,3.2807767687548592],[-76.364526607411818,3.2807877206714409],[-76.364479370728773,3.2807905096021459],[-76.364439359689868,3.2807930003355104],[-76.364029852657708,3.2808332664050002],[-76.36362386052275,3.2809001864840726],[-76.36322312086557,3.2809934719386828],[-76.362829351133954,3.2811127257829922],[-76.362828340061427,3.2811130680150735],[-76.362790092681976,3.2811260370114188],[-76.362595197017299,3.2811957163611152],[-76.362585252760411,3.2811994570559841],[-76.362574850186277,3.2812016299111484],[-76.362234336325415,3.2812826498130176],[-76.361840565994072,3.2814019025994652],[-76.361455451186885,3.2815466112805973],[-76.361080640308217,3.2817161577449445],[-76.360932820083846,3.2817913718298914],[-76.360909194894447,3.2818037872392956],[-76.360694114854041,3.2819222301061393],[-76.360430355133531,3.2820859766833688],[-76.360430251869943,3.2820860113655486],[-76.360380241482957,3.2821027262710079],[-76.359995126622522,3.2822474357790994],[-76.359845204665163,3.2823117209068231],[-76.359805827859105,3.2823292130364972],[-76.359580938867452,3.2824344734371089],[-76.359504821541677,3.2824725911899328],[-76.359499325702132,3.2824753889476179],[-76.35949328532611,3.2824766426423677],[-76.359145082806734,3.2825592629704907],[-76.359109667343674,3.2825691368819445],[-76.358702295598718,3.2825824518610194],[-76.358632292835281,3.2825891059233685],[-76.358632270188195,3.2825887852541782],[-76.358622685147409,3.2825894780929143],[-76.358613121598012,3.2825885327971456],[-76.358404691019715,3.2825714150314624],[-76.358330797799098,3.2825690001377126],[-76.358308640521386,3.2825545329850057],[-76.358280439157923,3.282534565800836],[-76.358136421880246,3.2824355757627073],[-76.358074529169826,3.2823948133185707],[-76.358020572552689,3.2823597315377602],[-76.357733028065823,3.2821835557858652],[-76.357501279329554,3.2820585542320115],[-76.35746961679196,3.2820248047897835],[-76.357169287459314,3.2817439748588875],[-76.356851201313034,3.2814833582934724],[-76.356662116073039,3.2813440316927838],[-76.356631766524018,3.281322532058645],[-76.356486375303831,3.281222568469699],[-76.356136937655933,3.2810056298275105],[-76.355774036843016,3.2808119737309709],[-76.35539922717804,3.280642427076387],[-76.355014112086366,3.280497718117676],[-76.354722358354707,3.2804066763196911],[-76.354654895656125,3.2803874077608381],[-76.354552879571429,3.2803591970603909],[-76.354333801942587,3.2803047806249772],[-76.354071806143736,3.2802446675616568],[-76.353890144602119,3.2802057981118216],[-76.353484151672944,3.2801388787780792],[-76.353287208119056,3.2801195133271293],[-76.353284242834974,3.2801182791802463],[-76.353274728944243,3.2801125540472249],[-76.353173112477393,3.2800527061477918],[-76.353051828847342,3.2799845733074995],[-76.353025974364684,3.2799704228401638],[-76.352784358089423,3.2798448993440794],[-76.352409547414851,3.2796753524758233],[-76.352255850520635,3.2796175997691952],[-76.352307015228803,3.2796856897978639],[-76.352364720191588,3.2798719592096597],[-76.352382480013219,3.279938006854227],[-76.352082796285231,3.2806473685008499],[-76.351132680642053,3.2810330579460487],[-76.350288547775236,3.2810712564564226],[-76.350015644231817,3.2809287520580019],[-76.349450056615041,3.280721482071967],[-76.348617189940555,3.2806047572146113],[-76.348231382923217,3.2808152300357967],[-76.347698016025078,3.2813549014672168],[-76.347652057258117,3.2814298819704697],[-76.347388428618075,3.2818599751618658],[-76.347253841077162,3.2818942739407877],[-76.34668895019999,3.2818961748335038],[-76.346451100932683,3.2818969751151132],[-76.346183520434266,3.2818978744607321],[-76.345827343395598,3.2820783655385806],[-76.3455606582787,3.2823482029314963],[-76.345442728618153,3.282647421209953],[-76.345088809973532,3.283122346222358],[-76.344762158081153,3.2822019712874102],[-76.344189409330937,3.2816301597745006],[-76.343900172299684,3.2804836557144377],[-76.344085044080884,3.2788574439272873],[-76.344653020435899,3.2779949303401188],[-76.34487345214086,3.2772095797790759],[-76.34531646026953,3.2771214813316933],[-76.346323130771523,3.2769671921083172],[-76.346461304709393,3.2781800996562991],[-76.346559943589909,3.2792316174419036],[-76.346921145307519,3.2798171470233188],[-76.347040061815861,3.2798432880052615],[-76.347247583357642,3.2796632965666679],[-76.347454804574298,3.2793936616905328],[-76.347632594000387,3.279213771228167],[-76.347899577365823,3.2790335808368019],[-76.348256249306189,3.2790024991870963],[-76.348583488594556,3.2790611626186239],[-76.348822034169558,3.279269533646985],[-76.349119742361026,3.2793880611222139],[-76.349447081101374,3.2794766057874836],[-76.34986301633657,3.2793855599764772],[-76.350041302664437,3.2793550779369238],[-76.350367844639123,3.2792045688528821],[-76.350511185708697,3.2791800618897748],[-76.350378698868738,3.2791495849546966],[-76.350084878741242,3.279098436374261],[-76.35001560178091,3.2790880595124126],[-76.349973035761423,3.2790790754282049],[-76.349901912237272,3.2790527486578762],[-76.349810104509984,3.2788504556132816],[-76.349616130222145,3.2784881490905957],[-76.349484478215672,3.2782707728975491],[-76.34948038170441,3.2782643084572922],[-76.349477761570469,3.2782571198506738],[-76.349378076719788,3.2780011534326925],[-76.349369215959626,3.2779799099138791],[-76.349347886835659,3.2779290286807075],[-76.349186921703463,3.2775760750530862],[-76.348992948231484,3.2772137679162925],[-76.348775653980937,3.2768649020283043],[-76.348535970735298,3.2765309713560868],[-76.348274925349571,3.2762134063049193],[-76.347993634333008,3.2759135665090082],[-76.347693303831562,3.275632735410948],[-76.347518036411373,3.2754848416262754],[-76.347488814053534,3.275461082356744],[-76.347345996476534,3.2753483574036317],[-76.347011519877796,3.2751090658958835],[-76.346662082580735,3.2748921259305366],[-76.34629918170549,3.274698468527284],[-76.34613956310568,3.2746226478324143],[-76.346114830153198,3.2746113221005051],[-76.345899638608728,3.2745175957764721],[-76.345514523507333,3.2743728856209775],[-76.34512075325344,3.2742536320506748],[-76.344720014146944,3.2741603453365808],[-76.344693037633263,3.2741550490418332],[-76.344634564825085,3.2741437027150004],[-76.344255548064652,3.274082078169172],[-76.343846041935464,3.2740418110615361],[-76.343439795364574,3.2740283710710743],[-76.343384688879581,3.2740283272767274],[-76.343379666374474,3.2740283251453213],[-76.342968397352692,3.274041767161433],[-76.342558890145028,3.2740820341581882],[-76.342152898029525,3.2741489540450903],[-76.341752158630527,3.2742422409416125],[-76.341358388525265,3.2743614951943898],[-76.341151371635135,3.2744392832304809],[-76.341150673226338,3.2744374125634823],[-76.341142253133413,3.2744405443933622],[-76.341133401678221,3.2744420928857041],[-76.340992026491136,3.2744684933669643],[-76.340591287310332,3.274561780033924],[-76.340411199883491,3.274612836405999],[-76.340302085008517,3.2746455302078448],[-76.340088402504307,3.2747137287902368],[-76.33970328747354,3.2748584386434407],[-76.339328476722429,3.2750279862258398],[-76.339189912584743,3.2751019288882786],[-76.339185089884609,3.2750992950010045],[-76.339142372245604,3.2750760873632561],[-76.338918005191928,3.2749599704765058],[-76.338543195130768,3.2747904231149896],[-76.338158079856925,3.2746457127382831],[-76.337764310083003,3.2745264590737966],[-76.337363570320605,3.2744331724143025],[-76.336957577976264,3.2743662518136105],[-76.336548070767108,3.2743259851281694],[-76.336136802208955,3.2743125436103555],[-76.335725533538493,3.2743259855491407],[-76.335442659328933,3.2743509108094644],[-76.3354365836299,3.2743515843898687],[-76.335436199906013,3.2743516254290639],[-76.335421560000427,3.274351566890481],[-76.335396763576242,3.2743515188408514],[-76.334985495468743,3.2743649604971354],[-76.334575988087394,3.2744052273692121],[-76.334462826317917,3.2744211466232955],[-76.334440330869683,3.2744245188531202],[-76.334147500171426,3.2744755205045473],[-76.333746761153563,3.2745688068636007],[-76.333352990391788,3.2746880608476894],[-76.3330646021641,3.27479642539581],[-76.333064515128029,3.2747962034178149],[-76.33305923060162,3.2747982639757098],[-76.333053576716893,3.2747987310335085],[-76.332751498796597,3.2748310457886234],[-76.332345505314123,3.2748979653506693],[-76.331944766165634,3.2749912522276077],[-76.331550996149502,3.2751105058801326],[-76.33116588093948,3.2752552156351373],[-76.330791070801112,3.2754247634165985],[-76.330428170691235,3.2756184201636445],[-76.330368797583745,3.275655280428821],[-76.330322359857391,3.2756478594799225],[-76.329912852273807,3.2756075930273378],[-76.329501584080901,3.2755941510073718],[-76.329187283151882,3.2756019974549879],[-76.329075939101614,3.2756075602375385],[-76.329001447082462,3.2756118596396564],[-76.328701281234743,3.2754255085741786],[-76.328338380496803,3.2752318511899832],[-76.327963570746149,3.2750623044315064],[-76.327578455411484,3.2749175939158381],[-76.327184685220374,3.2747983402976324],[-76.326783945596773,3.2747050538894986],[-76.326377953063286,3.274638133770257],[-76.326205402974836,3.2746211664335148],[-76.326200425815728,3.2746191347182481],[-76.325842369376403,3.2744855412147884],[-76.325448599815701,3.2743662865214125],[-76.325392631244085,3.2743515901103057],[-76.325342034147795,3.2743385518435177],[-76.324999229214541,3.2742603526817597],[-76.324988163615174,3.2742581524222065],[-76.324977532417904,3.2742543776504136],[-76.324892266429941,3.2742247982121859],[-76.324553626742798,3.2741205611573929],[-76.324531138881227,3.2741143258180734],[-76.324476008878719,3.2740993093882143],[-76.324075269648418,3.2740060222459744],[-76.323669276511851,3.2739391023541899],[-76.323259769896012,3.2738988357809689],[-76.322848501539454,3.2738853938110988],[-76.322437232704161,3.273898835662036],[-76.32209535064888,3.2739324526782858],[-76.322186588699665,3.2740538802652805],[-76.322951505025259,3.275198832130807],[-76.32333680576923,3.2766319214801296],[-76.322862362212987,3.2770160050164971],[-76.321723505333367,3.2778804299282696],[-76.321726663285759,3.2788366705875247],[-76.320755210872477,3.2801288266816915],[-76.321098073655094,3.2809226987724482],[-76.321113355023627,3.2809712358170038],[-76.322677552366315,3.2803696085343859],[-76.324005122865614,3.2802491412200339],[-76.324551564872991,3.2807051225703203],[-76.324442735818437,3.2809574158690915],[-76.324301091044092,3.2812806239227861],[-76.324301921418936,3.2815316355737205],[-76.324481853840979,3.28199720600534],[-76.324520499172948,3.2828935605856042],[-76.324459227121466,3.2831592473137778],[-76.323280281970455,3.2825353040386296],[-76.321357937725679,3.2822945259315448],[-76.320274508056613,3.282535305025696],[-76.320320396297873,3.282701811452593],[-76.32087723718648,3.2847004384587337],[-76.319671546848994,3.285301823639561],[-76.317871107364041,3.2853019289888863],[-76.317626843426495,3.2836177402594147],[-76.316787977172496,3.282654984174926],[-76.315223741778041,3.2834972028439715],[-76.313537505754994,3.2822940556080447],[-76.313781467303158,3.2815728457671756],[-76.314979296355602,3.2809709220471914],[-76.315345836911604,3.2795276458197136],[-76.315345724820219,3.2787625978391954],[-76.315428825860579,3.2780906139160093],[-76.315629691069773,3.2764663505174023],[-76.315931689396464,3.2751725294825822],[-76.315858498424276,3.2751979476510651],[-76.315788751265046,3.2752227589222618],[-76.315578692218452,3.275301729454418],[-76.315577307788331,3.2753022788999346],[-76.315505152770243,3.2752576496128771],[-76.315337533088041,3.2751575337917616],[-76.314974631970443,3.2749638769258991],[-76.314955039262713,3.2749542723033249],[-76.314772921767855,3.2748653922430173],[-76.314417704761951,3.2747054488534437],[-76.314032589888399,3.2745607390795266],[-76.313638819684556,3.2744414846259633],[-76.313238079598932,3.2743481985465333],[-76.312832087064663,3.274281278139302],[-76.312831002413532,3.2742811353682661],[-76.312683691489795,3.2742617991432459],[-76.312275269763319,3.2742216750073605],[-76.311864001340709,3.2742082329837947],[-76.311452733053756,3.2742216750776518],[-76.311043226698899,3.2742619421616004],[-76.310637233818099,3.2743288622005418],[-76.310365038572868,3.2743892090453843],[-76.310259302494416,3.2744151198689733],[-76.310130757800351,3.2744480601699899],[-76.309736987422198,3.2745673139016334],[-76.309351873266579,3.2747120235847067],[-76.308977062052421,3.2748815711783612],[-76.308614162386192,3.2750752285331166],[-76.308264724120903,3.2752921683014513],[-76.307930247330887,3.2755314593893905],[-76.307612162569384,3.2757920778642227],[-76.307588653481631,3.275812765104126],[-76.307522252423141,3.2758714889479488],[-76.30743716706354,3.2759481308878566],[-76.307429674039838,3.275955003810529],[-76.307421173498909,3.2759605870886439],[-76.307383580135209,3.2759854711139913],[-76.307056361904571,3.2762192093951379],[-76.307049548428722,3.2762244139060228],[-76.307041863739769,3.2762282244103131],[-76.306695588795733,3.2764136667263823],[-76.306346151057753,3.2766306058006829],[-76.306011673935231,3.2768698971524861],[-76.305693588879763,3.2771305150378627],[-76.305403908496814,3.2774007393209756],[-76.305346505980822,3.2774577744574485],[-76.305335856220822,3.2774683814286218],[-76.305054565295009,3.2777682200922311],[-76.304949013929672,3.2778966253742268],[-76.304928349703999,3.2779057132715947],[-76.304845096055772,3.2779429460032001],[-76.304634558521983,3.278041809995988],[-76.304271658588561,3.278235466854051],[-76.303922221029595,3.2784524062392215],[-76.303587744130752,3.2786916961576686],[-76.303269658463179,3.278952314481002],[-76.303190678241023,3.2790261669769589],[-76.303106848072531,3.2790103021234605],[-76.303009020118054,3.2789927009786304],[-76.302714510004975,3.2789468772593948],[-76.302663666310252,3.2789404047628095],[-76.30263737422186,3.2789371668824141],[-76.302611299457439,3.2789324889084335],[-76.302319812600487,3.2788872088890928],[-76.301910305672692,3.2788469419022461],[-76.301499036521363,3.2788335000679965],[-76.301087768252287,3.2788469426278248],[-76.300678261783844,3.2788872086597154],[-76.300272268694215,3.2789541288473893],[-76.299871529388497,3.2790474146428537],[-76.299477759646678,3.2791666682494709],[-76.299092644313276,3.2793113772206524],[-76.298977164782457,3.2793636154617674],[-76.298898462276981,3.2793614673894895],[-76.298487194481709,3.2793749091210409],[-76.298077687541365,3.279415175304996],[-76.297671694835032,3.2794820957187647],[-76.297270954975829,3.2795753818231699],[-76.297240676226806,3.2795835627102368],[-76.297205507014723,3.2795931585161986],[-76.297170027245173,3.2796015364406021],[-76.297067517420516,3.2796266481577692],[-76.29706497444333,3.2796272935950239],[-76.296909702952476,3.2795770934902668],[-76.296894456556231,3.2795724002709132],[-76.296879757236169,3.2795662080308561],[-76.296841443880496,3.279550215321327],[-76.296456328452962,3.2794055061740703],[-76.296062558976232,3.2792862526813784],[-76.295974701292224,3.2792634276451538],[-76.295938720174661,3.2792543566039547],[-76.295625838003602,3.2791838950683161],[-76.295219845245796,3.2791169745640527],[-76.294810338274019,3.2790767080619627],[-76.294399069781406,3.2790632668894713],[-76.294009553508374,3.2790753227356673],[-76.29396456713738,3.2790781100077129],[-76.293942815609341,3.2790794957676703],[-76.293533308522299,3.2791197619418853],[-76.293271020537915,3.2791629953043646],[-76.293120186635463,3.2789528533555168],[-76.292859141886609,3.278635289049328],[-76.292579044475886,3.2783366422936639],[-76.292507128436043,3.2782648050545635],[-76.292505934241703,3.2782636126769944],[-76.292205603764785,3.2779827813226956],[-76.291887518476685,3.2777221634299543],[-76.291553042188852,3.2774828731005248],[-76.291479096840646,3.2774353836446029],[-76.291289584132514,3.2772830950090546],[-76.291254886751133,3.2772567043142105],[-76.291187452528888,3.2772057832147974],[-76.290887672935511,3.2769928830378232],[-76.290538235872475,3.276775943249965],[-76.290175334981072,3.2765822866126801],[-76.289846096704807,3.2764317951331914],[-76.289783139069797,3.2764051786723067],[-76.289737566979483,3.2763861237202998],[-76.28935245240379,3.27624141406312],[-76.288958682584934,3.2761221601579193],[-76.288749992833743,3.2760701354321302],[-76.288696021167056,3.2760576563145429],[-76.288503971326719,3.2760163941702078],[-76.288097978537294,3.2759494734921253],[-76.287688471246838,3.2759092069727207],[-76.287282351710658,3.2758957670423259],[-76.287237368514965,3.2758957302035858],[-76.287232219853919,3.2758957282131851],[-76.286958523571727,3.2759016784266453],[-76.286882047175709,3.2759050046485663],[-76.286744473855435,3.2759124972739451],[-76.28633496738847,3.2759527639790424],[-76.285928974775885,3.2760196834774926],[-76.28552823555755,3.2761129699609017],[-76.285505419029562,3.2761197325608746],[-76.285461040311318,3.2761283652777715],[-76.285060300827737,3.2762216516600828],[-76.285010343664112,3.2762352362847658],[-76.284945101537602,3.2762532653940726],[-76.284601288373679,3.2763589345620332],[-76.284444514028792,3.2764178441407958],[-76.284276676770574,3.2763702683780975],[-76.283875937417207,3.2762769820017086],[-76.283469944731038,3.2762100619337455],[-76.28345811615219,3.2762088982511823],[-76.283453559214763,3.2762059233287868],[-76.283438595678817,3.2761948134520056],[-76.283330554116361,3.2760475546545513],[-76.283069508888033,3.2757299893007805],[-76.282788217340112,3.275430149938209],[-76.282487887406617,3.2751493183610378],[-76.282169802282823,3.2748886993168238],[-76.281835324879737,3.2746494078419843],[-76.281573896707457,3.2744841525952828],[-76.281568389375892,3.2744808582012039],[-76.281541389262856,3.2744532984452133],[-76.281492400650322,3.2744038450429653],[-76.281192070385444,3.2741230133012307],[-76.280873984878539,3.2738623940777334],[-76.28053950793749,3.2736231024106495],[-76.280376368334132,3.2735178749817346],[-76.280305555457346,3.2734737321691552],[-76.280119256726891,3.2733620190223807],[-76.279756356853639,3.2731683616205243],[-76.27973676175553,3.2731594968707016],[-76.279553718962887,3.2730311026141199],[-76.27934207314496,3.2728997075543189],[-76.2790917188604,3.272632843638029],[-76.278791388669831,3.2723520108593447],[-76.278473304043786,3.2720913914746292],[-76.27813882698544,3.2718520996327785],[-76.277789389323218,3.2716351589009078],[-76.277426489112699,3.2714415013726832],[-76.277359831401839,3.2714091687165969],[-76.277315989155738,3.2713882212670833],[-76.277007835757033,3.2712510048732346],[-76.276622720822232,3.2711062945707936],[-76.276228951024706,3.2709870401903727],[-76.275933190701608,3.270918191099156],[-76.275696257897934,3.2707946111201225],[-76.275321447682913,3.2706250627102054],[-76.274936332672127,3.2704803521713575],[-76.274542562730929,3.270361097577823],[-76.274141823339818,3.2702678102692579],[-76.273735830186538,3.2702008903503108],[-76.273459837106898,3.2701715948685277],[-76.273213304304534,3.270111369587954],[-76.27308512231366,3.2700830024970338],[-76.27295103984882,3.2700548553243127],[-76.272545047292482,3.2699879356539583],[-76.272135540524658,3.2699476686754756],[-76.271724271361109,3.2699342266825489],[-76.271313002939664,3.2699476680831734],[-76.271192083203672,3.269956750519436],[-76.27109311087321,3.2699651438769535],[-76.270804524761786,3.2699963280637543],[-76.270420395126862,3.2700589475387267],[-76.27033378484191,3.270075828417863],[-76.270311921935701,3.2700801297454838],[-76.26991118222881,3.2701734171373795],[-76.269517412125239,3.2702926715879883],[-76.269132297429962,3.2704373825048685],[-76.268927154540094,3.2705265177399898],[-76.268865277018762,3.2705547208736223],[-76.268695610100593,3.2706351332122594],[-76.268332709386996,3.2708287920622192],[-76.267983272221187,3.2710457321523632],[-76.267762739804041,3.271203504927449],[-76.267762149186694,3.2712026863998491],[-76.267756773846685,3.2712065524006215],[-76.267750610784233,3.2712089779442968],[-76.267650495667809,3.2712493773778486],[-76.267500593119919,3.2713171876620213],[-76.267499332798593,3.2713169460117544],[-76.267135712408106,3.271258289849396],[-76.266726205775655,3.2712180227483616],[-76.266320311027215,3.2712045830580294],[-76.266223595034504,3.2712045011339326],[-76.266218221528348,3.2712044979389923],[-76.265806952971772,3.2712179403640387],[-76.265799499813298,3.27121843191357],[-76.265724146851682,3.271223452200124],[-76.265322093922563,3.2712632275468487],[-76.264916101066163,3.271330147890116],[-76.264515361913411,3.2714234350046865],[-76.264311887858398,3.2714850571914256],[-76.264250327545682,3.2714828143531021],[-76.264170482454006,3.2714804840390777],[-76.263986759475486,3.2714778049759672],[-76.263575490763131,3.2714912466185577],[-76.263520603807081,3.2714950784689689],[-76.263422756038764,3.2715023408151795],[-76.263068135799244,3.2715387751413121],[-76.26266214358688,3.2716056957252739],[-76.262261404137703,3.2716989822495206],[-76.261867634200641,3.2718182369765736],[-76.261571723592439,3.27192685355151],[-76.261486225294476,3.2719606890552173],[-76.261417014790013,3.2719886928046389],[-76.261402572943325,3.2719809862421192],[-76.261246801320553,3.2719069278301078],[-76.261183848318282,3.2718780494964461],[-76.26096480886082,3.2717825602394379],[-76.260579694296069,3.271637849732953],[-76.260185924333172,3.2715185954223318],[-76.260023248299603,3.2714807266705881],[-76.253269111049704,3.2723660275718816],[-76.245919139579399,3.2728124068215081],[-76.240423475474202,3.2726808692632057],[-76.23664033162531,3.2724021348585057],[-76.233427976452234,3.2720504226719371],[-76.230714432000553,3.2713389653585807],[-76.23032202543061,3.271196505013275],[-76.230058010873904,3.2713373926809761],[-76.229708573682771,3.271554333120843],[-76.2293740972504,3.2717936251608695],[-76.22936764364249,3.271798913287375],[-76.229397323148689,3.2718285519572983],[-76.229562450131723,3.2725444756552089],[-76.229560634890802,3.2725520394623926],[-76.229596149568806,3.2726905832185356],[-76.229819160299542,3.2735605509273271],[-76.229999866789456,3.2742772204842585],[-76.230418448665461,3.2749931188629988],[-76.231015056287063,3.2755888960459991],[-76.231114006180619,3.2757504614462363],[-76.231233732026595,3.2757824438055914],[-76.232366326403877,3.2766155661617904],[-76.234033181010048,3.2771480949327141],[-76.23481800500474,3.2771455466296917],[-76.234980829755557,3.2771450178646018],[-76.235460430203673,3.2771434602320726],[-76.236530096595075,3.276900901970178],[-76.238372467691946,3.2765362911395548],[-76.239561837056556,3.2765324236698765],[-76.240929609188171,3.2765279762776331],[-76.241762164867168,3.2765252668014151],[-76.242713657258022,3.2765221713418535],[-76.243368769957215,3.2768188902622803],[-76.243726736114894,3.2771763473350997],[-76.244144939850798,3.2777726885178957],[-76.244147445676688,3.2785496955415097],[-76.243734444955976,3.2795671382558003],[-76.242965020042504,3.2807052832834271],[-76.242431346137153,3.2811851855102487],[-76.241897094099301,3.2814857800564146],[-76.241424043786381,3.2823241075003189],[-76.241474226109048,3.2829032084956862],[-76.241604528501341,3.2831407246481197]],[[-76.308233327241524,3.2825529802286479],[-76.30787585028429,3.2823449863151914],[-76.306777917922147,3.2830060707762478],[-76.305466349219998,3.2819943981791142],[-76.306444566583622,3.2810946456981824],[-76.308942473731804,3.281205874938522],[-76.309488779360507,3.2832786036160062],[-76.308236673758174,3.2835689998390882],[-76.308233327241524,3.2825529802286479]],[[-76.296968030995103,3.2876916560380405],[-76.297030497715099,3.2869644868585719],[-76.297538610805063,3.2863844884774678],[-76.297783095853049,3.2858937052719686],[-76.298377801387105,3.2847001104573037],[-76.298683026817358,3.2837246072739985],[-76.298735953370155,3.2835557389760992],[-76.29975706915755,3.2831196230998572],[-76.300064367610091,3.283256701031199],[-76.300804106186789,3.2833001518157561],[-76.302394394995602,3.2835988304516239],[-76.304332226305561,3.2839627781999137],[-76.305572875128945,3.2851061742639684],[-76.305975494415591,3.2861302955794507],[-76.306139947098529,3.2865486048306916],[-76.306436416670351,3.2873027141092428],[-76.306538498035081,3.2894061588489638],[-76.305832161899644,3.2895757704459303],[-76.303286924968717,3.2901869522071716],[-76.303019986700647,3.2901990107221333],[-76.299279252633937,3.2903679985401411],[-76.299145335620423,3.2904877549138698],[-76.298720135330257,3.290335504245371],[-76.298643381229127,3.2900061980558775],[-76.298069993811183,3.2892430841167606],[-76.297118227760805,3.2891506186135997],[-76.296945026101824,3.2882949419078749],[-76.296924793252984,3.2881949862077193],[-76.296968030995103,3.2876916560380405]],[[-76.333905467411839,3.2822379305238951],[-76.334262246002112,3.2822367344513084],[-76.334619520406861,3.2823849499187081],[-76.334917826872484,3.2826827734773207],[-76.33521653133235,3.283100127103753],[-76.335722859725408,3.2833673696853856],[-76.336288653048541,3.2836344130684716],[-76.336368556344851,3.2836913717533918],[-76.336113287164764,3.2849084861054898],[-76.33573558272424,3.2857703682629467],[-76.335166643221839,3.2863460221503273],[-76.334025265579626,3.2864454764512123],[-76.333708336827783,3.2863404800254719],[-76.333858506075984,3.2860032830232528],[-76.334213201167344,3.2853745601708764],[-76.333558707918968,3.285257226201177],[-76.333290428346558,3.2850489485608967],[-76.333318473177144,3.2845408515782757],[-76.333465940773536,3.2841817667269044],[-76.333345923038891,3.2838534614751858],[-76.332780327866999,3.2836461810559703],[-76.333044144241015,3.2825097612184915],[-76.333340865158902,3.2823294706206205],[-76.333905467411839,3.2822379305238951]]]},"properties":{"OBJECTID":2,"FID_CoberturaTierra_COLOMBIA2022":333303,"codigo":22121,"leyenda":"Caña","insumo":"Landsat_2022_mediana_09032023","apoyo":"","confiabili":"SI","cambio":2,"nivel_1":"TERRITORIOS AGRÍCOLAS","nivel_2":"Cultivos permanentes","nivel_3":"Cultivos permanentes herbáceos","nivel_4":"Caña","nivel_5":"Caña","nivel_6":" ","area_ha":167225.45936250259,"FID_Cuenca_Desbaratado":1,"OBJECTID_1":117,"COD_AH":2,"nom_ah":"Magdalena Cauca","COD_ZH":26,"nom_zh":"Cauca","COD_SZH":2622,"nom_szh":"Río Desbaratado","ruleid":3,"SHAPE_Leng":1.02560187254,"Shape_Length":71512.654827942868,"Shape_Area":34329364.979684107}},{"type":"Feature","id":3,"geometry":{"type":"Polygon","coordinates":[[[-76.305975494415591,3.2861302955794507],[-76.305572875128945,3.2851061742639684],[-76.304332226305561,3.2839627781999137],[-76.302394394995602,3.2835988304516239],[-76.300804106186789,3.2833001518157561],[-76.300064367610091,3.283256701031199],[-76.29975706915755,3.2831196230998572],[-76.298735953370155,3.2835557389760992],[-76.298683026817358,3.2837246072739985],[-76.298377801387105,3.2847001104573037],[-76.297783095853049,3.2858937052719686],[-76.297538610805063,3.2863844884774678],[-76.297030497715099,3.2869644868585719],[-76.296968030995103,3.2876916560380405],[-76.297785951603245,3.2875206761618978],[-76.298142451306632,3.2874298404456974],[-76.298350088611343,3.2872797328740435],[-76.298616700964459,3.2869800115724099],[-76.298794409704882,3.2867702372437639],[-76.299031387343263,3.2865004980782233],[-76.299178871947248,3.2861414055518758],[-76.299297606319968,3.2860812441039076],[-76.299654397948672,3.2860800590516401],[-76.299803159731084,3.2861094484510311],[-76.300011879179635,3.2862880562917476],[-76.300161033205725,3.2864369792983243],[-76.300369751867493,3.2866155860285415],[-76.300548737892626,3.2867942914475234],[-76.300875895855881,3.286823088585455],[-76.301559746596496,3.2868208146191611],[-76.302213766756608,3.2867887577106325],[-76.302570065741079,3.2866381557276063],[-76.302628744992944,3.2863988930013392],[-76.302657494048219,3.2860999629073611],[-76.30277593183483,3.2859501519017327],[-76.303043721985105,3.2860090284457195],[-76.303163340957084,3.2862178147601742],[-76.303282764147212,3.2863668347970152],[-76.303432016575854,3.2865456390034735],[-76.30366977899314,3.2865149647876013],[-76.303996346393674,3.2863644614933722],[-76.304352644383897,3.2862138601961153],[-76.304917563002988,3.2862119799488441],[-76.305185155022116,3.2862110896247563],[-76.305868904808662,3.2861789309921869],[-76.305975494415591,3.2861302955794507]]]},"properties":{"OBJECTID":3,"FID_CoberturaTierra_COLOMBIA2022":336057,"codigo":242,"leyenda":"Mosaico de pastos y cultivos","insumo":"Landsat_2022_mediana_09032023","apoyo":"","confiabili":"SI","cambio":1,"nivel_1":"TERRITORIOS AGRÍCOLAS","nivel_2":"Áreas agrícolas heterogéneas","nivel_3":"Mosaico de pastos y cultivos","nivel_4":" ","nivel_5":" ","nivel_6":" ","area_ha":27.298704476468625,"FID_Cuenca_Desbaratado":1,"OBJECTID_1":117,"COD_AH":2,"nom_ah":"Magdalena Cauca","COD_ZH":26,"nom_zh":"Cauca","COD_SZH":2622,"nom_szh":"Río Desbaratado","ruleid":3,"SHAPE_Leng":1.02560187254,"Shape_Length":2668.6767260071629,"Shape_Area":272987.04478903342}},{"type":"Feature","id":4,"geometry":{"type":"Polygon","coordinates":[[[-76.315428825860579,3.2780906139160093],[-76.316300098363513,3.2778028800373171],[-76.317157323082441,3.2780869013325087],[-76.317445587586064,3.2789465712881225],[-76.318019596812732,3.2799009131063284],[-76.318975123973033,3.2811408574769567],[-76.319546608929159,3.2813302014435672],[-76.321098073655094,3.2809226987724482],[-76.320755210872477,3.2801288266816915],[-76.321726663285759,3.2788366705875247],[-76.321723505333367,3.2778804299282696],[-76.322862362212987,3.2770160050164971],[-76.32333680576923,3.2766319214801296],[-76.322951505025259,3.275198832130807],[-76.322186588699665,3.2740538802652805],[-76.32209535064888,3.2739324526782858],[-76.322027726064718,3.2739391021853259],[-76.321621733144156,3.2740060222326526],[-76.321220993403728,3.2740993090438608],[-76.320827223464534,3.2742185629927447],[-76.320442109023091,3.2743632734202599],[-76.32006729856765,3.2745328213652445],[-76.31973413708269,3.2747106082609325],[-76.319422162857421,3.2747851027035688],[-76.319028392697504,3.2749043564282654],[-76.319024916903373,3.2749056230267874],[-76.318853986437873,3.274880735684544],[-76.318444479390024,3.274840468221814],[-76.318033210491279,3.2748270263899784],[-76.31762194190965,3.2748404685069987],[-76.317375652028403,3.2748614454457234],[-76.317311541434165,3.2748681751931317],[-76.31714832482416,3.2748874651731952],[-76.316742332848861,3.2749543857456569],[-76.31634159308004,3.2750476723322723],[-76.315947823052383,3.2751669262121657],[-76.315931689396464,3.2751725294825822],[-76.315629691069773,3.2764663505174023],[-76.315428825860579,3.2780906139160093]]]},"properties":{"OBJECTID":4,"FID_CoberturaTierra_COLOMBIA2022":336069,"codigo":121,"leyenda":"Zonas industriales o comerciales","insumo":"Landsat_2022_mediana_09032023","apoyo":"","confiabili":"SI","cambio":1,"nivel_1":"TERRITORIOS ARTIFICIALIZADOS","nivel_2":"Zonas industriales o comerciales y redes de comunicación","nivel_3":"Zonas industriales o comerciales","nivel_4":" ","nivel_5":" ","nivel_6":" ","area_ha":75.186663560010317,"FID_Cuenca_Desbaratado":1,"OBJECTID_1":117,"COD_AH":2,"nom_ah":"Magdalena Cauca","COD_ZH":26,"nom_zh":"Cauca","COD_SZH":2622,"nom_szh":"Río Desbaratado","ruleid":3,"SHAPE_Leng":1.02560187254,"Shape_Length":2823.2296206207616,"Shape_Area":426237.71752208041}},{"type":"Feature","id":5,"geometry":{"type":"Polygon","coordinates":[[[-76.350511185708697,3.2791800618897748],[-76.350367844639123,3.2792045688528821],[-76.350041302664437,3.2793550779369238],[-76.34986301633657,3.2793855599764772],[-76.349447081101374,3.2794766057874836],[-76.349119742361026,3.2793880611222139],[-76.348822034169558,3.279269533646985],[-76.348583488594556,3.2790611626186239],[-76.348256249306189,3.2790024991870963],[-76.347899577365823,3.2790335808368019],[-76.347632594000387,3.279213771228167],[-76.347454804574298,3.2793936616905328],[-76.347247583357642,3.2796632965666679],[-76.347040061815861,3.2798432880052615],[-76.346921145307519,3.2798171470233188],[-76.346559943589909,3.2792316174419036],[-76.346461304709393,3.2781800996562991],[-76.346323130771523,3.2769671921083172],[-76.34531646026953,3.2771214813316933],[-76.34487345214086,3.2772095797790759],[-76.344653020435899,3.2779949303401188],[-76.344085044080884,3.2788574439272873],[-76.343900172299684,3.2804836557144377],[-76.344189409330937,3.2816301597745006],[-76.344762158081153,3.2822019712874102],[-76.345088809973532,3.283122346222358],[-76.345442728618153,3.282647421209953],[-76.3455606582787,3.2823482029314963],[-76.345827343395598,3.2820783655385806],[-76.346183520434266,3.2818978744607321],[-76.346451100932683,3.2818969751151132],[-76.34668895019999,3.2818961748335038],[-76.347253841077162,3.2818942739407877],[-76.347388428618075,3.2818599751618658],[-76.347652057258117,3.2814298819704697],[-76.347698016025078,3.2813549014672168],[-76.348231382923217,3.2808152300357967],[-76.348617189940555,3.2806047572146113],[-76.349450056615041,3.280721482071967],[-76.350015644231817,3.2809287520580019],[-76.350288547775236,3.2810712564564226],[-76.351132680642053,3.2810330579460487],[-76.352082796285231,3.2806473685008499],[-76.352382480013219,3.279938006854227],[-76.352364720191588,3.2798719592096597],[-76.352307015228803,3.2796856897978639],[-76.352255850520635,3.2796175997691952],[-76.352024432092477,3.2795306433359288],[-76.351630661926009,3.2794113898077182],[-76.35125867141825,3.2793238827218913],[-76.351188953922275,3.2793097000377407],[-76.351160205727567,3.2793039212588604],[-76.350773575452692,3.2792395769468139],[-76.350760459144951,3.2792378113554244],[-76.350747656677243,3.279234458132708],[-76.350511185708697,3.2791800618897748]]]},"properties":{"OBJECTID":5,"FID_CoberturaTierra_COLOMBIA2022":336190,"codigo":112,"leyenda":"Tejido urbano discontinuo","insumo":"Landsat_2022_mediana_09032023","apoyo":"","confiabili":"SI","cambio":1,"nivel_1":"TERRITORIOS ARTIFICIALIZADOS","nivel_2":"Zonas Urbanizadas","nivel_3":"Tejido urbano discontinuo","nivel_4":" ","nivel_5":" ","nivel_6":" ","area_ha":26.833348474076395,"FID_Cuenca_Desbaratado":1,"OBJECTID_1":117,"COD_AH":2,"nom_ah":"Magdalena Cauca","COD_ZH":26,"nom_zh":"Cauca","COD_SZH":2622,"nom_szh":"Río Desbaratado","ruleid":3,"SHAPE_Leng":1.02560187254,"Shape_Length":2909.0549417520742,"Shape_Area":265240.01022215537}},{"type":"Feature","id":6,"geometry":{"type":"Polygon","coordinates":[[[-76.308233327241524,3.2825529802286479],[-76.308236673758174,3.2835689998390882],[-76.309488779360507,3.2832786036160062],[-76.308942473731804,3.281205874938522],[-76.306444566583622,3.2810946456981824],[-76.305466349219998,3.2819943981791142],[-76.306777917922147,3.2830060707762478],[-76.30787585028429,3.2823449863151914],[-76.308233327241524,3.2825529802286479]]]},"properties":{"OBJECTID":6,"FID_CoberturaTierra_COLOMBIA2022":336225,"codigo":121,"leyenda":"Zonas industriales o comerciales","insumo":"Landsat_2022_mediana_09032023","apoyo":"","confiabili":"SI","cambio":1,"nivel_1":"TERRITORIOS ARTIFICIALIZADOS","nivel_2":"Zonas industriales o comerciales y redes de comunicación","nivel_3":"Zonas industriales o comerciales","nivel_4":" ","nivel_5":" ","nivel_6":" ","area_ha":7.1161458395028534,"FID_Cuenca_Desbaratado":1,"OBJECTID_1":117,"COD_AH":2,"nom_ah":"Magdalena Cauca","COD_ZH":26,"nom_zh":"Cauca","COD_SZH":2622,"nom_szh":"Río Desbaratado","ruleid":3,"SHAPE_Leng":1.02560187254,"Shape_Length":1290.5435579391126,"Shape_Area":71161.464769730534}},{"type":"Feature","id":7,"geometry":{"type":"Polygon","coordinates":[[[-76.296945026101824,3.2882949419078749],[-76.297015551747748,3.2883300913058111],[-76.297372345898935,3.2883289062598071],[-76.297758577933891,3.288237972504013],[-76.298382769610896,3.2881761316803528],[-76.298651250419027,3.2884441917708269],[-76.298712092386808,3.2888623586458596],[-76.298892159990658,3.2893697807509796],[-76.299249642301348,3.2895777781339888],[-76.299457672763509,3.2895472020236225],[-76.299723890983898,3.2891279482211933],[-76.299722810022189,3.2887992328997986],[-76.299691602161857,3.288351083563922],[-76.299808959092942,3.2878725569044609],[-76.300045936178975,3.2876028175138083],[-76.300669536812407,3.2873616766902041],[-76.300937228632989,3.2873906712770071],[-76.301294807863272,3.287628549570544],[-76.301296579347095,3.288166446515814],[-76.301386958079149,3.2885247478261079],[-76.301506281645388,3.2886438849094604],[-76.301803216144208,3.2885233624436281],[-76.302009868229192,3.2880744239170738],[-76.302186493363394,3.2875359350000566],[-76.302869851686239,3.2873842449614816],[-76.303612873224409,3.2872921230186485],[-76.30399870735566,3.287081654575974],[-76.304474035167573,3.2869605394719041],[-76.305009320019252,3.2869886416313934],[-76.305395940927653,3.2870172391876911],[-76.305603674961773,3.2868970143124883],[-76.306018847389325,3.2865669155180699],[-76.306139947098529,3.2865486048306916],[-76.305975494415591,3.2861302955794507],[-76.305868904808662,3.2861789309921869],[-76.305185155022116,3.2862110896247563],[-76.304917563002988,3.2862119799488441],[-76.304352644383897,3.2862138601961153],[-76.303996346393674,3.2863644614933722],[-76.30366977899314,3.2865149647876013],[-76.303432016575854,3.2865456390034735],[-76.303282764147212,3.2863668347970152],[-76.303163340957084,3.2862178147601742],[-76.303043721985105,3.2860090284457195],[-76.30277593183483,3.2859501519017327],[-76.302657494048219,3.2860999629073611],[-76.302628744992944,3.2863988930013392],[-76.302570065741079,3.2866381557276063],[-76.302213766756608,3.2867887577106325],[-76.301559746596496,3.2868208146191611],[-76.300875895855881,3.286823088585455],[-76.300548737892626,3.2867942914475234],[-76.300369751867493,3.2866155860285415],[-76.300161033205725,3.2864369792983243],[-76.300011879179635,3.2862880562917476],[-76.299803159731084,3.2861094484510311],[-76.299654397948672,3.2860800590516401],[-76.299297606319968,3.2860812441039076],[-76.299178871947248,3.2861414055518758],[-76.299031387343263,3.2865004980782233],[-76.298794409704882,3.2867702372437639],[-76.298616700964459,3.2869800115724099],[-76.298350088611343,3.2872797328740435],[-76.298142451306632,3.2874298404456974],[-76.297785951603245,3.2875206761618978],[-76.296968030995103,3.2876916560380405],[-76.296924793252984,3.2881949862077193],[-76.296945026101824,3.2882949419078749]]]},"properties":{"OBJECTID":7,"FID_CoberturaTierra_COLOMBIA2022":336226,"codigo":112,"leyenda":"Tejido urbano discontinuo","insumo":"Landsat_2022_mediana_09032023","apoyo":"","confiabili":"SI","cambio":1,"nivel_1":"TERRITORIOS ARTIFICIALIZADOS","nivel_2":"Zonas Urbanizadas","nivel_3":"Tejido urbano discontinuo","nivel_4":" ","nivel_5":" ","nivel_6":" ","area_ha":13.123746554151669,"FID_Cuenca_Desbaratado":1,"OBJECTID_1":117,"COD_AH":2,"nom_ah":"Magdalena Cauca","COD_ZH":26,"nom_zh":"Cauca","COD_SZH":2622,"nom_szh":"Río Desbaratado","ruleid":3,"SHAPE_Leng":1.02560187254,"Shape_Length":2832.8406370134599,"Shape_Area":131237.46765502504}},{"type":"Feature","id":8,"geometry":{"type":"Polygon","coordinates":[[[-76.296945026101824,3.2882949419078749],[-76.297118227760805,3.2891506186135997],[-76.298069993811183,3.2892430841167606],[-76.298643381229127,3.2900061980558775],[-76.298720135330257,3.290335504245371],[-76.299145335620423,3.2904877549138698],[-76.299279252633937,3.2903679985401411],[-76.303019986700647,3.2901990107221333],[-76.303286924968717,3.2901869522071716],[-76.305832161899644,3.2895757704459303],[-76.306538498035081,3.2894061588489638],[-76.306436416670351,3.2873027141092428],[-76.306139947098529,3.2865486048306916],[-76.306018847389325,3.2865669155180699],[-76.305603674961773,3.2868970143124883],[-76.305395940927653,3.2870172391876911],[-76.305009320019252,3.2869886416313934],[-76.304474035167573,3.2869605394719041],[-76.30399870735566,3.287081654575974],[-76.303612873224409,3.2872921230186485],[-76.302869851686239,3.2873842449614816],[-76.302186493363394,3.2875359350000566],[-76.302009868229192,3.2880744239170738],[-76.301803216144208,3.2885233624436281],[-76.301506281645388,3.2886438849094604],[-76.301386958079149,3.2885247478261079],[-76.301296579347095,3.288166446515814],[-76.301294807863272,3.287628549570544],[-76.300937228632989,3.2873906712770071],[-76.300669536812407,3.2873616766902041],[-76.300045936178975,3.2876028175138083],[-76.299808959092942,3.2878725569044609],[-76.299691602161857,3.288351083563922],[-76.299722810022189,3.2887992328997986],[-76.299723890983898,3.2891279482211933],[-76.299457672763509,3.2895472020236225],[-76.299249642301348,3.2895777781339888],[-76.298892159990658,3.2893697807509796],[-76.298712092386808,3.2888623586458596],[-76.298651250419027,3.2884441917708269],[-76.298382769610896,3.2881761316803528],[-76.297758577933891,3.288237972504013],[-76.297372345898935,3.2883289062598071],[-76.297015551747748,3.2883300913058111],[-76.296945026101824,3.2882949419078749]]]},"properties":{"OBJECTID":8,"FID_CoberturaTierra_COLOMBIA2022":336227,"codigo":242,"leyenda":"Mosaico de pastos y cultivos","insumo":"Landsat_2022_mediana_09032023","apoyo":"","confiabili":"SI","cambio":1,"nivel_1":"TERRITORIOS AGRÍCOLAS","nivel_2":"Áreas agrícolas heterogéneas","nivel_3":"Mosaico de pastos y cultivos","nivel_4":" ","nivel_5":" ","nivel_6":" ","area_ha":25.82503888738939,"FID_Cuenca_Desbaratado":1,"OBJECTID_1":117,"COD_AH":2,"nom_ah":"Magdalena Cauca","COD_ZH":26,"nom_zh":"Cauca","COD_SZH":2622,"nom_szh":"Río Desbaratado","ruleid":3,"SHAPE_Leng":1.02560187254,"Shape_Length":3063.6553781012044,"Shape_Area":258250.3725182359}},{"type":"Feature","id":9,"geometry":{"type":"Polygon","coordinates":[[[-76.333905467411839,3.2822379305238951],[-76.333340865158902,3.2823294706206205],[-76.333044144241015,3.2825097612184915],[-76.332780327866999,3.2836461810559703],[-76.333345923038891,3.2838534614751858],[-76.333465940773536,3.2841817667269044],[-76.333318473177144,3.2845408515782757],[-76.333290428346558,3.2850489485608967],[-76.333558707918968,3.285257226201177],[-76.334213201167344,3.2853745601708764],[-76.333858506075984,3.2860032830232528],[-76.333708336827783,3.2863404800254719],[-76.334025265579626,3.2864454764512123],[-76.335166643221839,3.2863460221503273],[-76.33573558272424,3.2857703682629467],[-76.336113287164764,3.2849084861054898],[-76.336368556344851,3.2836913717533918],[-76.336288653048541,3.2836344130684716],[-76.335722859725408,3.2833673696853856],[-76.33521653133235,3.283100127103753],[-76.334917826872484,3.2826827734773207],[-76.334619520406861,3.2823849499187081],[-76.334262246002112,3.2822367344513084],[-76.333905467411839,3.2822379305238951]]]},"properties":{"OBJECTID":9,"FID_CoberturaTierra_COLOMBIA2022":336228,"codigo":112,"leyenda":"Tejido urbano discontinuo","insumo":"Landsat_2022_mediana_09032023","apoyo":"","confiabili":"SI","cambio":1,"nivel_1":"TERRITORIOS ARTIFICIALIZADOS","nivel_2":"Zonas Urbanizadas","nivel_3":"Tejido urbano discontinuo","nivel_4":" ","nivel_5":" ","nivel_6":" ","area_ha":11.888165681779681,"FID_Cuenca_Desbaratado":1,"OBJECTID_1":117,"COD_AH":2,"nom_ah":"Magdalena Cauca","COD_ZH":26,"nom_zh":"Cauca","COD_SZH":2622,"nom_szh":"Río Desbaratado","ruleid":3,"SHAPE_Leng":1.02560187254,"Shape_Length":1495.5459901274621,"Shape_Area":118881.66509076}},{"type":"Feature","id":10,"geometry":{"type":"Polygon","coordinates":[[[-76.315428825860579,3.2780906139160093],[-76.315345724820219,3.2787625978391954],[-76.315345836911604,3.2795276458197136],[-76.314979296355602,3.2809709220471914],[-76.313781467303158,3.2815728457671756],[-76.313537505754994,3.2822940556080447],[-76.315223741778041,3.2834972028439715],[-76.316787977172496,3.282654984174926],[-76.317626843426495,3.2836177402594147],[-76.317871107364041,3.2853019289888863],[-76.319671546848994,3.285301823639561],[-76.32087723718648,3.2847004384587337],[-76.320320396297873,3.282701811452593],[-76.320274508056613,3.282535305025696],[-76.321357937725679,3.2822945259315448],[-76.323280281970455,3.2825353040386296],[-76.324459227121466,3.2831592473137778],[-76.324520499172948,3.2828935605856042],[-76.324481853840979,3.28199720600534],[-76.324301921418936,3.2815316355737205],[-76.324301091044092,3.2812806239227861],[-76.324442735818437,3.2809574158690915],[-76.324551564872991,3.2807051225703203],[-76.324005122865614,3.2802491412200339],[-76.322677552366315,3.2803696085343859],[-76.321113355023627,3.2809712358170038],[-76.321098073655094,3.2809226987724482],[-76.319546608929159,3.2813302014435672],[-76.318975123973033,3.2811408574769567],[-76.318019596812732,3.2799009131063284],[-76.317445587586064,3.2789465712881225],[-76.317157323082441,3.2780869013325087],[-76.316300098363513,3.2778028800373171],[-76.315428825860579,3.2780906139160093]]]},"properties":{"OBJECTID":10,"FID_CoberturaTierra_COLOMBIA2022":336369,"codigo":242,"leyenda":"Mosaico de pastos y cultivos","insumo":"Landsat_2022_mediana_09032023","apoyo":"","confiabili":"SI","cambio":1,"nivel_1":"TERRITORIOS AGRÍCOLAS","nivel_2":"Áreas agrícolas heterogéneas","nivel_3":"Mosaico de pastos y cultivos","nivel_4":" ","nivel_5":" ","nivel_6":" ","area_ha":43.228203951472196,"FID_Cuenca_Desbaratado":1,"OBJECTID_1":117,"COD_AH":2,"nom_ah":"Magdalena Cauca","COD_ZH":26,"nom_zh":"Cauca","COD_SZH":2622,"nom_szh":"Río Desbaratado","ruleid":3,"SHAPE_Leng":1.02560187254,"Shape_Length":3947.5478565638196,"Shape_Area":432282.04127467104}},{"type":"Feature","id":11,"geometry":{"type":"Polygon","coordinates":[[[-76.237570945650688,3.2831187861498639],[-76.237631009049736,3.283108885711862],[-76.238031748817619,3.2830155996431056],[-76.238425518713612,3.2828963472198405],[-76.2388106337267,3.2827516381848953],[-76.238994094496491,3.2826723364481323],[-76.239006001451969,3.2826669636112551],[-76.239023801359252,3.2826687137752542],[-76.239104919948176,3.282700962631012],[-76.239410010464184,3.2828132201228581],[-76.239803781038958,3.2829324734892023],[-76.240204520049261,3.2830257592565815],[-76.240610512552323,3.2830926791181554],[-76.241020019689188,3.283132945090931],[-76.241431288598591,3.2831463867116923],[-76.241604528501341,3.2831407246481197],[-76.241474226109048,3.2829032084956862],[-76.241424043786381,3.2823241075003189],[-76.241897094099301,3.2814857800564146],[-76.242431346137153,3.2811851855102487],[-76.242965020042504,3.2807052832834271],[-76.243734444955976,3.2795671382558003],[-76.244147445676688,3.2785496955415097],[-76.244144939850798,3.2777726885178957],[-76.243726736114894,3.2771763473350997],[-76.243368769957215,3.2768188902622803],[-76.242713657258022,3.2765221713418535],[-76.241762164867168,3.2765252668014151],[-76.240929609188171,3.2765279762776331],[-76.239561837056556,3.2765324236698765],[-76.238372467691946,3.2765362911395548],[-76.236530096595075,3.276900901970178],[-76.235460430203673,3.2771434602320726],[-76.234980829755557,3.2771450178646018],[-76.23481800500474,3.2771455466296917],[-76.234033181010048,3.2771480949327141],[-76.232366326403877,3.2766155661617904],[-76.231233732026595,3.2757824438055914],[-76.231114006180619,3.2757504614462363],[-76.231015056287063,3.2755888960459991],[-76.230418448665461,3.2749931188629988],[-76.229999866789456,3.2742772204842585],[-76.229819160299542,3.2735605509273271],[-76.229596149568806,3.2726905832185356],[-76.229560634890802,3.2725520394623926],[-76.229562450131723,3.2725444756552089],[-76.229397323148689,3.2718285519572983],[-76.22936764364249,3.271798913287375],[-76.229056011421122,3.2720542449086958],[-76.228755681021269,3.2723350774123907],[-76.228474389678397,3.27263491761587],[-76.228213345261452,3.2729524847989757],[-76.227973661875637,3.2732864154064827],[-76.227756368016856,3.2736352829011723],[-76.227562393064716,3.2739975914821673],[-76.22739256912314,3.2743717896332676],[-76.227247622049134,3.2747562764776021],[-76.227128173255608,3.2751494035791682],[-76.227034733457629,3.2755494876141906],[-76.226967704492722,3.2759548175945756],[-76.226927372127378,3.2763636548918096],[-76.226913907912376,3.2767742513038898],[-76.226915076841479,3.2768099047016728],[-76.227511371165832,3.2771543038876518],[-76.228465369967182,3.2779282396711262],[-76.229002127218024,3.278404669835524],[-76.229009931030987,3.2784091192890443],[-76.229836229788063,3.2788801337357123],[-76.231681115216446,3.2792925450396031],[-76.23221710511271,3.2795298893053153],[-76.232694971284445,3.2801858193209732],[-76.233409945429941,3.2806018929785643],[-76.234245011046639,3.2813762019579991],[-76.234818004979175,3.2816426892919819],[-76.235138392207702,3.2817916937046925],[-76.236387817182361,3.2819669420114663],[-76.237161683415081,3.2822035070115794],[-76.237579699271421,3.2827400825471029],[-76.237580855147073,3.2830987034819925],[-76.237570945650688,3.2831187861498639]]]},"properties":{"OBJECTID":11,"FID_CoberturaTierra_COLOMBIA2022":336563,"codigo":242,"leyenda":"Mosaico de pastos y cultivos","insumo":"Landsat_2022_mediana_09032023","apoyo":"","confiabili":"SI","cambio":1,"nivel_1":"TERRITORIOS AGRÍCOLAS","nivel_2":"Áreas agrícolas heterogéneas","nivel_3":"Mosaico de pastos y cultivos","nivel_4":" ","nivel_5":" ","nivel_6":" ","area_ha":1086.8709370237179,"FID_Cuenca_Desbaratado":1,"OBJECTID_1":117,"COD_AH":2,"nom_ah":"Magdalena Cauca","COD_ZH":26,"nom_zh":"Cauca","COD_SZH":2622,"nom_szh":"Río Desbaratado","ruleid":3,"SHAPE_Leng":1.02560187254,"Shape_Length":5296.8483275490889,"Shape_Area":1002745.7935943945}},{"type":"Feature","id":12,"geometry":{"type":"Polygon","coordinates":[[[-76.226915076841479,3.2768099047016728],[-76.226927371873117,3.2771848472401448],[-76.226967704458119,3.2775936843986191],[-76.227034733753882,3.2779990129725687],[-76.227128172801713,3.2783990961780392],[-76.227247622332058,3.2787922219928447],[-76.227392568977749,3.2791767067777671],[-76.227562393391381,3.2795509033836256],[-76.227756367574131,3.2799132092933703],[-76.227973662094485,3.280262074732013],[-76.228213345192216,3.2805960035738839],[-76.228474390014682,3.2809135668742053],[-76.228545493321576,3.28099313818181],[-76.228563456410697,3.2810129000502974],[-76.228580316684884,3.281033608882935],[-76.228732201882266,3.2812131907878408],[-76.228766189881995,3.2812494189392254],[-76.230298070082711,3.2824462818069549],[-76.231279220650563,3.2829824544918793],[-76.231504957044805,3.2830672760829969],[-76.231771575390042,3.2831510818693364],[-76.231853649911272,3.2831748921700359],[-76.231980801696324,3.2832103391953074],[-76.232381541406596,3.2833036242220781],[-76.232787533954621,3.2833705440855834],[-76.23319704136874,3.2834108107843498],[-76.233608309870078,3.2834242520361259],[-76.234019577961831,3.2834108103474766],[-76.234429084524663,3.2833705438902911],[-76.234697798239196,3.283329307632068],[-76.234781032712348,3.2833146891357794],[-76.234918312260035,3.2832890061609223],[-76.235150168936769,3.2832384035194093],[-76.235242405452396,3.2832164445100394],[-76.235411287205949,3.2831737609536695],[-76.235430727957379,3.2831685271760436],[-76.235434559137616,3.2831674900035219],[-76.235438488980549,3.2831680546298614],[-76.235514864433426,3.2831785691341673],[-76.235924370768714,3.2832188355800591],[-76.236335639919034,3.2832322775445633],[-76.236589210492156,3.2832271708138969],[-76.236657812015451,3.2832244065241691],[-76.236815510100229,3.2832160714378729],[-76.237225017146287,3.2831758049147091],[-76.237570945650688,3.2831187861498639],[-76.237580855147073,3.2830987034819925],[-76.237579699271421,3.2827400825471029],[-76.237161683415081,3.2822035070115794],[-76.236387817182361,3.2819669420114663],[-76.235138392207702,3.2817916937046925],[-76.234818004979175,3.2816426892919819],[-76.234245011046639,3.2813762019579991],[-76.233409945429941,3.2806018929785643],[-76.232694971284445,3.2801858193209732],[-76.23221710511271,3.2795298893053153],[-76.231681115216446,3.2792925450396031],[-76.229836229788063,3.2788801337357123],[-76.229009931030987,3.2784091192890443],[-76.229002127218024,3.278404669835524],[-76.228465369967182,3.2779282396711262],[-76.227511371165832,3.2771543038876518],[-76.226915076841479,3.2768099047016728]]]},"properties":{"OBJECTID":12,"FID_CoberturaTierra_COLOMBIA2022":336914,"codigo":22121,"leyenda":"Caña","insumo":"Landsat_2022_mediana_09032023","apoyo":"","confiabili":"SI","cambio":1,"nivel_1":"TERRITORIOS AGRÍCOLAS","nivel_2":"Cultivos permanentes","nivel_3":"Cultivos permanentes herbáceos","nivel_4":"Caña","nivel_5":"Caña","nivel_6":" ","area_ha":673.96389039024893,"FID_Cuenca_Desbaratado":1,"OBJECTID_1":117,"COD_AH":2,"nom_ah":"Magdalena Cauca","COD_ZH":26,"nom_zh":"Cauca","COD_SZH":2622,"nom_szh":"Río Desbaratado","ruleid":3,"SHAPE_Leng":1.02560187254,"Shape_Length":3035.6740068049166,"Shape_Area":327369.07132557675}}]
}