{
  "type" : "FeatureCollection",
  "features" : [{"type":"Feature","id":1,"geometry":{"type":"MultiPolygon","coordinates":[[[[-76.462843316165547,3.2534463762691042],[-76.462607055145611,3.2539013449058225],[-76.462441809553354,3.2542604577677783],[-76.462442561085766,3.2544803672739135],[-76.462793119955961,3.2539934775174451],[-76.463053456140329,3.2531137177465621],[-76.463031019652973,3.2531040238937767],[-76.462843316165547,3.2534463762691042]]],[[[-76.459624137248113,3.2589184957981017],[-76.460814951967834,3.2594223166585334],[-76.4615603748653,3.2600770685166856],[-76.462782861125348,3.2611484678552993],[-76.464243574635191,3.2623385510886851],[-76.464402042729645,3.2625625466742805],[-76.46422352073202,3.2619577871563061],[-76.464209171377234,3.2619091782715435],[-76.463552672816093,3.2608947110695614],[-76.462884719130386,3.2604308493624741],[-76.462480565532999,3.2601501823453489],[-76.461230419442032,3.259555490102005],[-76.460128652892934,3.2588409112991052],[-76.460106179431335,3.2588154783372802],[-76.45967305341324,3.2583252967422864],[-76.45959108793771,3.2578261533647326],[-76.459590195488971,3.2574461956959091],[-76.45958975399661,3.2572583737461689],[-76.459907067147356,3.2567213331368472],[-76.460645712005217,3.2561399938462046],[-76.460474485610874,3.2561794769364245],[-76.459999673351987,3.2564201440249674],[-76.4596682837022,3.2568754424899509],[-76.459218967276968,3.2576179842836743],[-76.459101694285664,3.2580964465186431],[-76.459082307871768,3.2585830918232945],[-76.458790965644823,3.2586350550519207],[-76.458053327972067,3.2585180873117277],[-76.457791322230648,3.2583994770879992],[-76.457433618026272,3.2581138770772591],[-76.457099206251911,3.2576847771230737],[-76.456622757627173,3.2574473921593587],[-76.456289570611474,3.2573768318582075],[-76.455932764577426,3.2573541599265741],[-76.455575876825165,3.2573075845881951],[-76.455218092440532,3.2569980803257783],[-76.455026697436352,3.256664096738648],[-76.454954046803252,3.256281900174085],[-76.454952578864962,3.2558516510959472],[-76.454998675422829,3.255421238106242],[-76.455068470045589,3.2549668399417047],[-76.455067410242592,3.2546561045766076],[-76.455066106009795,3.2542736611862288],[-76.454803041962251,3.2538443131631389],[-76.454516685004592,3.2535584628536642],[-76.454230083819098,3.253200905103109],[-76.454061902963204,3.252699519719084],[-76.45422674523094,3.252220891538621],[-76.454248734914586,3.2516949497682002],[-76.454175842620401,3.2512410443252584],[-76.453530160800284,3.2501915309984768],[-76.452908832417194,3.24930925468438],[-76.452597557582294,3.2486888449501063],[-76.452452511163273,3.2479961536301185],[-76.452426290689786,3.2472791521021636],[-76.452138475853332,3.2465630479335221],[-76.45189895512415,3.2460619056960476],[-76.451302631605472,3.2455380849904065],[-76.45089721057002,3.2452048331074819],[-76.450634965261699,3.245014507124087],[-76.450538783816853,3.2447040965530207],[-76.450514515736714,3.2445607604600757],[-76.45096685003908,3.244702628067806],[-76.451347922173895,3.2448686426069404],[-76.452156653188368,3.2449136727626602],[-76.452418004957309,3.2448410666614751],[-76.452535450345906,3.2444104091528612],[-76.452558257003574,3.2441234937213048],[-76.452366463367724,3.2436699928760699],[-76.452079462972975,3.2431929165681215],[-76.45155505471871,3.2428361686704914],[-76.451054997373987,3.2426466586363558],[-76.4505547768767,3.2424093422658014],[-76.450315908412463,3.2420994213363654],[-76.450100821184066,3.2417894168929271],[-76.449672189221005,3.2416235642727127],[-76.449220098569029,3.2415534028985959],[-76.448791951837364,3.2415309666802226],[-76.448458363869506,3.2413408839325237],[-76.448053511890137,3.2411749477906158],[-76.447719680980057,3.2409131559228879],[-76.447313452336914,3.2403408699565417],[-76.44719405922838,3.2401978587233615],[-76.446812827652337,3.2399840348073887],[-76.446265287591714,3.2398185852642154],[-76.446027068237512,3.2396998839251121],[-76.445597869032838,3.2393667068561847],[-76.44526379628293,3.2390332031574105],[-76.444835163662006,3.2388673454730554],[-76.444478198781354,3.2387968560083573],[-76.44414525844671,3.2387979939600515],[-76.443859880284464,3.2387989701657101],[-76.443620853398173,3.2384412364735127],[-76.443500329188126,3.2379635829569655],[-76.443427771643982,3.2376052811293037],[-76.44304492493238,3.23691339294581],[-76.442711579894194,3.2367950144892372],[-76.442259489809629,3.2367248480619355],[-76.441922790216125,3.2368251471828349],[-76.441269150586962,3.2367745905922467],[-76.440897223111236,3.2366989415753493],[-76.440712965743813,3.2365149963030757],[-76.440593331593874,3.236300273653657],[-76.440354224952827,3.2359186345593409],[-76.440139384796893,3.2356803342817426],[-76.439901166103425,3.235561629678442],[-76.439710591334816,3.2354666655501751],[-76.439543153292419,3.2351803962555818],[-76.439446896677666,3.234846077171599],[-76.439350964616452,3.2346073700265991],[-76.439105699629991,3.2344639790551932],[-76.439100022424498,3.2343941277085611],[-76.439094708141255,3.2343287426061686],[-76.439231832994508,3.2338568706140882],[-76.439323269564582,3.2335511369113603],[-76.439377079046821,3.2334951014667492],[-76.439865326607347,3.2330071610143598],[-76.439972163911904,3.2329474558559164],[-76.440319231752042,3.2325961847553768],[-76.440746088127099,3.2322361794626273],[-76.441078543752965,3.2320916267007198],[-76.441507012146445,3.2322096824602009],[-76.441912909259912,3.2326863669668544],[-76.442104128346941,3.2329725545182035],[-76.442413931905904,3.2331627247121331],[-76.442984442882604,3.2330890692671788],[-76.443220642872646,3.2326101981713626],[-76.443290211767064,3.2320840877376624],[-76.443312298666569,3.2315820431132924],[-76.443191294896238,3.2309609687580121],[-76.442975811926303,3.230531443519896],[-76.44256999821377,3.2300786635418475],[-76.441903073195277,3.2297701930181568],[-76.441498790125095,3.2297715690260644],[-76.441152644111881,3.2299553170136757],[-76.440872286003653,3.2298987799863577],[-76.440759329211232,3.2299364610218415],[-76.440549872846759,3.2304679988259943],[-76.4401939575787,3.2307082438579191],[-76.439647549181188,3.2308774284453459],[-76.438638567972305,3.2314825156973015],[-76.437819438660924,3.2317919816233069],[-76.437248763778257,3.2318178280967813],[-76.436820616239444,3.2317953821041248],[-76.436297020936991,3.2316776463423302],[-76.435868791659558,3.2316312960898523],[-76.435440804577823,3.2316566560578059],[-76.435060864335,3.2318252732361477],[-76.43494300185229,3.2321364188990085],[-76.434872703626553,3.2324474037221735],[-76.434850371300271,3.2328777430477253],[-76.43482868324709,3.2334993091616164],[-76.434782086053872,3.2337863084738809],[-76.434688086556235,3.2341212790970384],[-76.434569420001523,3.2341933924860991],[-76.434331603688435,3.2341942018348968],[-76.434021960404294,3.2340518346061145],[-76.433664672264939,3.2338857260886109],[-76.433354785740846,3.2336716478578929],[-76.433187429671193,3.2334092782041619],[-76.433138177304372,3.2329074710582715],[-76.433137371833226,3.2326684380712716],[-76.433064498631964,3.2322145175854327],[-76.432920923582785,3.23195206670272],[-76.432706406994924,3.2318093747637149],[-76.432325741437609,3.2317628612156231],[-76.431730959358703,3.2316931718208015],[-76.431160200336066,3.2316951110602843],[-76.430613783992271,3.2318642929231767],[-76.429592778813557,3.2323458330917232],[-76.428594589926888,3.2325404531541801],[-76.428166518695463,3.2325419057639566],[-76.427833574675446,3.2325430370514381],[-76.427357378082036,3.2323773264989746],[-76.426922579217361,3.2322979221716372],[-76.426406801252057,3.2319101986296479],[-76.426154885277342,3.2317049807962102],[-76.42619054604036,3.2319271157689804],[-76.427097063040804,3.232760670176936],[-76.427247011576185,3.2328246608510907],[-76.427691848396705,3.2328303619791798],[-76.428547991329623,3.2328274549150549],[-76.429475156997569,3.2327286908543744],[-76.430037554199075,3.2325381406059988],[-76.430187803651989,3.2324872343402129],[-76.430565239829733,3.2323699130023584],[-76.431043059677464,3.2322213889601952],[-76.431637279631857,3.2321237549407642],[-76.432255923750105,3.2322172671600646],[-76.432470842684992,3.2324794757496011],[-76.432591037945087,3.2328615241596115],[-76.432586624345859,3.2333424088467027],[-76.432943364773394,3.2338912894668592],[-76.433094314706722,3.234007184235427],[-76.433666121306288,3.2343159850395926],[-76.43399962838437,3.2344821752275661],[-76.434404882007428,3.2347676377862675],[-76.434737825346815,3.234766503552855],[-76.434975479696973,3.2347178881876308],[-76.435164443773161,3.2343347888955782],[-76.43528182158407,3.2338802230124126],[-76.435256106793503,3.2333066257141168],[-76.435088187176603,3.2328769339059389],[-76.435324634400885,3.2324697702844318],[-76.435657334250692,3.2323969279324389],[-76.436085402039311,3.2323954713123713],[-76.436584653008893,3.2323459650892303],[-76.437178546883942,3.2321527160443155],[-76.437654015974218,3.2321032895172039],[-76.43820082907412,3.2320536217162585],[-76.438960949354779,3.2317880960894088],[-76.439602322665181,3.2315707808165111],[-76.440195730273715,3.2312341127196746],[-76.440574620798728,3.2307547544685722],[-76.440954075115258,3.2304427192588583],[-76.441310071371504,3.2302263760755205],[-76.441809559277672,3.2302485777406966],[-76.442143061892139,3.2304147652496891],[-76.442381842778531,3.2307007919918833],[-76.442644970170079,3.2311540581802003],[-76.442860534140053,3.2316074861860029],[-76.442838285685866,3.2320617247500265],[-76.442840301627868,3.2326593011136331],[-76.442721960358412,3.2328270281543063],[-76.442364836050345,3.2327087291903989],[-76.442173375092267,3.2323508317763578],[-76.442029799912277,3.2320883847251944],[-76.441623983958351,3.231635603691573],[-76.441243158606724,3.2315412875146823],[-76.440744153381686,3.2316625045209535],[-76.440435881761275,3.23192649253994],[-76.440175173013358,3.2321903176929978],[-76.439867062260632,3.2325021123046493],[-76.439559193141008,3.232885614446336],[-76.439084933836924,3.2332935884944796],[-76.438825835805702,3.2340354771478217],[-76.438922413555886,3.234465409570161],[-76.43899574960308,3.2346055289325979],[-76.438947002001257,3.2347043600378749],[-76.438924590907547,3.2351107948592777],[-76.439068571215685,3.2354927575761852],[-76.439283169262083,3.2356593509537608],[-76.439640859673162,3.2359449714946829],[-76.439879562729672,3.236207094498317],[-76.44026192433725,3.2367555681400701],[-76.440571567686888,3.2368979316272961],[-76.441047522266174,3.2369919213306586],[-76.441571522709481,3.2372291665150428],[-76.441976293359062,3.2373712044809198],[-76.442356877975584,3.2373938089510919],[-76.442594449742813,3.237321287920663],[-76.442731771788885,3.2373820707055194],[-76.442785106427081,3.2374401526246275],[-76.443047672216181,3.2377260959968464],[-76.443152650710815,3.2380519570802031],[-76.443168922698462,3.2384188775816392],[-76.443265343432913,3.2388010008792802],[-76.443670679576883,3.2391103586315411],[-76.44400362107946,3.2391092207237668],[-76.44445571079342,3.2391793860057039],[-76.444995292440737,3.2393471049359652],[-76.445289761859385,3.2396785027371138],[-76.445623755009535,3.2399881017583376],[-76.445980881030749,3.2401063973112278],[-76.446409110188512,3.2401527389377311],[-76.446766478970488,3.2403427409178334],[-76.447171815798185,3.2406520954492928],[-76.447386659204156,3.2408903931166928],[-76.447674052730051,3.241206293168811],[-76.447888337806049,3.2415579641883885],[-76.448185834990369,3.2416846599590339],[-76.448424440441073,3.241862766129064],[-76.448431905166572,3.2417951345405749],[-76.449149564997256,3.2417926762018419],[-76.449387783783607,3.2419113758824554],[-76.449697590829487,3.242101540327079],[-76.450079553875611,3.2425304868917944],[-76.450317935915379,3.2426969919466408],[-76.450699249569112,3.2429347160327868],[-76.451032675738375,3.2430769911552422],[-76.451431522419114,3.2433055263235562],[-76.45155028016805,3.2434554547974086],[-76.451818841826665,3.2434806479138234],[-76.452128892847284,3.2437425179597983],[-76.452249504784149,3.2442440686651186],[-76.452226616865033,3.2445070808323928],[-76.451846926267464,3.2447474147657474],[-76.451513579756849,3.2446290430992222],[-76.450989575932283,3.2443918097095548],[-76.450465329583722,3.2440828682958531],[-76.450156819867331,3.244275151259711],[-76.450134255963832,3.2446337748757643],[-76.450278324205854,3.2450396342771253],[-76.450540813085922,3.2453016678948745],[-76.450771163142349,3.2454742055740495],[-76.451136974011817,3.2457776837687948],[-76.451169397619395,3.2459848094990935],[-76.451273451859279,3.2461132578112606],[-76.451592558041796,3.2468756625706994],[-76.451785003700564,3.2475203856489081],[-76.451978670220953,3.2485236497497691],[-76.452457227039446,3.2493825160478731],[-76.453317022655014,3.2504551981795684],[-76.453627647336361,3.2508843837192494],[-76.453890627705476,3.2512898310241072],[-76.453869370418076,3.2520308982356418],[-76.453751846879925,3.2524376537787703],[-76.453710485375922,3.2525396070564896],[-76.453781410818621,3.2531433904756897],[-76.453887929365095,3.2536731740800255],[-76.454082536300135,3.2540330976698137],[-76.454329122414606,3.2543479086680538],[-76.454520270660709,3.2546101841519244],[-76.454545600624513,3.2550642538935204],[-76.454505949838918,3.2554107587472534],[-76.454571339382525,3.2556378382397386],[-76.454501543867252,3.2560922348492922],[-76.454502848617437,3.256474678454905],[-76.454575579878011,3.2568807803163402],[-76.454797322155798,3.2571013942219249],[-76.455168073369649,3.2574106435233809],[-76.455576775340134,3.2575705150488106],[-76.456052733717229,3.2576644848282146],[-76.456409784709336,3.2577588645128581],[-76.456719434595811,3.2579012136744701],[-76.457149219255172,3.2584016924998092],[-76.457960569734823,3.2588322144998241],[-76.458672874759401,3.2588744920699284],[-76.459126703346143,3.2588091942386774],[-76.459624137248113,3.2589184957981017]]]]},"properties":{"OBJECTID":1,"FID_CoberturaTierra_COLOMBIA2022":213190,"codigo":511,"leyenda":"Ríos (50m)","insumo":"Landsat_2022_mediana_09032023","apoyo":"Mediana_sentinel_2022_230220_utm_Z18N, Mosaico_Planet_032022_NICFI","confiabili":"SI","cambio":2,"nivel_1":"SUPERFICIES DE AGUA","nivel_2":"Aguas continentales","nivel_3":"Ríos (50m)","nivel_4":" ","nivel_5":" ","nivel_6":" ","area_ha":16503.772591267898,"FID_Cuenca_Cau_RíoPalo":1,"OBJECTID_1":99,"COD_AH":2,"nom_ah":"Magdalena Cauca","COD_ZH":26,"nom_zh":"Cauca","COD_SZH":2604,"nom_szh":"Río Palo","ruleid":3,"SHAPE_Leng":2.20103318471,"Shape_Length":17856.343757603237,"Shape_Area":396335.9017999628}},{"type":"Feature","id":2,"geometry":{"type":"MultiPolygon","coordinates":[[[[-76.393707409418496,3.1368158432844786],[-76.393754894806946,3.1368370899749936],[-76.393940277109891,3.1369191173189015],[-76.394088207894129,3.1369823199543023],[-76.394286350103386,3.137060087213289],[-76.394486992458937,3.137131083716691],[-76.394689906391733,3.1371952261893039],[-76.394817994975668,3.1372318624930711],[-76.394899574429843,3.1372542617846642],[-76.39497643922995,3.1372748432985156],[-76.395183197255008,3.137325069463444],[-76.395391525152931,3.1373682478423159],[-76.395554878174408,3.1373963602412243],[-76.39552315975466,3.1372536295945612],[-76.395451775633433,3.1369680939217699],[-76.395398206658996,3.1367538177824792],[-76.395324845632743,3.1367480490757065],[-76.395224472915345,3.1368023114737817],[-76.39509485706148,3.1365754829517147],[-76.394952089550387,3.1363256396282244],[-76.394737937697442,3.1361471797071512],[-76.394452403370693,3.1362542561865889],[-76.394202559281766,3.1363970237575658],[-76.393952715979722,3.1365397913392825],[-76.393667181273287,3.1366468669024354],[-76.39359972671177,3.1367649104052924],[-76.393707409418496,3.1368158432844786]]],[[[-76.410287212730509,3.1998968944657813],[-76.411142869983522,3.199750608733019],[-76.411550062443311,3.1996017253357301],[-76.411783542872612,3.199318192058028],[-76.412780697959619,3.1988128711028763],[-76.413705557796334,3.1980209439677791],[-76.413756921113162,3.1978818636028437],[-76.414129822616815,3.1968721301299965],[-76.414765508913376,3.1949337778996925],[-76.414904875414521,3.1939293430824423],[-76.414473731361156,3.1929985254964151],[-76.414493168817529,3.1929092043470986],[-76.414270272773578,3.1927051945667184],[-76.413769801738667,3.1923841614517694],[-76.413376701807991,3.1921703378401545],[-76.413233304209058,3.1919556794735926],[-76.413231527334901,3.1914178435615765],[-76.413337238997059,3.191023074864447],[-76.413479097421202,3.1907716079064863],[-76.413549493254081,3.1904845248098694],[-76.413583506598997,3.18998242612343],[-76.413653665778213,3.1896236309565018],[-76.413901592306502,3.1890849632198304],[-76.414285657590398,3.1887351928645815],[-76.414599595839647,3.1879065456551499],[-76.415312791403935,3.1878324547639219],[-76.416170091338586,3.188188153754024],[-76.417168419271732,3.1880413990592045],[-76.417602688353384,3.1880181201107431],[-76.418212179230096,3.1885111719311312],[-76.418534407360369,3.1888686550666399],[-76.418713950200029,3.1892266145394306],[-76.419101921291968,3.1894847278955631],[-76.419855435698764,3.1892228005223755],[-76.419960789910888,3.1887204665861271],[-76.420529872427451,3.188216583329655],[-76.421027372863222,3.1876412280516919],[-76.421215512727386,3.1871472226631488],[-76.421402738398598,3.1868081190422144],[-76.421895660367738,3.1862441687817586],[-76.421963036028828,3.1856786878793151],[-76.421732855965189,3.1852365316431137],[-76.421332888754279,3.1852155366479247],[-76.421125971149706,3.1850951361032083],[-76.420661890170663,3.1849891168284952],[-76.41996554277371,3.1848817556446156],[-76.419941347595753,3.1847543872040385],[-76.420300187091854,3.1843105430452652],[-76.42047008225417,3.1839083896881699],[-76.420868841874764,3.183677582190962],[-76.421496843710798,3.1837328554969599],[-76.422296824621853,3.1840170315620826],[-76.422868701141908,3.184359336513491],[-76.423285587377023,3.184450996760344],[-76.423378813436926,3.1842889281300089],[-76.42347901186389,3.1841003136667885],[-76.423572815162288,3.1839084049326427],[-76.423660116208652,3.1837134218223793],[-76.42374081597471,3.1835155860103042],[-76.423814821738731,3.1833151236665449],[-76.423882050674621,3.1831122636381917],[-76.423942424453202,3.1829072356603665],[-76.423995874652832,3.1827002757589438],[-76.424042340042121,3.1824916199354685],[-76.424081769279212,3.1822815050616216],[-76.424085543907665,3.1822590941524442],[-76.424110377054433,3.1821100532904052],[-76.424138948697575,3.1819211316571638],[-76.424164174136067,3.1817088209744795],[-76.424182252580763,3.181495774357944],[-76.424193161474122,3.1812822358097317],[-76.424196890841415,3.1810684492897421],[-76.424196950922465,3.1809726302051042],[-76.424196647692682,3.1809189256987427],[-76.424282936447213,3.1807254496446689],[-76.424363635519569,3.1805276132554616],[-76.424437641521934,3.1803271512197426],[-76.424504869824446,3.1801242905833376],[-76.424559728740746,3.1799390984282909],[-76.424608456471518,3.1797649244269706],[-76.424613971639303,3.1797450906891838],[-76.424667421280589,3.179538130164659],[-76.424706087741129,3.1793669178409409],[-76.424734019436272,3.1792347856708276],[-76.424741817840328,3.1791973415324253],[-76.424748913946374,3.1791595239029729],[-76.42321768697127,3.1791596558051318],[-76.42268573617946,3.1790929010044993],[-76.421880320565492,3.1785796521540726],[-76.421165481614835,3.1781517644452517],[-76.420830819016388,3.1776269943352018],[-76.420507495192496,3.1766608793051709],[-76.420540705923159,3.1765539336841102],[-76.420731757823447,3.1764321302064467],[-76.421301232099793,3.1760477722702052],[-76.422013389861888,3.1756629384724522],[-76.422913426769227,3.1745603646158811],[-76.422701104980845,3.1742660091519381],[-76.422768066130786,3.1737481182479734],[-76.422622390594839,3.1728402568773424],[-76.422192452583403,3.1722679951776422],[-76.421205004252371,3.1716210081917375],[-76.420571602689947,3.1711259991706444],[-76.41985692985287,3.1707459109316014],[-76.419927879262858,3.1700841370803152],[-76.419744333240658,3.1700962802747541],[-76.419521619433212,3.1700373740596905],[-76.419284216330681,3.1700232510614512],[-76.419061844646762,3.1700687241043588],[-76.418869485032431,3.1702184789162029],[-76.418781164034158,3.1704275342730317],[-76.418811617367808,3.1706660181864432],[-76.418930930931069,3.1708594714835527],[-76.419109534589253,3.1710378180516985],[-76.419317562204526,3.171141506542932],[-76.419540376227559,3.1712302361239741],[-76.419777777766171,3.1712443587650028],[-76.419941547019704,3.1714227542550266],[-76.419986787235771,3.1716462762700748],[-76.4198984658548,3.1718553316087608],[-76.41978042723855,3.1720495742599266],[-76.419617785957996,3.1722141422066548],[-76.419410443859277,3.1723192118589068],[-76.419173189123498,3.1723498243197161],[-76.418935786271902,3.1723357009044046],[-76.418698383373936,3.1723215792340422],[-76.418460980417748,3.1723074556948481],[-76.418223626450455,3.1723082452559619],[-76.417971338883362,3.1722792595257872],[-76.417733837714792,3.1722353139745505],[-76.417511465232124,3.172280787268527],[-76.417304123355734,3.1723858567381731],[-76.41715641390546,3.1725801991451474],[-76.417008656286825,3.1727596293096409],[-76.416846014101324,3.1729241965099018],[-76.416831227628478,3.172939157168658],[-76.416594511310336,3.1731337935527617],[-76.416357204812485,3.1731494942761387],[-76.416163961818953,3.1730308428389442],[-76.415970669835801,3.1728972808301874],[-76.415733365015654,3.1729129795480624],[-76.415585655059274,3.1731073221279447],[-76.415616109398982,3.173345806834782],[-76.415661347621665,3.1735693308635495],[-76.415765877199817,3.1737777454599492],[-76.415870405960661,3.1739861618093297],[-76.415974983826587,3.1742094885883207],[-76.416049992384686,3.174462736660697],[-76.416095230987537,3.1746862605121207],[-76.416155306095305,3.1749097350339692],[-76.416185760146959,3.1751482195206182],[-76.416216214270506,3.1753867039902643],[-76.416172446171359,3.1756105236147376],[-76.416158395567834,3.1758491560187498],[-76.416262925916286,3.1760575711028829],[-76.416456169837289,3.1761762218918248],[-76.416664199350535,3.1762799109856221],[-76.416886965363915,3.1763537288120927],[-76.417124320587376,3.1763529385547518],[-76.417346644774526,3.1762925530140991],[-76.417583999872519,3.1762917635693295],[-76.417614454589398,3.1765302476079169],[-76.417615240097803,3.1767688312327387],[-76.417452599067332,3.1769333999967992],[-76.41721524288829,3.1769341886700819],[-76.416992574938703,3.1768901947262633],[-76.416769906958152,3.176846200713523],[-76.416517521446579,3.1767873939173037],[-76.416294754348243,3.1767135760865464],[-76.416086479304056,3.176535330035005],[-76.415922709203087,3.1763569350009324],[-76.415803196950534,3.1761038349793833],[-76.415757908050054,3.1758653988255658],[-76.415771957852115,3.1756267672333509],[-76.415786007700504,3.1753881338401753],[-76.415800056708278,3.1751495022627934],[-76.415799272916388,3.1749109181732278],[-76.415724364119981,3.1746874928346451],[-76.415724315080709,3.1746725805374436],[-76.41550007761937,3.174151420057723],[-76.415454839263788,3.1739278960137818],[-76.415394765445839,3.1737044212190884],[-76.415290235020237,3.173496004691851],[-76.415170920847501,3.1733025496685556],[-76.415007199961352,3.1731390660667005],[-76.414961912067341,3.1729006295276987],[-76.415079953008657,3.1727063872496961],[-76.415257479392778,3.1725566822135809],[-76.415479802643745,3.1724962969381854],[-76.415702175724064,3.1724508239378602],[-76.415939629263718,3.172479858604925],[-76.416147607793292,3.1725686381883729],[-76.416370274775346,3.1726126324604662],[-76.416607434109451,3.1725521986291527],[-76.416784910072096,3.1723875822213308],[-76.416932619660699,3.1721932398214787],[-76.416932521633896,3.1721634179737634],[-76.417020891957421,3.1719692726878272],[-76.417228282900339,3.1718791147049674],[-76.417465440950963,3.1718186809138436],[-76.417702648834265,3.1717731575550792],[-76.417940100861756,3.1718021927736313],[-76.418162816333336,3.1718610990132756],[-76.418385531784907,3.1719200060805361],[-76.418608296243434,3.1719938226145037],[-76.418830962613043,3.172037818180657],[-76.419053628948703,3.1720818127745489],[-76.419276295256338,3.1721258082030448],[-76.419498667222058,3.1720803337431707],[-76.419616558777776,3.1718413570624264],[-76.419438053831172,3.1716928353065308],[-76.419229927974499,3.1715593215838012],[-76.419007163743188,3.1714855051309718],[-76.418813920597842,3.1713668541851145],[-76.418679625261362,3.1711287152448442],[-76.418560310726932,3.1709352610016595],[-76.418411132019529,3.1706822598168976],[-76.418410347839824,3.1704436772667277],[-76.418468950867833,3.1702198090286862],[-76.418468754840475,3.170160162716777],[-76.418601824582126,3.1700255172229843],[-76.418749582693223,3.1698460866366811],[-76.418971808304306,3.1697558796620995],[-76.419209062587996,3.1697252687876736],[-76.419446317698544,3.1696946578706329],[-76.419668690112388,3.1696491848465893],[-76.419846214932818,3.1694994802961074],[-76.419934437711277,3.1692606016011426],[-76.419933605424944,3.1690071080934468],[-76.419917985921074,3.1687685751786381],[-76.419902367381852,3.1685300422519105],[-76.419886748908496,3.1682915093162403],[-76.419945351902101,3.1680676405608148],[-76.420122876606058,3.1679179362960301],[-76.420345198640192,3.1678575522496413],[-76.420582551067383,3.1678567642090263],[-76.420819806324332,3.16782615257558],[-76.421057206733906,3.1678402757488251],[-76.421185985027051,3.1679044647923207],[-76.421265135118915,3.1679141435247367],[-76.421502488228455,3.1679133552553713],[-76.421739840379828,3.1679125669345738],[-76.421962210063867,3.1678670939429443],[-76.422184580577579,3.167821620921401],[-76.422436423796825,3.1677164032481735],[-76.422643763614929,3.1676113343126233],[-76.422851153280632,3.1675211757585466],[-76.423102849132121,3.1673712251366473],[-76.423310040712849,3.16722142057912],[-76.423487565194563,3.167071717316547],[-76.423561001813198,3.1668477999895477],[-76.423500927909288,3.1666243270978445],[-76.423351995606211,3.1664458836322136],[-76.423188228062955,3.1662674902621846],[-76.423009724187807,3.1661189677268693],[-76.42283122125194,3.1659704451016619],[-76.422608459225486,3.1658966265909094],[-76.422400481708436,3.1658078492669119],[-76.422313856313338,3.1657972556868943],[-76.42231397790232,3.1658345352779382],[-76.422222516847796,3.1658233506260767],[-76.422043916002423,3.1656450059943317],[-76.421880197709584,3.1654815215250127],[-76.421716480372609,3.1653180387770479],[-76.421523142326237,3.1651695648034552],[-76.421329804318816,3.165021090733029],[-76.421151300770759,3.1648725682534709],[-76.420987582723782,3.1647090851616886],[-76.420779360568773,3.1645457478007959],[-76.420482132845478,3.1643827073257587],[-76.42048208390068,3.1643677960034888],[-76.420288746999503,3.1642193205049298],[-76.420050710242293,3.1640113489667718],[-76.419857420569997,3.1638777854887348],[-76.419664181650717,3.1637591341528002],[-76.419456156344992,3.1636554432463608],[-76.41926291655723,3.1635367908393861],[-76.419084414297302,3.1633882664925639],[-76.41896510218109,3.163194812291545],[-76.41881617017323,3.1630163658766359],[-76.418726479046256,3.1628079018914335],[-76.41863678709008,3.1625994369581405],[-76.418576716063313,3.1623759623412813],[-76.418575933901352,3.1621373788909133],[-76.418664159187514,3.1618985015397185],[-76.418811867857301,3.161704161746909],[-76.419004178359032,3.1615394981878189],[-76.419211469825783,3.1614195186507059],[-76.419433840024823,3.1613740475893266],[-76.419671191201061,3.1613732604656715],[-76.419908542323881,3.1613724750945926],[-76.420145991174763,3.1614015123259982],[-76.420383342179747,3.1614007250319558],[-76.42062064512659,3.1613850272631248],[-76.420857849302067,3.1613395068158745],[-76.42108012121885,3.1612642119649186],[-76.421302441970795,3.1612038302181658],[-76.421613426416641,3.1610387716190269],[-76.421628211865809,3.1610238120541334],[-76.421775919572653,3.1608294716683769],[-76.4218345242558,3.1606056045801165],[-76.421744734832401,3.1603673177744955],[-76.421625424404624,3.1601738640309662],[-76.421446923343481,3.160025339824676],[-76.421268371639002,3.1598619042262799],[-76.419600712741271,3.1579736585638112],[-76.419600664807163,3.1579587472229265],[-76.419436851338659,3.1577654388317824],[-76.419243515721462,3.1576169625292492],[-76.419035444334526,3.1574983587949355],[-76.418827419979564,3.1573946663228778],[-76.418604757416233,3.1573506682370245],[-76.418367406885025,3.1573514532133107],[-76.418130153899824,3.1573820608575653],[-76.417892852042897,3.1573977570975975],[-76.417284592417815,3.1573848558228517],[-76.417284640312971,3.1573997681035868],[-76.417047289441811,3.1574005527892801],[-76.416720784984292,3.1573568965925025],[-76.416483385203563,3.157342769751355],[-76.416246034148799,3.1573435551425733],[-76.41600858638401,3.1573145158810672],[-76.41577118644642,3.1573003888549076],[-76.415563064237503,3.1571668716207855],[-76.415473325563056,3.1569434937717369],[-76.415428091042102,3.156719968848539],[-76.415471862915126,3.1564961498790418],[-76.415560187617913,3.1562870962239509],[-76.415722781701376,3.1561076185858843],[-76.416803549721408,3.1554479382374137],[-76.416818384072513,3.1554478892301208],[-76.417040461400049,3.1553129507804138],[-76.417247801812749,3.155207885009303],[-76.417485054616861,3.1551772780783574],[-76.41772235610874,3.155161581572719],[-76.41795980383921,3.1551906209203686],[-76.418182514736174,3.1552495310407922],[-76.418390488834987,3.1553383128287389],[-76.418583774947265,3.1554718776321202],[-76.418791749060674,3.1555606601566542],[-76.419014508703654,3.1556344822108389],[-76.419237220435093,3.1556933919317562],[-76.41947457037331,3.155692607167853],[-76.419696841048633,3.1556173138164629],[-76.419859481637914,3.1554527486561685],[-76.420037007073176,3.1553030467042502],[-76.420244345631119,3.1551979797621246],[-76.420466665707906,3.1551375986457146],[-76.420688937806219,3.1550623061847953],[-76.42089632583891,3.1549721505507597],[-76.421103713802069,3.1548819958175214],[-76.421221704709268,3.1546728440391552],[-76.421206040787297,3.1544193998603354],[-76.421131136571788,3.1541959745037667],[-76.420937900749067,3.1540773206844803],[-76.420685814850358,3.1541079779715324],[-76.420463446203186,3.1541534466536745],[-76.420226144744618,3.1541691425939815],[-76.41998884501777,3.1541848384815858],[-76.419751593106071,3.1542154465654741],[-76.419543618616061,3.1541266649353075],[-76.419379904948826,3.1539631776334369],[-76.419245762392492,3.1537697713339359],[-76.419023002432155,3.153695949817044],[-76.418939394643331,3.1536458991369178],[-76.418919064869982,3.1536664701947323],[-76.418681665601028,3.153652342977487],[-76.418444364674755,3.1536680375066997],[-76.418207258677256,3.1537433792398453],[-76.417999968349349,3.1538633570476433],[-76.417659216041855,3.1539986863166445],[-76.417644380825593,3.1539987353164607],[-76.417436992804426,3.1540888894875678],[-76.417214623265664,3.1541343585234021],[-76.416977369694919,3.1541649660489441],[-76.416710302076964,3.154150935545843],[-76.416472951802874,3.1541517201968383],[-76.416250289627953,3.1541077198333722],[-76.416027529982358,3.1540338975149194],[-76.415819555950733,3.1539451147457682],[-76.415626270124804,3.1538115478231661],[-76.415492225202087,3.1536479630616112],[-76.415477342145763,3.153633099714884],[-76.415328413328652,3.1534546515319937],[-76.415179484575219,3.1532762041750058],[-76.415074962428193,3.1530677861768504],[-76.415029729038267,3.152844260946138],[-76.415028950046789,3.1526056765642614],[-76.414998452867366,3.1523522795435528],[-76.414982839675588,3.1521137449845713],[-76.414996896106203,3.151875112562327],[-76.415025786015306,3.151636431226442],[-76.415039840749301,3.1513977988254624],[-76.415039063015371,3.1511592153399941],[-76.415038284441891,3.1509206318562044],[-76.41515627772371,3.1507114799195342],[-76.415363666976319,3.1506213258126707],[-76.415823434795072,3.1505899866439155],[-76.415823386133269,3.1505750761482356],[-76.416060785325371,3.1505892039261334],[-76.416313017859679,3.1506032836239752],[-76.416550463824834,3.1506323235722782],[-76.416802599790486,3.1506165812648903],[-76.417040047448637,3.1506456210765714],[-76.417277493264351,3.1506746608252003],[-76.417470729258653,3.1507933155720944],[-76.417634442815654,3.1509568031480417],[-76.417753798803119,3.1511651716127829],[-76.417947229731496,3.1513434715741995],[-76.418169939577652,3.1514023835015808],[-76.418407192279716,3.1513717773280532],[-76.418569833353743,3.1512072128604456],[-76.418524599891754,3.1509836885052382],[-76.418405243010767,3.1507753211807326],[-76.41828593580297,3.1505818642438945],[-76.418166579066551,3.1503734949813667],[-76.418106511648091,3.1501500203189843],[-76.418090898370579,3.149911485634616],[-76.418104953660617,3.1496728539728012],[-76.418119009002979,3.1494342223169172],[-76.418133064397679,3.1491955906669582],[-76.41816190630901,3.148941998731142],[-76.418205678044444,3.1487181797138546],[-76.41821973358833,3.1484795489956405],[-76.418218954954597,3.1482409662956252],[-76.418173723262001,3.1480174407857366],[-76.418054416039851,3.1478239843290394],[-76.41784639543225,3.147720288524817],[-76.417579328888849,3.1477062564602041],[-76.417416687441758,3.1478708212592892],[-76.417283810812734,3.1480651101442576],[-76.416781293219174,3.1486334070408839],[-76.416766458964005,3.1486334559419205],[-76.416648417338848,3.1488276960740054],[-76.416471086385783,3.1490370432450434],[-76.416278676951094,3.1491718815036971],[-76.416056503399901,3.1492769956892217],[-76.415819397292779,3.1493523359786555],[-76.415596638053742,3.1492785115203579],[-76.415373929237589,3.1492195992836591],[-76.415136432945843,3.1491756472736001],[-76.41491377180715,3.1491316463021044],[-76.414661490671207,3.1491026535326192],[-76.414438828565039,3.1490586533263571],[-76.414201381637753,3.1490296115370082],[-76.413964130027395,3.1490602171971904],[-76.413756739613305,3.1491503699184675],[-76.413564331074781,3.1492852080711682],[-76.413416571264847,3.149464634861955],[-76.41326856744638,3.1495695035892872],[-76.413224160805342,3.1495994739711688],[-76.413061615182428,3.1497938611330905],[-76.412884137049971,3.1499584743138747],[-76.412736424760155,3.1501528117839839],[-76.412588663819605,3.1503322387460515],[-76.41239635207431,3.1504969008898502],[-76.412203892614897,3.1506168277989817],[-76.411966737359805,3.1506772554725364],[-76.411744075228768,3.1506332540228885],[-76.411536053017585,3.1505295577838184],[-76.41141674540431,3.1503360986363305],[-76.41143080221542,3.1500974644924176],[-76.411474577285503,3.1498736459375496],[-76.411562903124519,3.1496645905366263],[-76.411740430303198,3.1495148897759515],[-76.411932888044959,3.1493949631203999],[-76.412140083767198,3.1492451638117944],[-76.412317610749753,3.14909546311902],[-76.412480254750733,3.1489308989402152],[-76.412628014889549,3.1487514721886245],[-76.412701457636132,3.1485275553372802],[-76.412685846831081,3.1482890200912701],[-76.41255165695641,3.1480806975008071],[-76.412343489898674,3.1479322665901197],[-76.412150255227473,3.1478136087592365],[-76.41194218536296,3.1476950005680879],[-76.411734066053299,3.1475614799189082],[-76.41155556775557,3.147412950988163],[-76.411534401553922,3.1473498117737342],[-76.411335596791957,3.1473350970590568],[-76.411132867845168,3.1472063521596882],[-76.410911808316641,3.1470961549973757],[-76.41072741002111,3.1469488611740353],[-76.410634730425642,3.1467273172665777],[-76.410597164890063,3.1464871027256343],[-76.410670008758359,3.1462650135783115],[-76.410724461868568,3.1460429849269458],[-76.410692192164888,3.1459839757025603],[-76.410674901216595,3.1459831182490068],[-76.4100508652229,3.1460449302271525],[-76.409456165269603,3.1459871245395887],[-76.409247603227456,3.1458384087751452],[-76.409186695068215,3.1453904061591365],[-76.409393410780496,3.1449714026646571],[-76.409719028324773,3.1445520104775619],[-76.409895242445728,3.1438940665994801],[-76.409893494094504,3.1433562292117001],[-76.409564284402578,3.1426700650032879],[-76.409146868811305,3.1422829931095997],[-76.408522252305417,3.142165522163626],[-76.408166229031011,3.1423758515398328],[-76.407898410876243,3.1422870895339545],[-76.407540349831635,3.1418699411153548],[-76.407508878596332,3.1413321989751268],[-76.407596503342077,3.140853826823832],[-76.407922897654728,3.140673474634387],[-76.408237442126492,3.1405872417828409],[-76.408244495579211,3.1405096481025496],[-76.408377745948656,3.1403383271253866],[-76.408507900180837,3.1401523928624622],[-76.408514976423533,3.13992452684914],[-76.408572681242774,3.1393864928076249],[-76.408541404855626,3.1389085110755124],[-76.408391325248516,3.1384607999017891],[-76.408389871426778,3.1380125996706298],[-76.408435541836539,3.1379465603479759],[-76.408284160347293,3.1378915114737524],[-76.408022418773001,3.1377487436239555],[-76.40776067811835,3.1376059756268941],[-76.40752273199675,3.1374394135786403],[-76.407284785923238,3.1372728522961655],[-76.40727134329893,3.1372594084939216],[-76.407251665993073,3.1373413955678293],[-76.40715648686259,3.1375912390521501],[-76.406918541308343,3.1378648768313182],[-76.406621108921016,3.1381147207300861],[-76.406121421909631,3.1382574879371785],[-76.405752604883347,3.1382574879626621],[-76.405264815565516,3.138257488053469],[-76.404812717663404,3.1382574876031772],[-76.404562874686789,3.1383050772218053],[-76.404277340344876,3.1383050769194614],[-76.404110777275648,3.1382098988144338],[-76.404051291265091,3.1379957474838571],[-76.404051291005047,3.1378291849686684],[-76.404027495554146,3.1375555471768148],[-76.40401559885504,3.1373176007997312],[-76.403932317769545,3.1371034495468009],[-76.403777652947085,3.1369368871061201],[-76.403492117079196,3.1369249902116381],[-76.40332555542129,3.137055859604287],[-76.403206581607691,3.1371153465382431],[-76.402754485387518,3.137179592172382],[-76.402487984717752,3.1371224846024877],[-76.402145342552643,3.1369321282951503],[-76.401821736251421,3.1367227357148364],[-76.401555236418247,3.1366656286232772],[-76.401250664850295,3.1366465925725064],[-76.400869951052513,3.1366085216135096],[-76.400260808808397,3.1365894859967525],[-76.399784917448713,3.1365894862378432],[-76.399537453003276,3.1366656290685899],[-76.39930902478612,3.1367798425585542],[-76.398871203628261,3.1369321276883371],[-76.398338204993394,3.1369321278878157],[-76.398052670152126,3.1368940566825732],[-76.397633884305321,3.1367798429695015],[-76.397367385424204,3.1366846639507284],[-76.397100884616052,3.1366275572471314],[-76.396635731650903,3.1366407289021447],[-76.396400363075827,3.1368326265967701],[-76.396379765620892,3.1368310070493792],[-76.396379766322951,3.1369680940987732],[-76.396379765850355,3.1372536303111183],[-76.396379766253546,3.1374759964149233],[-76.396471008909288,3.1374798716378192],[-76.396626353293911,3.1374845403903522],[-76.396839063703354,3.1374846796802931],[-76.397051657252192,3.1374775978332625],[-76.397263891288489,3.1374633028744463],[-76.397475524978617,3.1374418091475271],[-76.397512916161588,3.1374372554765526],[-76.397528008867866,3.1374353712231628],[-76.397683220520932,3.1374196081812893],[-76.397894009422515,3.1373909426592217],[-76.398103717306256,3.1373551368699673],[-76.398306102602817,3.1373134679412078],[-76.398407697620456,3.1374455798477459],[-76.398543399153908,3.1376102354230877],[-76.39866470704645,3.1377483460365738],[-76.398746742692012,3.1378390495959003],[-76.398766592122442,3.1378608930539835],[-76.398913041980421,3.1380159636227165],[-76.399064618393666,3.1381659732773795],[-76.399221149134902,3.1383107509188393],[-76.399338559536147,3.1384131407573954],[-76.399445219516792,3.1385038612153298],[-76.399489114796467,3.1385408531447458],[-76.399655011546926,3.1386746778951093],[-76.399825310112021,3.1388027954002435],[-76.399999815866849,3.1389250572228069],[-76.400178331525069,3.1390413257763159],[-76.400272791952858,3.1390994425577214],[-76.400395887023805,3.1391736883991155],[-76.400483744998297,3.1392257120348277],[-76.400669660812184,3.1393296003063731],[-76.400858961527149,3.1394271178958815],[-76.401051431063777,3.1395181525773475],[-76.401246848875047,3.1396026002710236],[-76.401444991749784,3.1396803668444861],[-76.401457553982468,3.139685038239401],[-76.401613490603665,3.1397428279953314],[-76.401801572207489,3.1398091523914728],[-76.401957861840501,3.1398585557917333],[-76.40197375827546,3.1399438753757836],[-76.402019954489006,3.1401525893120459],[-76.402073136988719,3.1403596179696796],[-76.402078433576833,3.1403787659424673],[-76.402142521127033,3.1406090846590788],[-76.402182080690366,3.1407453483983514],[-76.40224617247857,3.1409572443880704],[-76.402261425099255,3.1410069367895246],[-76.402296574434132,3.1411163159224205],[-76.402351529166637,3.1412821557792725],[-76.402383344920111,3.1413757242421743],[-76.402457090916187,3.141576281586568],[-76.402537533467665,3.1417742212907975],[-76.402624580160662,3.1419693159782067],[-76.402640147625533,3.1420024331567089],[-76.402731777520998,3.1421959244784827],[-76.402809764058347,3.142354836798293],[-76.402836150059642,3.1424061767273446],[-76.403015263381505,3.1427508271184568],[-76.403040162696797,3.1427982499324405],[-76.403142616742358,3.1429913857570528],[-76.403191282441441,3.143081367172476],[-76.40329751915425,3.1432666095619815],[-76.403409918575136,3.1434481383160562],[-76.403528354207012,3.1436257487578247],[-76.403629452581171,3.1437677407202433],[-76.403719121089779,3.1438900754096122],[-76.403742355485235,3.1439215709333603],[-76.403786575501385,3.1439804061658103],[-76.403869846935152,3.1440898701885103],[-76.403955720515327,3.1442002029194613],[-76.404091423265314,3.1443648576553818],[-76.404232581747181,3.144524810852837],[-76.404268827461664,3.1445641753231062],[-76.404358520415116,3.1446607608833088],[-76.404468725659626,3.1447764660726207],[-76.404620304925999,3.1449264765747325],[-76.404776835760288,3.1450712541383119],[-76.404938144158592,3.1452106349013396],[-76.404974504635618,3.145240763671715],[-76.405044992743711,3.1452987292049954],[-76.405174529869797,3.1454024250756585],[-76.405344831018695,3.1455305415341854],[-76.405400543970714,3.1455705349433343],[-76.405509476907483,3.1456478384939883],[-76.405628271337207,3.1457301058145117],[-76.4058067876541,3.1458463723450891],[-76.40598910844291,3.1459565134565262],[-76.406175026557861,3.1460604006335431],[-76.40636432860272,3.1461579180302852],[-76.406556800288243,3.1462489516112644],[-76.406752219274239,3.1463333991128408],[-76.406950364139959,3.1464111645931223],[-76.407046373704688,3.1464451357400671],[-76.407046340560413,3.1464971465457832],[-76.407046401633508,3.1465294795653196],[-76.407047977180326,3.1468844323966301],[-76.407051372306015,3.1470658894963988],[-76.407062008233623,3.1472794419017149],[-76.407076881254838,3.1474626356873778],[-76.407089840657122,3.147597977388124],[-76.407092772597665,3.1476278507737252],[-76.407117726969602,3.1478401933467608],[-76.407149801173873,3.1480515683864918],[-76.407188959370316,3.1482617329733062],[-76.40720581697488,3.1483418185457519],[-76.407236164388706,3.1484815300368454],[-76.407265504181311,3.1486101593125122],[-76.407318687875488,3.148817188788803],[-76.407378797751093,3.1490222927695042],[-76.407415145620647,3.1491324447854465],[-76.40742939036474,3.1491878959985735],[-76.407436653620579,3.1492268756048669],[-76.407482851280633,3.1494355903478253],[-76.407536034322533,3.1496426188170203],[-76.407596144449428,3.1498477226841621],[-76.407663112599252,3.1500506699806898],[-76.407674959542845,3.150084341092088],[-76.407713960732494,3.1501941879579229],[-76.407775860136866,3.1503610738160179],[-76.40785630392709,3.1505590130582104],[-76.407943352739309,3.1507541081057826],[-76.408036907884792,3.1509461379297656],[-76.408136860781738,3.1511348797270133],[-76.408243098389292,3.1513201215508961],[-76.408355499574071,3.151501650578159],[-76.408473936035477,3.1516792612371263],[-76.408598273180985,3.1518527479771739],[-76.408728367465059,3.1520219161189842],[-76.408770929532096,3.1520747858244929],[-76.408911470294555,3.1522474565470535],[-76.4090046125458,3.1523592416718413],[-76.409145772566347,3.1525191948954854],[-76.409292225888763,3.152674263662731],[-76.409444221690208,3.1528242384503149],[-76.409448551820958,3.1528710317067548],[-76.409454453194243,3.1529272447140757],[-76.40948846408287,3.153237840853917],[-76.409507516143805,3.153393971489451],[-76.409539590337076,3.1536053457294968],[-76.40957874943463,3.153815510362818],[-76.40962494861472,3.1540242252106667],[-76.409678132284512,3.1542312546470899],[-76.409728572250486,3.1544050194682471],[-76.40978369918578,3.1545853080838469],[-76.409793369982253,3.154616647146268],[-76.40986033791377,3.1548195934924257],[-76.409934085813489,3.1550201503830904],[-76.410014530250663,3.1552180904156022],[-76.410101579699059,3.1554131844072462],[-76.410195135477053,3.1556052140406043],[-76.410295089001053,3.15579395651383],[-76.41040132722263,3.1559791980746392],[-76.410448716222646,3.1560574044751055],[-76.410508512741757,3.1561544983760679],[-76.41057352554698,3.1562578206885377],[-76.41069196263166,3.1564354318905083],[-76.410816299485916,3.1566089191443392],[-76.410946395253021,3.156778085956423],[-76.411001775534885,3.1568466512421298],[-76.411066176580775,3.1569252603479518],[-76.411146502055814,3.1570213476581745],[-76.411203487238041,3.1570862187757136],[-76.41117961920321,3.1571933893356645],[-76.411140191301996,3.1574035046657354],[-76.411107844525247,3.157614837093349],[-76.411088947944023,3.1577677380384706],[-76.411071595405289,3.1579236324813675],[-76.411065265108988,3.1579830406106186],[-76.411047186125032,3.158196085916805],[-76.411036274899075,3.158409624348506],[-76.41103254501671,3.1586234110182558],[-76.41103600107823,3.1588372019715432],[-76.411039487530431,3.1589246771570734],[-76.411045157016574,3.1590459364015029],[-76.411052307297467,3.1591720116254121],[-76.411070113127565,3.1593850802997938],[-76.411095068374749,3.1595974233655411],[-76.411127143486667,3.1598087978839025],[-76.411166302624949,3.1600189627438189],[-76.411212500965803,3.1602276777673124],[-76.411265686506454,3.1604347064140037],[-76.411325797351083,3.1606398103693163],[-76.411392765332479,3.1608427576636648],[-76.411466513289184,3.1610433145503749],[-76.411547008507597,3.1612413718136172],[-76.411633217750392,3.1614436410604116],[-76.411720166798645,3.1616384994390043],[-76.411740303099592,3.1616812424733198],[-76.411803486431111,3.1618140863046276],[-76.411876907877087,3.1619633717803657],[-76.411976862487876,3.1621521148863656],[-76.412083101794991,3.1623373570344313],[-76.412195504661042,3.1625188854040256],[-76.412313942787449,3.1626964962332109],[-76.412415261869953,3.1628387841184957],[-76.412495723030105,3.1629485422995867],[-76.412518741842504,3.1629797412477161],[-76.412648838672126,3.1631489084713253],[-76.412661871809348,3.1631647246984507],[-76.412672342355691,3.1632538118708156],[-76.41270441774796,3.163465185860113],[-76.412743577176414,3.1636753510585494],[-76.412789776711719,3.1638840663823995],[-76.412842961653425,3.1640910953008712],[-76.412903072797718,3.1642961985877602],[-76.412938222665147,3.1644055716482455],[-76.412980215311933,3.1645322919690098],[-76.413012034647295,3.1646258663920763],[-76.413085783849979,3.1648264243270421],[-76.413166228689178,3.1650243626163821],[-76.413253279453386,3.1652194583976057],[-76.41328057649352,3.1652772084044831],[-76.413368083899044,3.165459950522457],[-76.41341500093219,3.1655585839392812],[-76.413459565697508,3.1656571799596249],[-76.41349133491039,3.1657263565344942],[-76.413584892164934,3.1659183859540008],[-76.413684847160681,3.1661071281355011],[-76.413746866899956,3.1662170164358048],[-76.413872931861249,3.166435275690187],[-76.41391715183633,3.1665106285577709],[-76.414029555148986,3.1666921576869598],[-76.414042850874907,3.1667120963401882],[-76.414011088830733,3.1667830363283338],[-76.41400619473248,3.1667945120105485],[-76.413881745132727,3.1670870874746591],[-76.413825343380452,3.1672257483623723],[-76.413674268778038,3.16729800518663],[-76.413610317391303,3.1673290376522893],[-76.413570118315675,3.1673490044638255],[-76.413429633565812,3.1674194120605685],[-76.413280401771189,3.1674967149262647],[-76.413094346065904,3.1676003608847916],[-76.41291187906485,3.1677102649715954],[-76.412733209774288,3.1678263000141405],[-76.412645420686246,3.1678865371901428],[-76.412509034914549,3.1679818215522006],[-76.412422156005277,3.1680436205151064],[-76.412251686574407,3.1681715152581775],[-76.412085612999647,3.1683051242996632],[-76.41192412263814,3.16844429614427],[-76.411767401017272,3.1685888693644193],[-76.4116156246739,3.1687386816584797],[-76.411553606431099,3.1688029045223693],[-76.411466800286505,3.1688940757190611],[-76.411382163953931,3.1689847319922158],[-76.411240796858891,3.1691445021516786],[-76.411104877546052,3.1693089802986889],[-76.410974562697206,3.1694779788990215],[-76.410850001783245,3.1696513041177679],[-76.410782795833683,3.1697518046625781],[-76.410746463241281,3.1697989212895212],[-76.410621902281491,3.1699722474661871],[-76.410510537438427,3.1701384007381241],[-76.410390461578388,3.1703238185041309],[-76.410383158971385,3.1703351206131125],[-76.410270521874878,3.1705165033001044],[-76.410164043910981,3.1707016068482545],[-76.410063845730647,3.1708902194471973],[-76.409970041684417,3.1710821265967222],[-76.409882739813597,3.1712771083963021],[-76.409802039165541,3.1714749431679481],[-76.409728031579476,3.1716754038364301],[-76.409669215126314,3.1718515779001732],[-76.409623735690161,3.1719947350091742],[-76.409615323168012,3.1720214204580408],[-76.409554946656485,3.1722264463891108],[-76.409501495541804,3.1724334044831193],[-76.409455027481727,3.1726420596455149],[-76.409415596529726,3.1728521740830491],[-76.409383249533875,3.1730635055087233],[-76.409358020773581,3.1732758161942685],[-76.409339940909106,3.1734888611954695],[-76.409338381530759,3.1735124377135526],[-76.409328556939144,3.1736653859076789],[-76.409319204362916,3.1738553474174327],[-76.409317600549798,3.173908657050148],[-76.409310948120449,3.1741657414269349],[-76.409308820591221,3.1743262179610974],[-76.409312275330734,3.1745400092098226],[-76.409316125369671,3.1746351618099879],[-76.409322525167937,3.1747685947132149],[-76.409324612113295,3.1748093646888456],[-76.409347196886188,3.1752245421277001],[-76.409351895468234,3.1753021701461468],[-76.409369701213095,3.1755152388857169],[-76.409394655589054,3.1757275819099817],[-76.409426729938474,3.175938956277272],[-76.409465888421678,3.1761491217801971],[-76.409491917571629,3.1762707616644565],[-76.409536946123637,3.1764715676588655],[-76.40955711478442,3.1765586433225175],[-76.409610299026781,3.1767656723735991],[-76.409670410459356,3.1769707757141172],[-76.409737378216789,3.1771737222876335],[-76.409765717667312,3.1772532828934645],[-76.409814020348733,3.1773860824123155],[-76.409859429646403,3.1775070805567629],[-76.409939874126252,3.177705019576075],[-76.410026924605788,3.1779001160115272],[-76.410120481473641,3.178092144323438],[-76.410141259536971,3.1781326669760634],[-76.410153763302191,3.1781568391424755],[-76.410121361246368,3.1782012082581552],[-76.410011159908706,3.1783550715480082],[-76.409955546224126,3.1784339830360193],[-76.40983687736059,3.1786114385881201],[-76.409724238957821,3.1787928222736639],[-76.409617759764188,3.1789779249651007],[-76.409517561334681,3.1791665366549826],[-76.409423755325719,3.1793584437544178],[-76.40933645247118,3.1795534254495945],[-76.409277422933314,3.1796962259105541],[-76.409230164042924,3.1798146136629239],[-76.409208492028981,3.1798696478211936],[-76.409134483620008,3.1800701082950638],[-76.409067253000245,3.1802729675596693],[-76.409006875808444,3.1804779922677504],[-76.408953423198099,3.1806849517970148],[-76.408906954605399,3.1808936056256658],[-76.408867524094276,3.1811037195737284],[-76.408856299011887,3.1811718554182624],[-76.408828658889234,3.1813455125041967],[-76.408807535712853,3.1814887093590496],[-76.408782305762017,3.1817010194567859],[-76.408764224778395,3.1819140647151301],[-76.408753311741606,3.1821276020350009],[-76.408749580238108,3.1823413883350531],[-76.408749447441707,3.1825466403037108],[-76.408749352692183,3.1826926872850811],[-76.408751325885575,3.1828553176901386],[-76.40875516162447,3.1830092560050858],[-76.40875664314018,3.1830604160187175],[-76.408767277816651,3.1832739675378976],[-76.408785083545752,3.1834870362484269],[-76.408810037061031,3.183699379190859],[-76.408842111500363,3.183910753417738],[-76.408881270123175,3.184120918724743],[-76.408887753345994,3.1841523277462715],[-76.408919111801112,3.1843023447102201],[-76.408958826588588,3.1844796509813014],[-76.409012011047807,3.1846866797329398],[-76.409072121844204,3.1848917836262891],[-76.409139089904698,3.1850947306958974],[-76.409143037853511,3.185106019883122],[-76.409190134142534,3.1852402533056683],[-76.409200667115272,3.1852688137657306],[-76.409133489460032,3.1853769875607614],[-76.409027009776764,3.1855620910200164],[-76.408926810024482,3.1857507034429196],[-76.408833003650699,3.1859426094269256],[-76.408745699600004,3.1861375908737011],[-76.408720798033741,3.1861966364707195],[-76.408659028535482,3.1863451907223506],[-76.408603228314135,3.1864839785592491],[-76.408529217940142,3.1866844396145306],[-76.408461986313796,3.186887298512544],[-76.408401609078865,3.1870923237123829],[-76.408348155581336,3.187299281886796],[-76.408301687068843,3.1875079370247965],[-76.408262254892918,3.1877180504376397],[-76.408229905907874,3.1879293825477775],[-76.408204676178954,3.1881416929098925],[-76.408198265289414,3.1882081061988607],[-76.408179625468506,3.1884124071081534],[-76.408168208532388,3.1885553080585982],[-76.408164356194135,3.18861150007714],[-76.408150469809144,3.1887125535791547],[-76.408149202474291,3.1887218291457122],[-76.408123972878016,3.1889341386384245],[-76.408105890511266,3.1891471832488052],[-76.40810534509265,3.189157869429704],[-76.408076876126074,3.1892114565325289],[-76.407983069882278,3.1894033629367278],[-76.407895765092761,3.1895983429842509],[-76.407879998229689,3.1896355350997769],[-76.407836436765479,3.1897392054320024],[-76.407771501143472,3.1898998471394466],[-76.407697491901459,3.1901003076547045],[-76.407630258745456,3.1903031660049876],[-76.407569881816002,3.1905081915374631],[-76.407529194423432,3.1906657196156876],[-76.407775712856449,3.1907263646547737],[-76.408052557913862,3.1929482427921299],[-76.409109824551606,3.1998195486183345],[-76.40957329561904,3.1997558565837263],[-76.410287212730509,3.1998968944657813]]],[[[-76.407847205418719,3.2048659690519576],[-76.407843473264634,3.2050797546760084],[-76.407843332437253,3.2052944787259059],[-76.407846786622116,3.205508268306037],[-76.407857420908613,3.2057218197296242],[-76.407875224605462,3.2059348890921684],[-76.407900178029649,3.206147231615736],[-76.407932251622512,3.2063586061692497],[-76.407952590977501,3.2064726356239079],[-76.407981757199224,3.2066279572449159],[-76.40800057577836,3.2067240941602799],[-76.408046773212135,3.2069328094577565],[-76.40809535050478,3.207122984010788],[-76.40813181883486,3.2072570876763642],[-76.408136427340978,3.2072739417162324],[-76.408196537835025,3.2074790461857865],[-76.408207363435636,3.2075134617051972],[-76.408250858443822,3.2076503813850046],[-76.408307002540425,3.2078189124265917],[-76.408380751549032,3.2080194700682787],[-76.408461197310359,3.2082174104895187],[-76.408548248284191,3.2084125054157626],[-76.408582176922593,3.2084840580504381],[-76.408670798985085,3.2086679889782537],[-76.408730429664743,3.2087884656214505],[-76.408735278148754,3.2087979872329671],[-76.408789766039661,3.2089047547775817],[-76.408884873048166,3.2090839767059278],[-76.40889675863427,3.2091054356731656],[-76.408942880035269,3.2091883273952821],[-76.409037235710286,3.2093521106873495],[-76.409098718176281,3.2094530906093173],[-76.409133654821687,3.2095092854183629],[-76.409149918467023,3.2095350112042924],[-76.409210414051515,3.2096473717096554],[-76.409196360638205,3.2098182825907511],[-76.409185446360183,3.2100318191618245],[-76.409181713820189,3.2102456063076352],[-76.409181647959755,3.2103470861676291],[-76.409181577455726,3.2104542045536815],[-76.409185030380712,3.210667995610395],[-76.409195665223564,3.2108815466498712],[-76.409213469499633,3.2110946155809645],[-76.40923842262842,3.2113069585327079],[-76.409270497740081,3.211518332558593],[-76.409309655392676,3.2117284983681156],[-76.409355854334066,3.2119372130629338],[-76.409409038957321,3.2121442419240789],[-76.409469150047642,3.2123493466308433],[-76.409536119416401,3.212552293410051],[-76.409609868999212,3.2127528521356039],[-76.409690315338224,3.2129507926995786],[-76.409723895282752,3.213028156382145],[-76.409768758679689,3.2131296660554129],[-76.409822231213624,3.2132473982917547],[-76.409915789314582,3.2134394276505143],[-76.410015747133443,3.2136281721709037],[-76.410121988894161,3.2138134145027761],[-76.410234395251919,3.2139949454393859],[-76.41035283697714,3.2141725567108947],[-76.410379374361113,3.2142106352203017],[-76.410446718270308,3.214306513848495],[-76.41046385635471,3.2143302408120875],[-76.410902686021487,3.2133767619036924],[-76.411778415729557,3.2127058979375396],[-76.412824472904532,3.2120077750826144],[-76.413962103304584,3.2113484711260529],[-76.41474577587185,3.2104953660091864],[-76.414813783871693,3.2094911687359331],[-76.414738625652731,3.2083440283162852],[-76.414019703117958,3.2066970618706203],[-76.413408164020495,3.2056434575639443],[-76.413088416849632,3.2055527895602078],[-76.412301962120708,3.2050534398582582],[-76.411444876664376,3.2047694618686133],[-76.410446290555214,3.2048445186802974],[-76.409732843773952,3.2048469076718309],[-76.408943064412995,3.2033435891177353],[-76.408652937316077,3.201910309142475],[-76.40859756265975,3.2016637187288368],[-76.408523911798682,3.2016454729068569],[-76.408152338916707,3.2015534199687568],[-76.408065613011061,3.2015029569220221],[-76.408072527174582,3.2015951350014809],[-76.408072344543029,3.2018753982216337],[-76.408058401089221,3.2023208741938616],[-76.408056234580982,3.2024101274027585],[-76.408053622735906,3.2025614401284264],[-76.408032156682538,3.202849818973732],[-76.407999166332289,3.2032358312540383],[-76.407984807278211,3.2033932672087309],[-76.40797695808898,3.2034403467668704],[-76.407948328370097,3.2036295989664745],[-76.407923097135296,3.2038419088553312],[-76.407915175261905,3.2039251236066209],[-76.407887062572399,3.2042425295609402],[-76.407876901491022,3.2043723597096383],[-76.40787651076414,3.2043781404760225],[-76.407857729447414,3.204658212104357],[-76.407847205418719,3.2048659690519576]]],[[[-76.413166092365117,3.2195187888108281],[-76.413175340530159,3.2196938046277341],[-76.413193145860163,3.2199068733190113],[-76.413218100065365,3.2201192159401515],[-76.413250174478051,3.2203305904555828],[-76.413289333245288,3.2205407566607329],[-76.413335533314012,3.2207494716649423],[-76.413383722239146,3.2209370516637392],[-76.413424601353015,3.2208263559281174],[-76.413421492640552,3.2198941082672619],[-76.413165803448308,3.219511390455716],[-76.413166092365117,3.2195187888108281]]],[[[-76.434827667718864,3.2400867556869635],[-76.435065210512974,3.2403621564734046],[-76.435183788842224,3.2404957680409319],[-76.435330256244512,3.2406508359410351],[-76.435481852507564,3.2408008450948005],[-76.435638400865955,3.2409456217395665],[-76.435799725486291,3.2410850020476669],[-76.435965641555626,3.2412188249328273],[-76.436135960702074,3.241346940162622],[-76.4362397749845,3.2414207237298194],[-76.436477405839724,3.2415860222242556],[-76.436548117341843,3.241634498696075],[-76.436726652444932,3.2417507641644265],[-76.436908992355015,3.2418609030161192],[-76.437094929903139,3.2419647885740579],[-76.437284251661879,3.2420623041208194],[-76.437476743317177,3.2421533365561643],[-76.43767218249593,3.2422377818421664],[-76.437849387076312,3.2423076852982891],[-76.437981149576856,3.242357366015221],[-76.438080668934191,3.2424781008710291],[-76.438221842182259,3.2426380533592711],[-76.43836831114082,3.2427931217891808],[-76.438519908026322,3.2429431305616321],[-76.438676456974477,3.2430879068157479],[-76.438837783047006,3.2432272858188913],[-76.439003700540638,3.2433611091996144],[-76.439174020174917,3.2434892240197168],[-76.439348547300497,3.2436114845873489],[-76.439527082788914,3.2437277497434627],[-76.43970942394985,3.243837888279502],[-76.439895361819268,3.2439417744293575],[-76.440084683859155,3.2440392887636342],[-76.440277175764237,3.2441303208937375],[-76.440472616053853,3.2442147649732234],[-76.440670783293129,3.2442925287073936],[-76.440871450657355,3.2443635207238888],[-76.440996584178905,3.2444036125616003],[-76.441094160517068,3.2444879141320442],[-76.441260078296452,3.2446217365989232],[-76.441430398197397,3.2447498523099108],[-76.44160492645689,3.244872111957454],[-76.441783462157687,3.2449883770999821],[-76.441965804400795,3.2450985147169549],[-76.442151742430397,3.2452024008563449],[-76.442341065502916,3.2452999151801758],[-76.442533558411014,3.2453909464005921],[-76.442558860152531,3.245401878936454],[-76.442680520048967,3.2455306801638963],[-76.442822284664757,3.2456709601616973],[-76.442962427047433,3.2453296323356566],[-76.44172221664428,3.2442821302879596],[-76.442901194180308,3.2423117888610316],[-76.442666684351792,3.242271019534205],[-76.441952426700865,3.2420344284802263],[-76.44114158732863,3.2413679071065222],[-76.440568402558057,3.240652764245703],[-76.43966324690382,3.2402255948082228],[-76.438664256621635,3.2401811985802396],[-76.437759422649563,3.2398496391999769],[-76.436021627146559,3.2398448359498864],[-76.435915797372829,3.2397919212143389],[-76.43586288080445,3.239739005782476],[-76.435757051038195,3.2396860910095104],[-76.435704136031134,3.2396860907770417],[-76.43565122012231,3.2396860905448555],[-76.434951890557713,3.2394767598720686],[-76.433904365839382,3.2391456805578516],[-76.432999207759266,3.2387185006819186],[-76.432522605131993,3.2384332818272319],[-76.431903151138059,3.2381007405714404],[-76.431146191238227,3.2377494277494625],[-76.431100503283275,3.2377282240872525],[-76.43004219719829,3.237622394302913],[-76.429989281981022,3.2376223936549153],[-76.429936365865046,3.2376223939106263],[-76.429883450644951,3.2376223941604709],[-76.429830536317723,3.2376223935010584],[-76.429777621091759,3.2376223937453612],[-76.429724704964016,3.2376223939899358],[-76.429671789955862,3.2376753088879209],[-76.429618874718329,3.2376753091268036],[-76.429565960373651,3.2376753084564163],[-76.429460128086177,3.2376753089263755],[-76.42946012830177,3.2377282235973506],[-76.429407213049728,3.2377282238280354],[-76.429301382750083,3.237781139864226],[-76.429195552427529,3.2378340549975775],[-76.429089722085081,3.2378869701314836],[-76.429036807009368,3.237939885045813],[-76.428983890823943,3.2379398852690136],[-76.428878060444816,3.2379928013075117],[-76.428825145346636,3.2380457162282288],[-76.428782373565639,3.238045716269319],[-76.428830822437575,3.2388749897051508],[-76.429028944563711,3.2388547532966019],[-76.429172953858512,3.2389630803211582],[-76.429347479348607,3.2390853411401386],[-76.42952601331919,3.239201608350172],[-76.42970835127386,3.2393117480341256],[-76.429894286948709,3.2394156353157397],[-76.430083607809209,3.2395131516646449],[-76.430178187013453,3.2395588772310111],[-76.430261422943175,3.2395982649034614],[-76.430359332778409,3.2396435725465507],[-76.430554772120075,3.2397280194643723],[-76.430752935821758,3.2398057842090084],[-76.430951108033483,3.239875942776401],[-76.431011122847693,3.2398960640136876],[-76.431215304750438,3.2399606223675703],[-76.431420280728744,3.2400178365826187],[-76.431627062277755,3.2400680609799029],[-76.431835412792481,3.2401112358380968],[-76.432045095713846,3.2401473149876936],[-76.432255870896711,3.2401762549820496],[-76.432467500030512,3.2401980232098748],[-76.432679737641621,3.2402125952155423],[-76.432892344569979,3.2402199528462616],[-76.432998710343966,3.2402209247252149],[-76.433204413944608,3.2402210566126946],[-76.433277889523296,3.2402211043163103],[-76.433384256352198,3.2402202701745977],[-76.433596873719878,3.2402131843286108],[-76.433608779591012,3.240212573674679],[-76.433661994562229,3.2402097930835949],[-76.43374456786556,3.2402065338712545],[-76.433812381917704,3.2402034902951411],[-76.434024638671772,3.2401891907313702],[-76.434236294925469,3.2401676945765638],[-76.43444710627098,3.2401390261585776],[-76.434656835516051,3.2401032170082282],[-76.434798546245673,3.2400748446777916],[-76.434814538748697,3.2400714510396034],[-76.434827667718864,3.2400867556869635]]],[[[-76.459939755753084,3.2651958286521712],[-76.46015200044927,3.2652103951079932],[-76.460364614082664,3.2652177491873902],[-76.460577353926055,3.2652178808943089],[-76.460789975492105,3.265210791080027],[-76.461002238812753,3.2651964878076032],[-76.461213900349861,3.2651749863799937],[-76.461424718397382,3.2651463120314359],[-76.461634452179567,3.2651104990272315],[-76.461842863636207,3.265067587043835],[-76.462049713836649,3.2650176238914264],[-76.462254766581225,3.2649606673083822],[-76.462457788395227,3.2648967831542768],[-76.462658548519514,3.2648260426997417],[-76.462856817128369,3.264748527149647],[-76.463052366228339,3.2646643276399376],[-76.463244975922152,3.2645735370852615],[-76.463434423653766,3.2644762592502374],[-76.463620495883845,3.2643726059987861],[-76.463802978199496,3.2642626964249746],[-76.463981662495655,3.2641466541178006],[-76.464156346094796,3.2640246125847714],[-76.464326828136095,3.2638967107473316],[-76.464492915876576,3.2637630956291588],[-76.464531867910054,3.2637295282043763],[-76.464508888112434,3.2629244954394538],[-76.464402042729645,3.2625625466742805],[-76.464243574635191,3.2623385510886851],[-76.462782861125348,3.2611484678552993],[-76.4615603748653,3.2600770685166856],[-76.460814951967834,3.2594223166585334],[-76.459624137248113,3.2589184957981017],[-76.459126703346143,3.2588091942386774],[-76.458672874759401,3.2588744920699284],[-76.457960569734823,3.2588322144998241],[-76.457149219255172,3.2584016924998092],[-76.456719434595811,3.2579012136744701],[-76.456409784709336,3.2577588645128581],[-76.456052733717229,3.2576644848282146],[-76.455576775340134,3.2575705150488106],[-76.455168073369649,3.2574106435233809],[-76.454797322155798,3.2571013942219249],[-76.454575579878011,3.2568807803163402],[-76.454502848617437,3.256474678454905],[-76.454501543867252,3.2560922348492922],[-76.454571339382525,3.2556378382397386],[-76.454505949838918,3.2554107587472534],[-76.454545600624513,3.2550642538935204],[-76.454520270660709,3.2546101841519244],[-76.454329122414606,3.2543479086680538],[-76.454082536300135,3.2540330976698137],[-76.453887929365095,3.2536731740800255],[-76.453781410818621,3.2531433904756897],[-76.453710485375922,3.2525396070564896],[-76.453751846879925,3.2524376537787703],[-76.453869370418076,3.2520308982356418],[-76.453890627705476,3.2512898310241072],[-76.453627647336361,3.2508843837192494],[-76.453317022655014,3.2504551981795684],[-76.452457227039446,3.2493825160478731],[-76.451978670220953,3.2485236497497691],[-76.451785003700564,3.2475203856489081],[-76.451592558041796,3.2468756625706994],[-76.451273451859279,3.2461132578112606],[-76.451169397619395,3.2459848094990935],[-76.451136974011817,3.2457776837687948],[-76.450771163142349,3.2454742055740495],[-76.450540813085922,3.2453016678948745],[-76.450278324205854,3.2450396342771253],[-76.450134255963832,3.2446337748757643],[-76.450156819867331,3.244275151259711],[-76.450465329583722,3.2440828682958531],[-76.450989575932283,3.2443918097095548],[-76.451513579756849,3.2446290430992222],[-76.451846926267464,3.2447474147657474],[-76.452226616865033,3.2445070808323928],[-76.452249504784149,3.2442440686651186],[-76.452128892847284,3.2437425179597983],[-76.451818841826665,3.2434806479138234],[-76.45155028016805,3.2434554547974086],[-76.451431522419114,3.2433055263235562],[-76.451032675738375,3.2430769911552422],[-76.450699249569112,3.2429347160327868],[-76.450317935915379,3.2426969919466408],[-76.450079553875611,3.2425304868917944],[-76.449697590829487,3.242101540327079],[-76.449387783783607,3.2419113758824554],[-76.449149564997256,3.2417926762018419],[-76.448431905166572,3.2417951345405749],[-76.448424440441073,3.241862766129064],[-76.448394481247121,3.2421341881304477],[-76.447451333857018,3.2429139249236711],[-76.446816349906783,3.2432314155694204],[-76.446498858350722,3.2435489074854882],[-76.446276789141109,3.2435827271741977],[-76.443837445018488,3.2464640966779741],[-76.443839298933767,3.2464653045367373],[-76.443969398141931,3.2465447446234181],[-76.444190839283635,3.246676302252999],[-76.444243081695234,3.2467070006685246],[-76.444429020877323,3.2468108849120783],[-76.444440906375718,3.2468170082831023],[-76.444467679953476,3.2468898069983392],[-76.444548135380444,3.247087745410052],[-76.444561072191533,3.24711788192521],[-76.444661621093417,3.2473504566416951],[-76.444735745682536,3.2475154153102115],[-76.444745459673697,3.247536135579121],[-76.444835955496544,3.2477282746602607],[-76.444894791860307,3.2478498208143236],[-76.444995359463803,3.248052063566143],[-76.445020377776473,3.2481018271680338],[-76.445090699967921,3.2482361806350131],[-76.445198109857785,3.2484355540232452],[-76.445244404750014,3.2485247777559167],[-76.445260201779021,3.248569484839166],[-76.445275641325821,3.2486126780975209],[-76.445316513542465,3.2487257392886382],[-76.445322444895311,3.2487442392242882],[-76.445375144499522,3.2489511377593008],[-76.44540589451077,3.2490672637339313],[-76.445466767730679,3.2492747873702266],[-76.445501642689507,3.2493864407536894],[-76.445505173377384,3.2494018022757181],[-76.445558366193978,3.2496088309317086],[-76.445618486226238,3.2498139349834316],[-76.445685463473581,3.2500168815813555],[-76.445758491665032,3.2502155513351116],[-76.445789853747144,3.2502966690937534],[-76.445825433997641,3.2503989198045455],[-76.445899959292532,3.2506016768774328],[-76.445980415942927,3.2507996154518617],[-76.446067476702552,3.2509947108172677],[-76.446161044634295,3.2511867392514424],[-76.446261011127945,3.2513754806861983],[-76.44626362668906,3.2513802183132663],[-76.446414495587248,3.2516532707154755],[-76.446479927895339,3.2517688211219538],[-76.446518460634195,3.2518352334333129],[-76.446548368329985,3.2518953793731025],[-76.446573415928896,3.2519451995666748],[-76.446673382683485,3.2521339416992849],[-76.446741477676866,3.2522543107910993],[-76.446882304411076,3.25249702323076],[-76.446893507672641,3.2525160705389431],[-76.446909001582583,3.2527210870161771],[-76.446922823969473,3.2528780794597387],[-76.44694778436704,3.2530904227134019],[-76.446979866686931,3.2533017983080543],[-76.44701903325641,3.2535119642495403],[-76.447065240113432,3.2537206794686764],[-76.447118432524775,3.2539277074505093],[-76.447178552164516,3.25413281259583],[-76.447236774532101,3.2543104808538494],[-76.447327227477373,3.2545733732203881],[-76.447335984673671,3.2545986516972132],[-76.447409743443046,3.2547992089812143],[-76.447490199667811,3.254997147658913],[-76.447577261796638,3.2551922421834871],[-76.447592745093601,3.255225178445238],[-76.447657714239725,3.2553623606970996],[-76.447704527297077,3.25546829804505],[-76.447758266803106,3.2555866183057991],[-76.447793838249453,3.2556596219607603],[-76.447806949654051,3.2557987369453363],[-76.447822062385185,3.2560053101594519],[-76.447837016794708,3.2561775139860791],[-76.447861978176562,3.256389857817275],[-76.447894059692217,3.2566012330619003],[-76.447933226370409,3.2568113995237797],[-76.447979433342979,3.2570201143304232],[-76.448015306538281,3.2571608123432587],[-76.44803364460941,3.2572562675115857],[-76.448079851715192,3.2574649822682704],[-76.448133045290461,3.2576720115585998],[-76.448193165197949,3.2578771161764459],[-76.448260144124561,3.2580800614576058],[-76.448279186349239,3.2581328489961394],[-76.448304048477681,3.2582161911164857],[-76.448371026617366,3.2584191372478872],[-76.448444786591082,3.2586196939266783],[-76.448525243132437,3.2588176337781665],[-76.4486123046795,3.2590127285459958],[-76.448705874298383,3.2592047563165085],[-76.448805841581304,3.2593934979328818],[-76.448912095239606,3.2595787396621376],[-76.449024512299232,3.2597602678117852],[-76.44914296621792,3.2599378768327254],[-76.449267318771192,3.2601113621198134],[-76.449311197510212,3.2601697410887427],[-76.449441990517528,3.2603416782184214],[-76.449528224812269,3.2604524660929344],[-76.449637065247032,3.2605853948439312],[-76.449747751564473,3.2607168915880678],[-76.449774633854986,3.2607486157188905],[-76.449848468726358,3.2608336236656807],[-76.449928966669887,3.2609246552418356],[-76.449996310786602,3.260999598798938],[-76.450142783583019,3.2611546661273532],[-76.450294384180225,3.2613046737027545],[-76.45045093850527,3.2614494486657692],[-76.45050239121656,3.2614939003620753],[-76.450525858563779,3.2615171214377834],[-76.450682412050099,3.261661896296586],[-76.450843741623828,3.2618012747296934],[-76.450933167622438,3.2618745482972114],[-76.451235098024654,3.2621173551076263],[-76.451311595594674,3.2621779033024589],[-76.451481919389366,3.2623060181776573],[-76.451612952748249,3.262398624921246],[-76.451713291601109,3.2624676380584186],[-76.451815845601558,3.2625436025857284],[-76.451864397262668,3.2625792078543676],[-76.45203892933398,3.2627014655387381],[-76.452096213358828,3.26273970935318],[-76.452418380849295,3.2629522575695495],[-76.452740541166904,3.2631647892999069],[-76.452861663233435,3.2632427212571082],[-76.452892133535656,3.2632617152868972],[-76.453388672046103,3.2635692824313196],[-76.453540546717377,3.2636604244211567],[-76.453726490012158,3.2637643088846033],[-76.453915818174252,3.2638618215064632],[-76.454108315095851,3.2639528519134338],[-76.454303760193397,3.2640372951686767],[-76.454393316447309,3.2640733981148018],[-76.455184383136995,3.2643852443973764],[-76.455292999599195,3.2644269033022009],[-76.455493672204014,3.2644978933211752],[-76.455604496517182,3.2645338557106851],[-76.456189566660868,3.2647177233053046],[-76.456281685338411,3.2647458977286612],[-76.456486668347239,3.2648031089406722],[-76.45669345566418,3.2648533286258261],[-76.456901815185077,3.2648964997712144],[-76.457111504053941,3.2649325753390368],[-76.457322286614982,3.264961510977205],[-76.457407015094489,3.2649710949985598],[-76.458056338244035,3.2650400807188276],[-76.458925143817339,3.2651452480364589],[-76.45893143833699,3.2651460068065328],[-76.459143073302258,3.2651677704095952],[-76.459355319058432,3.2651823370504691],[-76.45956793285923,3.2651896913122633],[-76.459780671977214,3.2651898231987122],[-76.459805078583116,3.2651893764549471],[-76.459865181977463,3.2651881602160282],[-76.459939755753084,3.2651958286521712]]]]},"properties":{"OBJECTID":2,"FID_CoberturaTierra_COLOMBIA2022":333303,"codigo":22121,"leyenda":"Caña","insumo":"Landsat_2022_mediana_09032023","apoyo":"","confiabili":"SI","cambio":2,"nivel_1":"TERRITORIOS AGRÍCOLAS","nivel_2":"Cultivos permanentes","nivel_3":"Cultivos permanentes herbáceos","nivel_4":"Caña","nivel_5":"Caña","nivel_6":" ","area_ha":167225.45936250259,"FID_Cuenca_Cau_RíoPalo":1,"OBJECTID_1":99,"COD_AH":2,"nom_ah":"Magdalena Cauca","COD_ZH":26,"nom_zh":"Cauca","COD_SZH":2604,"nom_szh":"Río Palo","ruleid":3,"SHAPE_Leng":2.20103318471,"Shape_Length":43896.184593573009,"Shape_Area":9810886.4313079845}},{"type":"Feature","id":3,"geometry":{"type":"Polygon","coordinates":[[[-76.395554878174408,3.1373963602412243],[-76.395601185478327,3.1374043295224259],[-76.395811938110086,3.1374332719245377],[-76.396023542962411,3.1374550433112569],[-76.396235758172594,3.1374696182756376],[-76.396292998391985,3.1374723107579876],[-76.396379766253546,3.1374759964149233],[-76.396379765850355,3.1372536303111183],[-76.396379766322951,3.1369680940987732],[-76.396379765620892,3.1368310070493792],[-76.396400363075827,3.1368326265967701],[-76.396635731650903,3.1366407289021447],[-76.397323464430215,3.1360800160178783],[-76.397241397930713,3.1356433048299759],[-76.397450523567443,3.13546903401779],[-76.397664675098909,3.1352905736851229],[-76.397771751249593,3.1350050389062538],[-76.397736059303213,3.1347195039416786],[-76.397664674759213,3.1344339679780155],[-76.397628983025228,3.1341484329542024],[-76.397628983174442,3.1338628980052143],[-76.397557598961626,3.1335773619349427],[-76.39748621486919,3.1332918267195358],[-76.397379140035895,3.1330062922184205],[-76.397307756182471,3.1327207559893355],[-76.397022220945288,3.1326493729928404],[-76.396736685267783,3.1327207561302419],[-76.396486842407967,3.132863523905534],[-76.396426832578555,3.1329135317871626],[-76.396407985119666,3.1328968617759934],[-76.395408486733587,3.1333988888545403],[-76.395248215161004,3.1330745139129186],[-76.395072728253936,3.1327287109747353],[-76.394492945224144,3.1322256766722925],[-76.394135644852128,3.1324414789656125],[-76.39413117476407,3.1324352206828521],[-76.393917024378652,3.1322567604671732],[-76.393774255979665,3.1320069178341079],[-76.393774256011454,3.1317213826407269],[-76.393774256124118,3.1314358465425993],[-76.393631488959144,3.131186003724963],[-76.393345953368183,3.1311503118076538],[-76.393060418399614,3.1312573874919081],[-76.392774883418014,3.1312930801914862],[-76.392489346601067,3.1312930799890712],[-76.392203811737772,3.1311860038291761],[-76.39195396894867,3.1310075439896359],[-76.391704125204868,3.1308647768798341],[-76.391418590231268,3.1307933931798941],[-76.391133054945584,3.130793392451046],[-76.390847519113308,3.1306863165253622],[-76.39063336834559,3.1305078582477543],[-76.390383523903893,3.1303293975680271],[-76.390169373247076,3.1301509381251402],[-76.38999091298524,3.129936787028782],[-76.389955220939427,3.1296512520003179],[-76.389776761772168,3.1294370998190151],[-76.389562609877402,3.1292229487906558],[-76.389455535234632,3.1289374124682641],[-76.389419842745497,3.1286518781277275],[-76.389169999166626,3.1287946459844704],[-76.389134306887641,3.129080181080294],[-76.389205691390586,3.1293657160518875],[-76.389205691221008,3.1296512517007948],[-76.38923395116079,3.1298773321852975],[-76.388992046112506,3.129877216784593],[-76.38874031601722,3.1306305908867138],[-76.388801658687626,3.1311901270025713],[-76.388813203212493,3.1313290758189556],[-76.388934504506466,3.1314983355400723],[-76.389064593076242,3.1316675051898621],[-76.389129686368477,3.1317479021912868],[-76.38918511962865,3.1318152364272049],[-76.389311204277604,3.1320874665467966],[-76.389318573304095,3.1321033221795105],[-76.3894121241661,3.1322953520408046],[-76.38950218211491,3.1324660855002557],[-76.389534595562793,3.1325253324874871],[-76.389545319309065,3.1325468971412227],[-76.389812453863954,3.1326136806899147],[-76.390062296716124,3.132756448083037],[-76.389883837788517,3.1329706001312467],[-76.389846643952964,3.1331193728176694],[-76.389879960012166,3.1331786674080475],[-76.39005579631251,3.1334857802701768],[-76.390111906473109,3.1335818174993895],[-76.390224303190948,3.1337633477136522],[-76.390342734434412,3.1339409588014142],[-76.390467065623881,3.1341144470101709],[-76.390597155911038,3.1342836158360687],[-76.390732856366753,3.1344482715123014],[-76.390786184859451,3.1345099880804135],[-76.390893320228926,3.1346323688817161],[-76.390913236770814,3.1346563926152835],[-76.390970021918946,3.1347239226316517],[-76.391091326317294,3.1348620319821028],[-76.391165447215755,3.1349439855728947],[-76.391185296530679,3.1349658312156836],[-76.391331744648156,3.1351209018160406],[-76.391372181570688,3.1351619190826971],[-76.391505608746556,3.1352960369517606],[-76.39161674750693,3.1354050311431747],[-76.391774096973563,3.1355505433431099],[-76.391841631099766,3.1356108808019774],[-76.392001293885272,3.1357487961314239],[-76.392167190139475,3.1358826218008371],[-76.392337485591611,3.1360107402337887],[-76.392511991012952,3.1361330038757114],[-76.392531748074674,3.1361462983082133],[-76.392561167230497,3.1361660147910992],[-76.392576664390603,3.136176921662023],[-76.392675100132735,3.1362448043671529],[-76.392853611957264,3.1363610728698852],[-76.393035929301945,3.1364712150489797],[-76.393221845028819,3.1365751041896681],[-76.393371260491719,3.136652747900873],[-76.393475057251862,3.1367049321715874],[-76.39351494160239,3.1367248078016234],[-76.39359972671177,3.1367649104052924],[-76.393667181273287,3.1366468669024354],[-76.393952715979722,3.1365397913392825],[-76.394202559281766,3.1363970237575658],[-76.394452403370693,3.1362542561865889],[-76.394737937697442,3.1361471797071512],[-76.394952089550387,3.1363256396282244],[-76.39509485706148,3.1365754829517147],[-76.395224472915345,3.1368023114737817],[-76.395324845632743,3.1367480490757065],[-76.395398206658996,3.1367538177824792],[-76.395451775633433,3.1369680939217699],[-76.39552315975466,3.1372536295945612],[-76.395554878174408,3.1373963602412243]]]},"properties":{"OBJECTID":3,"FID_CoberturaTierra_COLOMBIA2022":334185,"codigo":111,"leyenda":"Tejido urbano continuo","insumo":"Landsat_2022_mediana_09032023","apoyo":"","confiabili":"SI","cambio":1,"nivel_1":"TERRITORIOS ARTIFICIALIZADOS","nivel_2":"Zonas urbanizadas","nivel_3":"Tejido urbano continuo","nivel_4":" ","nivel_5":" ","nivel_6":" ","area_ha":66.778740924759617,"FID_Cuenca_Cau_RíoPalo":1,"OBJECTID_1":99,"COD_AH":2,"nom_ah":"Magdalena Cauca","COD_ZH":26,"nom_zh":"Cauca","COD_SZH":2604,"nom_szh":"Río Palo","ruleid":3,"SHAPE_Leng":2.20103318471,"Shape_Length":3463.0730953114735,"Shape_Area":434554.30645315821}},{"type":"Feature","id":4,"geometry":{"type":"Polygon","coordinates":[[[-76.411534401553922,3.1473498117737342],[-76.41155556775557,3.147412950988163],[-76.411734066053299,3.1475614799189082],[-76.41194218536296,3.1476950005680879],[-76.412150255227473,3.1478136087592365],[-76.412343489898674,3.1479322665901197],[-76.41255165695641,3.1480806975008071],[-76.412685846831081,3.1482890200912701],[-76.412701457636132,3.1485275553372802],[-76.412628014889549,3.1487514721886245],[-76.412480254750733,3.1489308989402152],[-76.412317610749753,3.14909546311902],[-76.412140083767198,3.1492451638117944],[-76.411932888044959,3.1493949631203999],[-76.411740430303198,3.1495148897759515],[-76.411562903124519,3.1496645905366263],[-76.411474577285503,3.1498736459375496],[-76.41143080221542,3.1500974644924176],[-76.41141674540431,3.1503360986363305],[-76.411536053017585,3.1505295577838184],[-76.411744075228768,3.1506332540228885],[-76.411966737359805,3.1506772554725364],[-76.412203892614897,3.1506168277989817],[-76.41239635207431,3.1504969008898502],[-76.412588663819605,3.1503322387460515],[-76.412736424760155,3.1501528117839839],[-76.412884137049971,3.1499584743138747],[-76.413061615182428,3.1497938611330905],[-76.413224160805342,3.1495994739711688],[-76.41326856744638,3.1495695035892872],[-76.413416571264847,3.149464634861955],[-76.413564331074781,3.1492852080711682],[-76.413756739613305,3.1491503699184675],[-76.413964130027395,3.1490602171971904],[-76.414201381637753,3.1490296115370082],[-76.414438828565039,3.1490586533263571],[-76.414661490671207,3.1491026535326192],[-76.41491377180715,3.1491316463021044],[-76.415136432945843,3.1491756472736001],[-76.415373929237589,3.1492195992836591],[-76.415596638053742,3.1492785115203579],[-76.415819397292779,3.1493523359786555],[-76.416056503399901,3.1492769956892217],[-76.416278676951094,3.1491718815036971],[-76.416471086385783,3.1490370432450434],[-76.416648417338848,3.1488276960740054],[-76.416766458964005,3.1486334559419205],[-76.416781293219174,3.1486334070408839],[-76.417283810812734,3.1480651101442576],[-76.417416687441758,3.1478708212592892],[-76.417579328888849,3.1477062564602041],[-76.41784639543225,3.147720288524817],[-76.418054416039851,3.1478239843290394],[-76.418173723262001,3.1480174407857366],[-76.418218954954597,3.1482409662956252],[-76.41821973358833,3.1484795489956405],[-76.418205678044444,3.1487181797138546],[-76.41816190630901,3.148941998731142],[-76.418133064397679,3.1491955906669582],[-76.418119009002979,3.1494342223169172],[-76.418104953660617,3.1496728539728012],[-76.418090898370579,3.149911485634616],[-76.418106511648091,3.1501500203189843],[-76.418166579066551,3.1503734949813667],[-76.41828593580297,3.1505818642438945],[-76.418405243010767,3.1507753211807326],[-76.418524599891754,3.1509836885052382],[-76.418569833353743,3.1512072128604456],[-76.418407192279716,3.1513717773280532],[-76.418169939577652,3.1514023835015808],[-76.417947229731496,3.1513434715741995],[-76.417753798803119,3.1511651716127829],[-76.417634442815654,3.1509568031480417],[-76.417470729258653,3.1507933155720944],[-76.417277493264351,3.1506746608252003],[-76.417040047448637,3.1506456210765714],[-76.416802599790486,3.1506165812648903],[-76.416550463824834,3.1506323235722782],[-76.416313017859679,3.1506032836239752],[-76.416060785325371,3.1505892039261334],[-76.415823386133269,3.1505750761482356],[-76.415823434795072,3.1505899866439155],[-76.415363666976319,3.1506213258126707],[-76.41515627772371,3.1507114799195342],[-76.415038284441891,3.1509206318562044],[-76.415039063015371,3.1511592153399941],[-76.415039840749301,3.1513977988254624],[-76.415025786015306,3.151636431226442],[-76.414996896106203,3.151875112562327],[-76.414982839675588,3.1521137449845713],[-76.414998452867366,3.1523522795435528],[-76.415028950046789,3.1526056765642614],[-76.415029729038267,3.152844260946138],[-76.415074962428193,3.1530677861768504],[-76.415179484575219,3.1532762041750058],[-76.415328413328652,3.1534546515319937],[-76.415477342145763,3.153633099714884],[-76.415492225202087,3.1536479630616112],[-76.415626270124804,3.1538115478231661],[-76.415819555950733,3.1539451147457682],[-76.416027529982358,3.1540338975149194],[-76.416250289627953,3.1541077198333722],[-76.416472951802874,3.1541517201968383],[-76.416710302076964,3.154150935545843],[-76.416977369694919,3.1541649660489441],[-76.417214623265664,3.1541343585234021],[-76.417436992804426,3.1540888894875678],[-76.417644380825593,3.1539987353164607],[-76.417659216041855,3.1539986863166445],[-76.417999968349349,3.1538633570476433],[-76.418207258677256,3.1537433792398453],[-76.418444364674755,3.1536680375066997],[-76.418681665601028,3.153652342977487],[-76.418919064869982,3.1536664701947323],[-76.418939394643331,3.1536458991369178],[-76.419023002432155,3.153695949817044],[-76.419245762392492,3.1537697713339359],[-76.419379904948826,3.1539631776334369],[-76.419543618616061,3.1541266649353075],[-76.419751593106071,3.1542154465654741],[-76.41998884501777,3.1541848384815858],[-76.420226144744618,3.1541691425939815],[-76.420463446203186,3.1541534466536745],[-76.420685814850358,3.1541079779715324],[-76.420937900749067,3.1540773206844803],[-76.421131136571788,3.1541959745037667],[-76.421206040787297,3.1544193998603354],[-76.421221704709268,3.1546728440391552],[-76.421103713802069,3.1548819958175214],[-76.42089632583891,3.1549721505507597],[-76.420688937806219,3.1550623061847953],[-76.420466665707906,3.1551375986457146],[-76.420244345631119,3.1551979797621246],[-76.420037007073176,3.1553030467042502],[-76.419859481637914,3.1554527486561685],[-76.419696841048633,3.1556173138164629],[-76.41947457037331,3.155692607167853],[-76.419237220435093,3.1556933919317562],[-76.419014508703654,3.1556344822108389],[-76.418791749060674,3.1555606601566542],[-76.418583774947265,3.1554718776321202],[-76.418390488834987,3.1553383128287389],[-76.418182514736174,3.1552495310407922],[-76.41795980383921,3.1551906209203686],[-76.41772235610874,3.155161581572719],[-76.417485054616861,3.1551772780783574],[-76.417247801812749,3.155207885009303],[-76.417040461400049,3.1553129507804138],[-76.416818384072513,3.1554478892301208],[-76.416803549721408,3.1554479382374137],[-76.415722781701376,3.1561076185858843],[-76.415560187617913,3.1562870962239509],[-76.415471862915126,3.1564961498790418],[-76.415428091042102,3.156719968848539],[-76.415473325563056,3.1569434937717369],[-76.415563064237503,3.1571668716207855],[-76.41577118644642,3.1573003888549076],[-76.41600858638401,3.1573145158810672],[-76.416246034148799,3.1573435551425733],[-76.416483385203563,3.157342769751355],[-76.416720784984292,3.1573568965925025],[-76.417047289441811,3.1574005527892801],[-76.417284640312971,3.1573997681035868],[-76.417284592417815,3.1573848558228517],[-76.417892852042897,3.1573977570975975],[-76.418130153899824,3.1573820608575653],[-76.418367406885025,3.1573514532133107],[-76.418604757416233,3.1573506682370245],[-76.418827419979564,3.1573946663228778],[-76.419035444334526,3.1574983587949355],[-76.419243515721462,3.1576169625292492],[-76.419436851338659,3.1577654388317824],[-76.419600664807163,3.1579587472229265],[-76.419600712741271,3.1579736585638112],[-76.421268371639002,3.1598619042262799],[-76.421446923343481,3.160025339824676],[-76.421625424404624,3.1601738640309662],[-76.421744734832401,3.1603673177744955],[-76.4218345242558,3.1606056045801165],[-76.421775919572653,3.1608294716683769],[-76.421628211865809,3.1610238120541334],[-76.421613426416641,3.1610387716190269],[-76.421302441970795,3.1612038302181658],[-76.42108012121885,3.1612642119649186],[-76.420857849302067,3.1613395068158745],[-76.42062064512659,3.1613850272631248],[-76.420383342179747,3.1614007250319558],[-76.420145991174763,3.1614015123259982],[-76.419908542323881,3.1613724750945926],[-76.419671191201061,3.1613732604656715],[-76.419433840024823,3.1613740475893266],[-76.419211469825783,3.1614195186507059],[-76.419004178359032,3.1615394981878189],[-76.418811867857301,3.161704161746909],[-76.418664159187514,3.1618985015397185],[-76.418575933901352,3.1621373788909133],[-76.418576716063313,3.1623759623412813],[-76.41863678709008,3.1625994369581405],[-76.418726479046256,3.1628079018914335],[-76.41881617017323,3.1630163658766359],[-76.41896510218109,3.163194812291545],[-76.419084414297302,3.1633882664925639],[-76.41926291655723,3.1635367908393861],[-76.419456156344992,3.1636554432463608],[-76.419664181650717,3.1637591341528002],[-76.419857420569997,3.1638777854887348],[-76.420050710242293,3.1640113489667718],[-76.420288746999503,3.1642193205049298],[-76.42048208390068,3.1643677960034888],[-76.420482132845478,3.1643827073257587],[-76.420779360568773,3.1645457478007959],[-76.420987582723782,3.1647090851616886],[-76.421151300770759,3.1648725682534709],[-76.421329804318816,3.165021090733029],[-76.421523142326237,3.1651695648034552],[-76.421716480372609,3.1653180387770479],[-76.421880197709584,3.1654815215250127],[-76.422043916002423,3.1656450059943317],[-76.422222516847796,3.1658233506260767],[-76.42231397790232,3.1658345352779382],[-76.422313856313338,3.1657972556868943],[-76.422400481708436,3.1658078492669119],[-76.422608459225486,3.1658966265909094],[-76.42283122125194,3.1659704451016619],[-76.423009724187807,3.1661189677268693],[-76.423188228062955,3.1662674902621846],[-76.423351995606211,3.1664458836322136],[-76.423500927909288,3.1666243270978445],[-76.423561001813198,3.1668477999895477],[-76.423487565194563,3.167071717316547],[-76.423310040712849,3.16722142057912],[-76.423102849132121,3.1673712251366473],[-76.422851153280632,3.1675211757585466],[-76.422643763614929,3.1676113343126233],[-76.422436423796825,3.1677164032481735],[-76.422184580577579,3.167821620921401],[-76.421962210063867,3.1678670939429443],[-76.421739840379828,3.1679125669345738],[-76.421502488228455,3.1679133552553713],[-76.421265135118915,3.1679141435247367],[-76.421185985027051,3.1679044647923207],[-76.421057206733906,3.1678402757488251],[-76.420819806324332,3.16782615257558],[-76.420582551067383,3.1678567642090263],[-76.420345198640192,3.1678575522496413],[-76.420122876606058,3.1679179362960301],[-76.419945351902101,3.1680676405608148],[-76.419886748908496,3.1682915093162403],[-76.419902367381852,3.1685300422519105],[-76.419917985921074,3.1687685751786381],[-76.419933605424944,3.1690071080934468],[-76.419934437711277,3.1692606016011426],[-76.419846214932818,3.1694994802961074],[-76.419668690112388,3.1696491848465893],[-76.419446317698544,3.1696946578706329],[-76.419209062587996,3.1697252687876736],[-76.418971808304306,3.1697558796620995],[-76.418749582693223,3.1698460866366811],[-76.418601824582126,3.1700255172229843],[-76.418468754840475,3.170160162716777],[-76.418468950867833,3.1702198090286862],[-76.418410347839824,3.1704436772667277],[-76.418411132019529,3.1706822598168976],[-76.418560310726932,3.1709352610016595],[-76.418679625261362,3.1711287152448442],[-76.418813920597842,3.1713668541851145],[-76.419007163743188,3.1714855051309718],[-76.419229927974499,3.1715593215838012],[-76.419438053831172,3.1716928353065308],[-76.419616558777776,3.1718413570624264],[-76.419498667222058,3.1720803337431707],[-76.419276295256338,3.1721258082030448],[-76.419053628948703,3.1720818127745489],[-76.418830962613043,3.172037818180657],[-76.418608296243434,3.1719938226145037],[-76.418385531784907,3.1719200060805361],[-76.418162816333336,3.1718610990132756],[-76.417940100861756,3.1718021927736313],[-76.417702648834265,3.1717731575550792],[-76.417465440950963,3.1718186809138436],[-76.417228282900339,3.1718791147049674],[-76.417020891957421,3.1719692726878272],[-76.416932521633896,3.1721634179737634],[-76.416932619660699,3.1721932398214787],[-76.416784910072096,3.1723875822213308],[-76.416607434109451,3.1725521986291527],[-76.416370274775346,3.1726126324604662],[-76.416147607793292,3.1725686381883729],[-76.415939629263718,3.172479858604925],[-76.415702175724064,3.1724508239378602],[-76.415479802643745,3.1724962969381854],[-76.415257479392778,3.1725566822135809],[-76.415079953008657,3.1727063872496961],[-76.414961912067341,3.1729006295276987],[-76.415007199961352,3.1731390660667005],[-76.415170920847501,3.1733025496685556],[-76.415290235020237,3.173496004691851],[-76.415394765445839,3.1737044212190884],[-76.415454839263788,3.1739278960137818],[-76.41550007761937,3.174151420057723],[-76.415724315080709,3.1746725805374436],[-76.415724364119981,3.1746874928346451],[-76.415799272916388,3.1749109181732278],[-76.415800056708278,3.1751495022627934],[-76.415786007700504,3.1753881338401753],[-76.415771957852115,3.1756267672333509],[-76.415757908050054,3.1758653988255658],[-76.415803196950534,3.1761038349793833],[-76.415922709203087,3.1763569350009324],[-76.416086479304056,3.176535330035005],[-76.416294754348243,3.1767135760865464],[-76.416517521446579,3.1767873939173037],[-76.416769906958152,3.176846200713523],[-76.416992574938703,3.1768901947262633],[-76.41721524288829,3.1769341886700819],[-76.417452599067332,3.1769333999967992],[-76.417615240097803,3.1767688312327387],[-76.417614454589398,3.1765302476079169],[-76.417583999872519,3.1762917635693295],[-76.417346644774526,3.1762925530140991],[-76.417124320587376,3.1763529385547518],[-76.416886965363915,3.1763537288120927],[-76.416664199350535,3.1762799109856221],[-76.416456169837289,3.1761762218918248],[-76.416262925916286,3.1760575711028829],[-76.416158395567834,3.1758491560187498],[-76.416172446171359,3.1756105236147376],[-76.416216214270506,3.1753867039902643],[-76.416185760146959,3.1751482195206182],[-76.416155306095305,3.1749097350339692],[-76.416095230987537,3.1746862605121207],[-76.416049992384686,3.174462736660697],[-76.415974983826587,3.1742094885883207],[-76.415870405960661,3.1739861618093297],[-76.415765877199817,3.1737777454599492],[-76.415661347621665,3.1735693308635495],[-76.415616109398982,3.173345806834782],[-76.415585655059274,3.1731073221279447],[-76.415733365015654,3.1729129795480624],[-76.415970669835801,3.1728972808301874],[-76.416163961818953,3.1730308428389442],[-76.416357204812485,3.1731494942761387],[-76.416594511310336,3.1731337935527617],[-76.416831227628478,3.172939157168658],[-76.416846014101324,3.1729241965099018],[-76.417008656286825,3.1727596293096409],[-76.41715641390546,3.1725801991451474],[-76.417304123355734,3.1723858567381731],[-76.417511465232124,3.172280787268527],[-76.417733837714792,3.1722353139745505],[-76.417971338883362,3.1722792595257872],[-76.418223626450455,3.1723082452559619],[-76.418460980417748,3.1723074556948481],[-76.418698383373936,3.1723215792340422],[-76.418935786271902,3.1723357009044046],[-76.419173189123498,3.1723498243197161],[-76.419410443859277,3.1723192118589068],[-76.419617785957996,3.1722141422066548],[-76.41978042723855,3.1720495742599266],[-76.4198984658548,3.1718553316087608],[-76.419986787235771,3.1716462762700748],[-76.419941547019704,3.1714227542550266],[-76.419777777766171,3.1712443587650028],[-76.419540376227559,3.1712302361239741],[-76.419317562204526,3.171141506542932],[-76.419109534589253,3.1710378180516985],[-76.418930930931069,3.1708594714835527],[-76.418811617367808,3.1706660181864432],[-76.418781164034158,3.1704275342730317],[-76.418869485032431,3.1702184789162029],[-76.419061844646762,3.1700687241043588],[-76.419284216330681,3.1700232510614512],[-76.419521619433212,3.1700373740596905],[-76.419744333240658,3.1700962802747541],[-76.419927879262858,3.1700841370803152],[-76.419936201312481,3.1700065199864609],[-76.419996128629833,3.169976151006475],[-76.420188536872601,3.1698413075337251],[-76.42027680941284,3.1696173419925588],[-76.420261189675685,3.1693788091809654],[-76.420251359299783,3.1693494859432176],[-76.420258206882167,3.1693373469946464],[-76.420231177555834,3.1692745275498058],[-76.420200725224618,3.1690360439802276],[-76.420199940144258,3.168797461873714],[-76.42024370938006,3.1685736433054497],[-76.420346815667386,3.1683496277264678],[-76.420524340240348,3.1681999225000688],[-76.420746662200401,3.1681395383268471],[-76.420983915669822,3.1681089265966325],[-76.421108954150824,3.1681857004752594],[-76.421325454134717,3.1682121735246644],[-76.421562806401269,3.168211386073772],[-76.421814845988223,3.1681658135835047],[-76.422037215693791,3.168120340520427],[-76.422244604699259,3.1680301819245851],[-76.422466927031792,3.167969797524369],[-76.422689297425933,3.1679243252972236],[-76.422911667744998,3.1678788512362566],[-76.423134037997883,3.1678333780517591],[-76.423341376702723,3.1677283081266023],[-76.423548717132533,3.1676232391025665],[-76.423741173130509,3.1675033072057546],[-76.4239333829602,3.1673088189873431],[-76.424051421602883,3.1671145781758567],[-76.424080305814329,3.1668758975415616],[-76.424020232722043,3.1666524248006875],[-76.423900920170496,3.1664589716836362],[-76.423692551387418,3.1662509028834394],[-76.423499262159581,3.1661173419577988],[-76.423305874938023,3.1659539574828335],[-76.42312737117021,3.165805434926857],[-76.422948867445882,3.1656569131874348],[-76.422785149164952,3.1654934299226722],[-76.422621430935152,3.1653299465753495],[-76.422428190909443,3.165211295498136],[-76.422311695372031,3.165139766582894],[-76.422311760090082,3.1651594679203723],[-76.422190496674915,3.1651077042387445],[-76.421997207703953,3.1649741416832216],[-76.421789232170084,3.1648853630671239],[-76.421610728683504,3.1647368398096059],[-76.421417439792947,3.1646032778916373],[-76.421253672878109,3.1644248826272987],[-76.421075170416685,3.1642763591034027],[-76.420881831787341,3.1641278846991652],[-76.420688592881163,3.1640092337339278],[-76.420510040694282,3.1638457986264492],[-76.42031675201136,3.1637122361655314],[-76.420301868665547,3.1636973740260084],[-76.419558237227633,3.1631182881872144],[-76.419409305238531,3.1629398428601827],[-76.419260373310308,3.1627613974554785],[-76.419200302141931,3.1625379230315844],[-76.419095775806682,3.1623295082671286],[-76.419094994436406,3.1620909249435796],[-76.419227867646995,3.1618966351959865],[-76.419450043254855,3.1617915177580764],[-76.419672413446946,3.1617460456667676],[-76.419909764654193,3.1617452602028036],[-76.420147213595158,3.1617742955341566],[-76.420384515784576,3.1617585977261191],[-76.4206218668172,3.1617578120954652],[-76.420859168878025,3.1617421141899293],[-76.421081440851964,3.1616668201489917],[-76.421288780550555,3.1615617517377061],[-76.421496121075421,3.1614566842306084],[-76.42171824606325,3.1613366544503005],[-76.421925633553371,3.1612464991624605],[-76.422088274228642,3.1610819330875493],[-76.422117161177496,3.1608432530776556],[-76.42213121203244,3.1606046222502],[-76.422130430396422,3.1603660396792845],[-76.422040738815866,3.1601575755480544],[-76.42193621297281,3.1599491605199104],[-76.421787282885148,3.1597707154749819],[-76.421594043606504,3.1596520639082066],[-76.421415542713774,3.1595035395928233],[-76.421281398239088,3.1593101338618963],[-76.42114725293834,3.1591167289649791],[-76.420998322234126,3.1589382826259236],[-76.42084929386813,3.1587300144763444],[-76.420685577824116,3.1585665302159294],[-76.420685529865324,3.1585516188921781],[-76.419881883327918,3.1577639672070803],[-76.419718167579504,3.1576004806524618],[-76.419524880862056,3.1574669166553018],[-76.419346379692669,3.1573183921527384],[-76.419153093934852,3.1571848270698295],[-76.418959856116885,3.1570661732475602],[-76.4187222129042,3.1569774901230439],[-76.418484763985276,3.1569484523252167],[-76.418247364714802,3.156934324911258],[-76.418009966296665,3.1569201992395572],[-76.417742994889082,3.1569359925267784],[-76.417728161430048,3.1569360415674375],[-76.416882745394901,3.156983571761848],[-76.416645442392067,3.1569992667360096],[-76.416408042680388,3.156985139787543],[-76.416200067839185,3.1568963577763749],[-76.416021566708338,3.1567478320737705],[-76.416020787422923,3.1565092479549941],[-76.416153614185717,3.1563000473423761],[-76.416360906207004,3.1561800691470583],[-76.416568246913727,3.1560750032512614],[-76.416775636303981,3.1559848478384041],[-76.416968044981061,3.1558500082037404],[-76.417175239171513,3.1557002072906473],[-76.417382578674548,3.1555951405234373],[-76.417619587682722,3.155489976621805],[-76.417856890106989,3.1554742809103509],[-76.41806491308833,3.1555779741075911],[-76.418287770411396,3.1556816190890622],[-76.418451534334906,3.1558600169022788],[-76.418644819712782,3.155993581582047],[-76.418838057227873,3.1561122357213764],[-76.418838009330514,3.1560973234645862],[-76.419134891952169,3.1561559887773454],[-76.419372242020856,3.1561552039219833],[-76.419594561593655,3.1560948218160458],[-76.419801950969287,3.1560046669764681],[-76.420009289668059,3.1558996008080347],[-76.420186815057818,3.1557498978683944],[-76.420364338589252,3.1556001949594394],[-76.420571677971608,3.1554951288240138],[-76.420793997995062,3.155434746685446],[-76.421016172408812,3.1553296314780002],[-76.421238442567955,3.1552543389034908],[-76.421445831355754,3.1551641840699447],[-76.421638286366274,3.1550442547933284],[-76.421741442817833,3.1548351521199356],[-76.421770331229084,3.1545964721985067],[-76.421754716008593,3.1543579385738547],[-76.421635357771791,3.1541495727600024],[-76.421515999609795,3.1539412059761274],[-76.42135228603496,3.1537777201958543],[-76.421129624891023,3.1537337219256134],[-76.420892227023998,3.1537195952631416],[-76.420654877886577,3.1537203798616993],[-76.42041762624784,3.1537509870587441],[-76.420180373638431,3.1537815942194167],[-76.419942926764094,3.1537525560027859],[-76.419764426817835,3.1536040300313521],[-76.419585927813642,3.1534555048736927],[-76.41940742794803,3.1533069787288284],[-76.419243664897479,3.1531285808010092],[-76.419020954767248,3.1530696695752454],[-76.418948359662963,3.1530893869436176],[-76.418783702805086,3.1531002771913119],[-76.418561383444853,3.1531606575764637],[-76.418546548254511,3.1531607065761866],[-76.418176030268512,3.1532663118668673],[-76.417953709807975,3.1533266922010061],[-76.417731438009199,3.1534019838838012],[-76.417509214869156,3.1534921878290176],[-76.41730182596163,3.1535823418795093],[-76.417079457368445,3.1536278107722411],[-76.416827223352144,3.1536137320743189],[-76.416604561387089,3.1535697325813836],[-76.416396587567036,3.1534809498804606],[-76.416173876837519,3.1534220379475286],[-76.415965903003467,3.1533332550875293],[-76.415743046123751,3.1532296088017495],[-76.415579283098481,3.1530512095953909],[-76.415459975348853,3.152857752954743],[-76.415385073283005,3.1526343248036341],[-76.415369411249102,3.1523808789468455],[-76.415354576020135,3.1523809278887849],[-76.415427726189506,3.1520675427837301],[-76.41541211208235,3.1518290083355285],[-76.415455884886953,3.1516051895695125],[-76.415529327248677,3.1513812729670536],[-76.415662204202917,3.1511869835004931],[-76.415884476329936,3.1511116917089317],[-76.416121727814726,3.1510810869684489],[-76.416358981022356,3.1510504812792637],[-76.41659642799128,3.1510795211013893],[-76.416819137997592,3.1511384316580573],[-76.417041847986653,3.1511973439461123],[-76.417235084162741,3.1513159986596895],[-76.417398797896581,3.1514794871258656],[-76.417562510776662,3.1516429737057425],[-76.417726224609368,3.1518064611037357],[-76.417919509628007,3.1519400268460354],[-76.418142317079599,3.1520287604629864],[-76.418171985642999,3.1520286625159666],[-76.418483603854966,3.1520574576358174],[-76.41872090532658,3.1520417625913586],[-76.418913313180767,3.1519069227504133],[-76.419075906250896,3.1517274468497098],[-76.419149345740692,3.1515035308347796],[-76.419178234659256,3.1512648513327424],[-76.419088547036836,3.1510563845093746],[-76.418924834370486,3.1508928983303832],[-76.418746335308029,3.1507443714837557],[-76.418567836285845,3.1505958445504461],[-76.418537387645898,3.1503573598566921],[-76.418536511981401,3.1500889545281958],[-76.41852167773294,3.1500890034769213],[-76.418417106701256,3.1498656748307607],[-76.418431161922641,3.1496270432464639],[-76.418460052334879,3.1493883627283652],[-76.41857809335005,3.1491941226900599],[-76.418696135244588,3.148999882682685],[-76.41879929331553,3.1487907802919008],[-76.418799195957305,3.1487609575857167],[-76.418872394425264,3.1484624849770881],[-76.418886448962155,3.1482238526151751],[-76.418870836026855,3.1479853190019909],[-76.418825604298874,3.1477617945635394],[-76.418691462907702,3.1475683871933344],[-76.418527749569293,3.1474048984759646],[-76.418319730047898,3.1473012036268599],[-76.418096972710501,3.1472273803204298],[-76.417859527063982,3.1471983399299939],[-76.41762227592433,3.1472289449584481],[-76.417414886811699,3.1473190976740337],[-76.417207548062621,3.1474241626629076],[-76.417030022716119,3.147573864027283],[-76.416867380182453,3.1477384270084476],[-76.416764221392455,3.1479475295190409],[-76.416616510303612,3.1481418664510086],[-76.416483634336373,3.1483361563330763],[-76.416335923178181,3.1485304942442958],[-76.416188163340252,3.1487099207998925],[-76.416010686277147,3.1488745328778016],[-76.415803298303373,3.1489646866742729],[-76.415580539176943,3.1488908630239543],[-76.415357780934528,3.148817039288224],[-76.415372615211268,3.1488169895010216],[-76.415090422572504,3.1487135374778763],[-76.414867762446306,3.1486695372869558],[-76.4146303148149,3.148640495515338],[-76.414407605104415,3.1485815828648116],[-76.41417015829596,3.1485525418521614],[-76.413947885989415,3.1486278319149488],[-76.413696089918915,3.1487479548867121],[-76.413696139423905,3.1487628663166518],[-76.413251886008908,3.1490029159395774],[-76.413074359334914,3.1491526166297543],[-76.41298462440264,3.1489292381040022],[-76.413102667149161,3.1487349967306208],[-76.413220709882154,3.1485407571979884],[-76.413264483880099,3.1483169381509799],[-76.413249600978787,3.1483020746533792],[-76.413218621352172,3.1478995625427255],[-76.413149316910321,3.1477384725679838],[-76.413143915423404,3.1477357799709869],[-76.412950679088723,3.1476171232582106],[-76.412757347421675,3.1474686426559244],[-76.412608419764268,3.1472901925999994],[-76.412637312195002,3.1470515108533461],[-76.41278507326723,3.1468720852940106],[-76.412977434286248,3.1467223353053413],[-76.413169842901013,3.1465874967854814],[-76.413317555252775,3.1463931589772747],[-76.413435598122248,3.1461989188419404],[-76.413523924773344,3.1459898649291986],[-76.413612201968505,3.145765899614704],[-76.413685644910217,3.1455419831422886],[-76.413714537445642,3.1453033016803849],[-76.413684092115005,3.1450648145386135],[-76.413668481108786,3.1448262794857889],[-76.413638035025826,3.1445877941240559],[-76.413607589910413,3.144349307838965],[-76.413577144863794,3.1441108206334607],[-76.413561534129784,3.1438722855332211],[-76.413566210224388,3.1437716762861219],[-76.413447590288143,3.1436022177757255],[-76.413138260277336,3.143292888273773],[-76.413138260158661,3.1432690938555186],[-76.413043082398218,3.1430073527986995],[-76.412971698088271,3.1427218167536717],[-76.412995492146635,3.1424362822758285],[-76.413043082399696,3.1421507473109345],[-76.413066875690731,3.1418652119638804],[-76.413066875636076,3.1415796762032131],[-76.413066875668676,3.1412941413447379],[-76.413019287179367,3.1410086056088908],[-76.412900314159089,3.1407468647363168],[-76.412757546060476,3.1404851242330016],[-76.412567188656041,3.1402709724685782],[-76.412305449413779,3.1401282051777399],[-76.412043707655684,3.1402233831212465],[-76.411805761973596,3.1404137402418573],[-76.411591609611918,3.1406040969830582],[-76.411329870235363,3.1407230703054374],[-76.411044333663781,3.1407706588304976],[-76.410758798777067,3.1407706592461357],[-76.410473263802288,3.1407706586796693],[-76.410211523153677,3.1406754805760304],[-76.409973576919057,3.140508918476336],[-76.409925987592089,3.1402233825429144],[-76.410068754969032,3.1399616426379748],[-76.410259111834904,3.1397474910327423],[-76.410473263828337,3.1395571335903818],[-76.410735004287105,3.1394381606913515],[-76.410996744605342,3.1393429831674715],[-76.411258485706767,3.1392478038195595],[-76.411496431591814,3.1390574479054321],[-76.411710583078531,3.1388670906057201],[-76.411900940224697,3.1386529392771605],[-76.411996119382408,3.1383911979081605],[-76.412019913113383,3.1381056632558137],[-76.411877146177872,3.1378439219858567],[-76.411662993740094,3.1376535659487246],[-76.411448843164237,3.1374632088723566],[-76.411163306813421,3.1373918250135047],[-76.410877771984019,3.1373918244575125],[-76.410592236826005,3.1374632090809915],[-76.410306700819717,3.1374870028828803],[-76.410021165711967,3.1374870030229878],[-76.40973563062046,3.1374632085795642],[-76.409450094558665,3.1374394140463058],[-76.409164559553901,3.1373680294755228],[-76.408879025409902,3.137296645684065],[-76.408617283888063,3.1372014678782869],[-76.408355543389504,3.1370824945086038],[-76.408093803199975,3.1369159328192642],[-76.407832062149069,3.1367493700720135],[-76.40764170539012,3.1365352191644464],[-76.407546527303069,3.13627347812657],[-76.407546526585151,3.1362496835697264],[-76.407498936554632,3.1359641474835045],[-76.407498937070173,3.1356786127558558],[-76.407498936771091,3.135393078029896],[-76.407570321259954,3.1351075418158123],[-76.40765803003876,3.1349145835633832],[-76.407821866137994,3.1349146579897442],[-76.407889382009841,3.1348049352350529],[-76.408074767247925,3.1347387259863964],[-76.408322231396156,3.1346054761091571],[-76.408474515944846,3.1343580120055399],[-76.408474515766713,3.1340724766607941],[-76.408436445230691,3.1337869412415085],[-76.408322230867498,3.1335204416247082],[-76.40811283814871,3.1333300847648777],[-76.407865374296378,3.1331777987645166],[-76.407598874869038,3.1330445494721615],[-76.407332374665415,3.1329493711637055],[-76.40708491137363,3.1328161207713756],[-76.406799376006489,3.1327590141767239],[-76.406513840585816,3.1327019065661097],[-76.406228304760262,3.1327019069511586],[-76.405942770170952,3.1326828712121033],[-76.405657234611525,3.1326638362896748],[-76.405371698568203,3.13270190672625],[-76.405086163784233,3.1327590140642716],[-76.404800628884686,3.132816120454319],[-76.404515093424521,3.1328541925387356],[-76.404229558321262,3.1327970859969123],[-76.404001129993134,3.1326257641831652],[-76.403772701289171,3.1324354079612253],[-76.40358234460146,3.1322260149155587],[-76.403487165884954,3.131959515198055],[-76.403391988182236,3.1316930163184002],[-76.403353915811877,3.1313123022568434],[-76.403334881433025,3.1313123020745581],[-76.403258737971072,3.1310267671676093],[-76.403125488300816,3.1307602668217109],[-76.403049345081655,3.1304747317908772],[-76.402954167087344,3.1302082316956348],[-76.402858988306292,3.1299417315406477],[-76.402782846340344,3.1296561972429706],[-76.40263055967651,3.1294087332963652],[-76.402478274920853,3.1291612692421391],[-76.402268881921401,3.1289709117974773],[-76.402097560647647,3.1287424842991629],[-76.401945275300591,3.1284950199242312],[-76.401792990064152,3.1282475554475635],[-76.401621669097011,3.1280191276260547],[-76.401450348227499,3.1277906996940219],[-76.401240954838812,3.1276003433456836],[-76.400974455368996,3.1275051639677636],[-76.400688919659913,3.1274670926059915],[-76.400403385416055,3.1274099858896616],[-76.400117848852574,3.1274480571466139],[-76.399832313608528,3.127524199766412],[-76.39954677914595,3.1276003432536128],[-76.399280278564518,3.1277145566757536],[-76.399070885940716,3.1279239492481135],[-76.398918600567981,3.1281714124879509],[-76.398804386955732,3.1284379126028505],[-76.398747279573357,3.1287234480911859],[-76.398804386892991,3.1290089836481338],[-76.398821704704176,3.1291388692641808],[-76.398239054740642,3.1301345466930863],[-76.3977921372541,3.1308444066088752],[-76.397509388280824,3.130844406700839],[-76.397223853339227,3.1308682015766114],[-76.396938316581753,3.1307730231827606],[-76.396771754874905,3.1304874877572617],[-76.396628987199463,3.1302257472164969],[-76.396462424597644,3.1299878012259699],[-76.396295862999438,3.1297498551225345],[-76.396105506438616,3.1295357026439254],[-76.395867560437296,3.1293453471723645],[-76.395653407784948,3.1291311951206691],[-76.395463052380791,3.1289170440610143],[-76.395296488568249,3.1286790964663038],[-76.395106132207133,3.1284411512093402],[-76.394915776184291,3.1282269997918277],[-76.394749212684872,3.1279890536591064],[-76.394582650872451,3.1277273125294065],[-76.394416089392593,3.1274893670702562],[-76.394201936799277,3.1272990097747124],[-76.39403537461348,3.1270610640877199],[-76.393868813078896,3.1267755284895338],[-76.393702250057274,3.1265137876738853],[-76.39355948325408,3.1262282530773811],[-76.393416714932926,3.1259665114849184],[-76.393250153192952,3.1257047712312738],[-76.39308359080124,3.1254668248778845],[-76.392893234075416,3.1252288789312903],[-76.392679082218223,3.125014726486016],[-76.392464931448032,3.1248243706394052],[-76.392226985401408,3.1246340142497062],[-76.391989038590992,3.1244674508535102],[-76.391727298412135,3.1243484776904773],[-76.391513146073578,3.1241581222192889],[-76.39129899469502,3.1239677648089987],[-76.391084843386423,3.1237774081729963],[-76.390775513324513,3.1234918723139646],[-76.390775513302358,3.1234680782405726],[-76.39060895103475,3.123206337313829],[-76.390489977786387,3.1229445954598898],[-76.390371004661546,3.1226828562370872],[-76.390333819318187,3.1225527066056742],[-76.39030021361117,3.1225761859726733],[-76.390129751571308,3.1227040783234252],[-76.389963683109357,3.1228376845127839],[-76.389826212133343,3.1229561594999677],[-76.389999506642866,3.1232622859930861],[-76.390999120637261,3.1243517426985274],[-76.391494743378018,3.1249966179486894],[-76.391626002327214,3.1250716232202058],[-76.391875845649295,3.1252143909667751],[-76.392125688697277,3.1253928505429811],[-76.392375532134636,3.1256426938723125],[-76.392553991668578,3.1258568457402198],[-76.392696760237342,3.1261066888813294],[-76.392803835179976,3.1263922242340159],[-76.39294660308525,3.1266420681009546],[-76.393089370889413,3.1269276028971098],[-76.393106675596101,3.1269578872590924],[-76.393577740735694,3.1273680200909237],[-76.394493090009192,3.1284576542873701],[-76.394711320811098,3.1289295602710805],[-76.394844392051894,3.1290360166160323],[-76.395058542878701,3.1292501681381939],[-76.395225105105425,3.1294881139277666],[-76.395391668335748,3.1297260596044749],[-76.395534435077636,3.1300115955876966],[-76.395677202553273,3.1302733357057422],[-76.395843764641612,3.1305350768176359],[-76.395986533262132,3.1307968176297463],[-76.396105505711333,3.1310585581800803],[-76.39610670725456,3.1310618609867036],[-76.396105534278178,3.1310615639511346],[-76.39627206804596,3.1312489144504854],[-76.396510013934275,3.1314392719861908],[-76.396747961322632,3.1316058336372059],[-76.397009701247484,3.1317010126332367],[-76.397271442053722,3.1317961906050207],[-76.397533182851291,3.1318913702658673],[-76.397818717825757,3.1319151637079639],[-76.398104253341444,3.131867574481034],[-76.398342198747557,3.1317010128766367],[-76.398556351000295,3.1315106555076242],[-76.398556350603002,3.1314868607261559],[-76.399032242675915,3.1307730231435],[-76.399079831865933,3.1304636931561096],[-76.399127422400454,3.1301781579605987],[-76.399175011193179,3.1298926227957562],[-76.399175011268582,3.1296070864829035],[-76.399246394749525,3.1292739628667805],[-76.39927018935704,3.1289884267210009],[-76.399293984037897,3.1287028914910016],[-76.399307450593255,3.1285412858749178],[-76.399394492666246,3.1283998418259369],[-76.399546778722296,3.1281523776973126],[-76.399794243425404,3.1280000914827526],[-76.400079777809054,3.12798105720772],[-76.4003653126518,3.1280000915553505],[-76.400612777104655,3.1281523782585463],[-76.400879277161224,3.1282665919189547],[-76.401145776014758,3.1283617702177242],[-76.401412276059048,3.1284759836197908],[-76.401583597205871,3.1287044132493653],[-76.401754918771317,3.1289518770854285],[-76.401907204283532,3.1291993405596066],[-76.40205948990932,3.1294468048354878],[-76.402211774744075,3.1296942681090925],[-76.402287918414586,3.1299798035128172],[-76.402364061305732,3.1302653388673316],[-76.402402131954432,3.1305508737528736],[-76.402459238894764,3.1308364097187842],[-76.402554417423062,3.1311219451357961],[-76.402649595689397,3.1313884452841863],[-76.402649596180495,3.1316739796556674],[-76.402611524354,3.1319595145760277],[-76.40259248880065,3.1322450505916781],[-76.402608632574385,3.1324872108782791],[-76.402984664063226,3.1326500969903912],[-76.403249803618252,3.1327826199483688],[-76.403258737973474,3.1328161212097152],[-76.403430059127118,3.1330445502151085],[-76.403411023210595,3.1333300851184038],[-76.403182595295362,3.1335014056006538],[-76.403220666308073,3.1337869409763104],[-76.403506202434215,3.1338250132762537],[-76.403791736694203,3.133863083673996],[-76.404077272259542,3.1339201909475323],[-76.404362807822068,3.1340153702529219],[-76.404648342874438,3.134091511551123],[-76.40489580744628,3.1342437976871715],[-76.405086163634948,3.1344722258608022],[-76.405371698690516,3.1345483685731486],[-76.405409770786036,3.13426283427594],[-76.405314591935422,3.1339963336340673],[-76.405295555649545,3.1337107990636475],[-76.405466878144722,3.1334823700017815],[-76.405714341790002,3.1333300846638519],[-76.405961805806996,3.1331968344809384],[-76.406082252620294,3.1331319791848693],[-76.406151061226709,3.1331552551436817],[-76.406515806294664,3.1335194592242157],[-76.406361554808541,3.1335965849094727],[-76.406114090903245,3.1337298343308859],[-76.406133127404402,3.134015369545637],[-76.406285411696018,3.134262834051905],[-76.40657094768882,3.1343199412727301],[-76.406856482806432,3.1342818691729257],[-76.407122983005834,3.1341295835687828],[-76.407256231938106,3.1338821202550089],[-76.407309951165786,3.1337317072412141],[-76.407401839891975,3.1337420548324544],[-76.407636946068038,3.1337756352905948],[-76.407636946061785,3.1340534408392369],[-76.407484661148899,3.1343009049890895],[-76.407237196708053,3.1344341547052101],[-76.406970696897275,3.1345674052861652],[-76.406780340164545,3.1347767965483264],[-76.406704197181995,3.135062333133058],[-76.406708944811825,3.1350979367371101],[-76.406736052418182,3.1350797380494315],[-76.406737509747444,3.1350837482821774],[-76.40676130407661,3.1353692830552862],[-76.406785099401048,3.135654817809459],[-76.406785098687124,3.1359403536532429],[-76.406832687649,3.1362258890855532],[-76.406880277614391,3.1365114235796585],[-76.4069516611507,3.1367969596310292],[-76.407070633693493,3.1370586996982741],[-76.40727134329893,3.1372594084939216],[-76.407284785923238,3.1372728522961655],[-76.40752273199675,3.1374394135786403],[-76.40776067811835,3.1376059756268941],[-76.408022418773001,3.1377487436239555],[-76.408284160347293,3.1378915114737524],[-76.408435541836539,3.1379465603479759],[-76.408545900375344,3.1379866901164979],[-76.408855230286207,3.1380104844661254],[-76.409140764883816,3.1380342790133438],[-76.409426301207418,3.1380580734619148],[-76.409711835752162,3.1380580742216853],[-76.409997371107664,3.1380580739964987],[-76.410282907351714,3.1380342791985885],[-76.41056844177038,3.1379866898580904],[-76.410853976914794,3.1379628949414164],[-76.411139512635671,3.1380342787404736],[-76.411163307202244,3.1383198147307767],[-76.411091922887536,3.1386053494486208],[-76.410806387564008,3.1386767335720518],[-76.410520852968531,3.1387719121414235],[-76.410259111670598,3.138867091247147],[-76.41002116621425,3.1390336525763463],[-76.409875262025793,3.1391633461897368],[-76.409807014940412,3.1392240098967688],[-76.409592862620002,3.1394381608648079],[-76.40942630067704,3.1396761065967036],[-76.40937871223845,3.1399616432537152],[-76.409402506076688,3.1402471779487877],[-76.409402506036173,3.1402709724609998],[-76.409450094897366,3.1408658381164685],[-76.409569068422627,3.1411275785029265],[-76.409783219645192,3.1413179346103073],[-76.410044960604594,3.1414607025832502],[-76.410330495916568,3.1415082920393993],[-76.410616031132079,3.1415082915218613],[-76.410877771807307,3.1414131134535728],[-76.41113951324688,3.1412941408994399],[-76.411425048072829,3.1412227568380664],[-76.411686789276473,3.1411037842653888],[-76.411948528563244,3.1409848107938831],[-76.412210269572597,3.1408896326608744],[-76.412376832055159,3.1411275793392806],[-76.412376831782325,3.1414131135008918],[-76.412329242927768,3.1416986485946716],[-76.412329242816384,3.1419841845748149],[-76.412329242786342,3.1422697196502236],[-76.412353038095048,3.1425552551371227],[-76.412400626962665,3.1428407910184601],[-76.412472011196783,3.143126325456878],[-76.412543394652971,3.1434118607529129],[-76.412662367756582,3.1436736023282608],[-76.412828929593474,3.1439115483327051],[-76.412971698197993,3.1441732891878846],[-76.413114465122987,3.144435029046682],[-76.41323343779294,3.1446967702718234],[-76.413281027583665,3.1449823048305401],[-76.413281027802597,3.1452678405149581],[-76.413233438404831,3.1455533755607825],[-76.413138260064699,3.1458151164872321],[-76.413036109047894,3.1459300365613214],[-76.41294790279926,3.146029268265838],[-76.41268616235044,3.1461482405280119],[-76.412400626829182,3.1461958309674558],[-76.412115092092009,3.1462434195466003],[-76.412007695125212,3.1463388837503978],[-76.411956195439188,3.1463846607616621],[-76.411952795374717,3.1463976492570849],[-76.411819916859457,3.1465919374462397],[-76.411642389754178,3.1467416385765841],[-76.411537265885386,3.1468799447129232],[-76.411595412023502,3.1468818919259816],[-76.411554112101896,3.1469656051738659],[-76.411480667870947,3.1471895221007187],[-76.411534401553922,3.1473498117737342]]]},"properties":{"OBJECTID":4,"FID_CoberturaTierra_COLOMBIA2022":334207,"codigo":511,"leyenda":"Ríos (50m)","insumo":"Landsat_2022_mediana_09032023","apoyo":"","confiabili":"SI","cambio":1,"nivel_1":"SUPERFICIES DE AGUA","nivel_2":"Aguas continentales","nivel_3":"Ríos (50m)","nivel_4":" ","nivel_5":" ","nivel_6":" ","area_ha":254.50670038728626,"FID_Cuenca_Cau_RíoPalo":1,"OBJECTID_1":99,"COD_AH":2,"nom_ah":"Magdalena Cauca","COD_ZH":26,"nom_zh":"Cauca","COD_SZH":2604,"nom_szh":"Río Palo","ruleid":3,"SHAPE_Leng":2.20103318471,"Shape_Length":28309.988993237694,"Shape_Area":846972.3648096848}},{"type":"Feature","id":5,"geometry":{"type":"MultiPolygon","coordinates":[[[[-76.389554567572375,3.1325654959462605],[-76.389579375920675,3.1326148465343548],[-76.389621519387973,3.1326963155131144],[-76.389772033582958,3.1329821879218627],[-76.389829838123177,3.1330894617331175],[-76.389846643952964,3.1331193728176694],[-76.389883837788517,3.1329706001312467],[-76.390062296716124,3.132756448083037],[-76.389812453863954,3.1326136806899147],[-76.389545319309065,3.1325468971412227],[-76.389554567572375,3.1325654959462605]]],[[[-76.404277340344876,3.1383050769194614],[-76.404562874686789,3.1383050772218053],[-76.404812717663404,3.1382574876031772],[-76.405264815565516,3.138257488053469],[-76.405752604883347,3.1382574879626621],[-76.406121421909631,3.1382574879371785],[-76.406621108921016,3.1381147207300861],[-76.406918541308343,3.1378648768313182],[-76.40715648686259,3.1375912390521501],[-76.407251665993073,3.1373413955678293],[-76.40727134329893,3.1372594084939216],[-76.407070633693493,3.1370586996982741],[-76.4069516611507,3.1367969596310292],[-76.406880277614391,3.1365114235796585],[-76.406832687649,3.1362258890855532],[-76.406785098687124,3.1359403536532429],[-76.406785099401048,3.135654817809459],[-76.40676130407661,3.1353692830552862],[-76.406737509747444,3.1350837482821774],[-76.406736052418182,3.1350797380494315],[-76.406708944811825,3.1350979367371101],[-76.406704197181995,3.135062333133058],[-76.406780340164545,3.1347767965483264],[-76.406970696897275,3.1345674052861652],[-76.407237196708053,3.1344341547052101],[-76.407484661148899,3.1343009049890895],[-76.407636946061785,3.1340534408392369],[-76.407636946068038,3.1337756352905948],[-76.407401839891975,3.1337420548324544],[-76.407309951165786,3.1337317072412141],[-76.407256231938106,3.1338821202550089],[-76.407122983005834,3.1341295835687828],[-76.406856482806432,3.1342818691729257],[-76.40657094768882,3.1343199412727301],[-76.406285411696018,3.134262834051905],[-76.406133127404402,3.134015369545637],[-76.406114090903245,3.1337298343308859],[-76.406361554808541,3.1335965849094727],[-76.406515806294664,3.1335194592242157],[-76.406151061226709,3.1331552551436817],[-76.406082252620294,3.1331319791848693],[-76.405961805806996,3.1331968344809384],[-76.405714341790002,3.1333300846638519],[-76.405466878144722,3.1334823700017815],[-76.405295555649545,3.1337107990636475],[-76.405314591935422,3.1339963336340673],[-76.405409770786036,3.13426283427594],[-76.405371698690516,3.1345483685731486],[-76.405086163634948,3.1344722258608022],[-76.40489580744628,3.1342437976871715],[-76.404648342874438,3.134091511551123],[-76.404362807822068,3.1340153702529219],[-76.404077272259542,3.1339201909475323],[-76.403791736694203,3.133863083673996],[-76.403506202434215,3.1338250132762537],[-76.403220666308073,3.1337869409763104],[-76.403182595295362,3.1335014056006538],[-76.403411023210595,3.1333300851184038],[-76.403430059127118,3.1330445502151085],[-76.403258737973474,3.1328161212097152],[-76.403249803618252,3.1327826199483688],[-76.402984664063226,3.1326500969903912],[-76.402608632574385,3.1324872108782791],[-76.40259248880065,3.1322450505916781],[-76.402611524354,3.1319595145760277],[-76.402649596180495,3.1316739796556674],[-76.402649595689397,3.1313884452841863],[-76.402554417423062,3.1311219451357961],[-76.402459238894764,3.1308364097187842],[-76.402402131954432,3.1305508737528736],[-76.402364061305732,3.1302653388673316],[-76.402287918414586,3.1299798035128172],[-76.402211774744075,3.1296942681090925],[-76.40205948990932,3.1294468048354878],[-76.401907204283532,3.1291993405596066],[-76.401754918771317,3.1289518770854285],[-76.401583597205871,3.1287044132493653],[-76.401412276059048,3.1284759836197908],[-76.401145776014758,3.1283617702177242],[-76.400879277161224,3.1282665919189547],[-76.400612777104655,3.1281523782585463],[-76.4003653126518,3.1280000915553505],[-76.400079777809054,3.12798105720772],[-76.399794243425404,3.1280000914827526],[-76.399546778722296,3.1281523776973126],[-76.399394492666246,3.1283998418259369],[-76.399307450593255,3.1285412858749178],[-76.399293984037897,3.1287028914910016],[-76.39927018935704,3.1289884267210009],[-76.399246394749525,3.1292739628667805],[-76.399175011268582,3.1296070864829035],[-76.399175011193179,3.1298926227957562],[-76.399127422400454,3.1301781579605987],[-76.399079831865933,3.1304636931561096],[-76.399032242675915,3.1307730231435],[-76.398556350603002,3.1314868607261559],[-76.398556351000295,3.1315106555076242],[-76.398342198747557,3.1317010128766367],[-76.398104253341444,3.131867574481034],[-76.397818717825757,3.1319151637079639],[-76.397533182851291,3.1318913702658673],[-76.397271442053722,3.1317961906050207],[-76.397009701247484,3.1317010126332367],[-76.396747961322632,3.1316058336372059],[-76.396510013934275,3.1314392719861908],[-76.39627206804596,3.1312489144504854],[-76.396105534278178,3.1310615639511346],[-76.39610670725456,3.1310618609867036],[-76.396105505711333,3.1310585581800803],[-76.395986533262132,3.1307968176297463],[-76.395843764641612,3.1305350768176359],[-76.395677202553273,3.1302733357057422],[-76.395534435077636,3.1300115955876966],[-76.395391668335748,3.1297260596044749],[-76.395225105105425,3.1294881139277666],[-76.395058542878701,3.1292501681381939],[-76.394844392051894,3.1290360166160323],[-76.394711320811098,3.1289295602710805],[-76.394493090009192,3.1284576542873701],[-76.393577740735694,3.1273680200909237],[-76.393106675596101,3.1269578872590924],[-76.393089370889413,3.1269276028971098],[-76.39294660308525,3.1266420681009546],[-76.392803835179976,3.1263922242340159],[-76.392696760237342,3.1261066888813294],[-76.392553991668578,3.1258568457402198],[-76.392375532134636,3.1256426938723125],[-76.392125688697277,3.1253928505429811],[-76.391875845649295,3.1252143909667751],[-76.391626002327214,3.1250716232202058],[-76.391494743378018,3.1249966179486894],[-76.390999120637261,3.1243517426985274],[-76.389999506642866,3.1232622859930861],[-76.389826212133343,3.1229561594999677],[-76.389802199186917,3.1229768539465246],[-76.389645482642209,3.1231214252146935],[-76.389493712715804,3.1232712360151131],[-76.389347063218295,3.1234261123177229],[-76.389205700773303,3.1235858810188155],[-76.389069786571483,3.1237503563832503],[-76.388939477306948,3.1239193517866002],[-76.38881491977304,3.1240926761187571],[-76.388696255344556,3.1242701301554741],[-76.388583622688529,3.1244515110669751],[-76.388477147877651,3.1246366124500073],[-76.388376952476349,3.1248252233981586],[-76.388283149945607,3.1250171285135075],[-76.388195851035647,3.1252121078890993],[-76.388115152113343,3.1254099407608313],[-76.388041145930117,3.1256104000515896],[-76.387973917145416,3.1258132578066316],[-76.387913542318003,3.1260182824832605],[-76.387860091706344,3.1262252398484187],[-76.38781362297712,3.1264338929991773],[-76.387774192903876,3.1266440068421528],[-76.387741843850421,3.1268553372955945],[-76.387716614605495,3.1270676466135323],[-76.387698532253083,3.127280690763298],[-76.38768761849002,3.1274942275365314],[-76.387683885120396,3.1277080129497499],[-76.387687336757665,3.1279218030426685],[-76.387697970821762,3.1281353529747697],[-76.38771577216086,3.1283484215601094],[-76.387740722914771,3.1285607640075539],[-76.38777279264572,3.1287721373736752],[-76.38781194823072,3.1289823023376946],[-76.38785814215997,3.1291910178185334],[-76.387911321542106,3.129398046366596],[-76.387971426295039,3.129603150555671],[-76.388038390056266,3.1298060965939243],[-76.388112132096765,3.1300066552537444],[-76.388192571678317,3.1302045945972199],[-76.388279615502441,3.1303996899552611],[-76.388373164886119,3.1305917193869068],[-76.388473113065558,3.1307804636881587],[-76.388579345196078,3.1309657063918492],[-76.388691741956023,3.1311472364666408],[-76.388810173252395,3.1313248474338433],[-76.388813203212493,3.1313290758189556],[-76.388801658687626,3.1311901270025713],[-76.38874031601722,3.1306305908867138],[-76.388992046112506,3.129877216784593],[-76.38923395116079,3.1298773321852975],[-76.389205691221008,3.1296512517007948],[-76.389205691390586,3.1293657160518875],[-76.389134306887641,3.129080181080294],[-76.389169999166626,3.1287946459844704],[-76.389419842745497,3.1286518781277275],[-76.389455535234632,3.1289374124682641],[-76.389562609877402,3.1292229487906558],[-76.389776761772168,3.1294370998190151],[-76.389955220939427,3.1296512520003179],[-76.38999091298524,3.129936787028782],[-76.390169373247076,3.1301509381251402],[-76.390383523903893,3.1303293975680271],[-76.39063336834559,3.1305078582477543],[-76.390847519113308,3.1306863165253622],[-76.391133054945584,3.130793392451046],[-76.391418590231268,3.1307933931798941],[-76.391704125204868,3.1308647768798341],[-76.39195396894867,3.1310075439896359],[-76.392203811737772,3.1311860038291761],[-76.392489346601067,3.1312930799890712],[-76.392774883418014,3.1312930801914862],[-76.393060418399614,3.1312573874919081],[-76.393345953368183,3.1311503118076538],[-76.393631488959144,3.131186003724963],[-76.393774256124118,3.1314358465425993],[-76.393774256011454,3.1317213826407269],[-76.393774255979665,3.1320069178341079],[-76.393917024378652,3.1322567604671732],[-76.39413117476407,3.1324352206828521],[-76.394135644852128,3.1324414789656125],[-76.394492945224144,3.1322256766722925],[-76.395072728253936,3.1327287109747353],[-76.395248215161004,3.1330745139129186],[-76.395408486733587,3.1333988888545403],[-76.396407985119666,3.1328968617759934],[-76.396426832578555,3.1329135317871626],[-76.396486842407967,3.132863523905534],[-76.396736685267783,3.1327207561302419],[-76.397022220945288,3.1326493729928404],[-76.397307756182471,3.1327207559893355],[-76.397379140035895,3.1330062922184205],[-76.39748621486919,3.1332918267195358],[-76.397557598961626,3.1335773619349427],[-76.397628983174442,3.1338628980052143],[-76.397628983025228,3.1341484329542024],[-76.397664674759213,3.1344339679780155],[-76.397736059303213,3.1347195039416786],[-76.397771751249593,3.1350050389062538],[-76.397664675098909,3.1352905736851229],[-76.397450523567443,3.13546903401779],[-76.397241397930713,3.1356433048299759],[-76.397323464430215,3.1360800160178783],[-76.396635731650903,3.1366407289021447],[-76.397100884616052,3.1366275572471314],[-76.397367385424204,3.1366846639507284],[-76.397633884305321,3.1367798429695015],[-76.398052670152126,3.1368940566825732],[-76.398338204993394,3.1369321278878157],[-76.398871203628261,3.1369321276883371],[-76.39930902478612,3.1367798425585542],[-76.399537453003276,3.1366656290685899],[-76.399784917448713,3.1365894862378432],[-76.400260808808397,3.1365894859967525],[-76.400869951052513,3.1366085216135096],[-76.401250664850295,3.1366465925725064],[-76.401555236418247,3.1366656286232772],[-76.401821736251421,3.1367227357148364],[-76.402145342552643,3.1369321282951503],[-76.402487984717752,3.1371224846024877],[-76.402754485387518,3.137179592172382],[-76.403206581607691,3.1371153465382431],[-76.40332555542129,3.137055859604287],[-76.403492117079196,3.1369249902116381],[-76.403777652947085,3.1369368871061201],[-76.403932317769545,3.1371034495468009],[-76.40401559885504,3.1373176007997312],[-76.404027495554146,3.1375555471768148],[-76.404051291005047,3.1378291849686684],[-76.404051291265091,3.1379957474838571],[-76.404110777275648,3.1382098988144338],[-76.404277340344876,3.1383050769194614]]]]},"properties":{"OBJECTID":5,"FID_CoberturaTierra_COLOMBIA2022":334264,"codigo":242,"leyenda":"Mosaico de pastos y cultivos","insumo":"Landsat_2022_mediana_09032023","apoyo":"","confiabili":"SI","cambio":1,"nivel_1":"TERRITORIOS AGRÍCOLAS","nivel_2":"Áreas agrícolas heterogéneas","nivel_3":"Mosaico de pastos y cultivos","nivel_4":" ","nivel_5":" ","nivel_6":" ","area_ha":921.74681144071519,"FID_Cuenca_Cau_RíoPalo":1,"OBJECTID_1":99,"COD_AH":2,"nom_ah":"Magdalena Cauca","COD_ZH":26,"nom_zh":"Cauca","COD_SZH":2604,"nom_szh":"Río Palo","ruleid":3,"SHAPE_Leng":2.20103318471,"Shape_Length":8721.8463635057342,"Shape_Area":1214056.2620135227}},{"type":"Feature","id":6,"geometry":{"type":"Polygon","coordinates":[[[-76.408435541836539,3.1379465603479759],[-76.408389871426778,3.1380125996706298],[-76.408391325248516,3.1384607999017891],[-76.408541404855626,3.1389085110755124],[-76.408572681242774,3.1393864928076249],[-76.408514976423533,3.13992452684914],[-76.408507900180837,3.1401523928624622],[-76.408377745948656,3.1403383271253866],[-76.408244495579211,3.1405096481025496],[-76.408237442126492,3.1405872417828409],[-76.407922897654728,3.140673474634387],[-76.407596503342077,3.140853826823832],[-76.407508878596332,3.1413321989751268],[-76.407540349831635,3.1418699411153548],[-76.407898410876243,3.1422870895339545],[-76.408166229031011,3.1423758515398328],[-76.408522252305417,3.142165522163626],[-76.409146868811305,3.1422829931095997],[-76.409564284402578,3.1426700650032879],[-76.409893494094504,3.1433562292117001],[-76.409895242445728,3.1438940665994801],[-76.409719028324773,3.1445520104775619],[-76.409393410780496,3.1449714026646571],[-76.409186695068215,3.1453904061591365],[-76.409247603227456,3.1458384087751452],[-76.409456165269603,3.1459871245395887],[-76.4100508652229,3.1460449302271525],[-76.410674901216595,3.1459831182490068],[-76.410692192164888,3.1459839757025603],[-76.410724461868568,3.1460429849269458],[-76.410670008758359,3.1462650135783115],[-76.410597164890063,3.1464871027256343],[-76.410634730425642,3.1467273172665777],[-76.41072741002111,3.1469488611740353],[-76.410911808316641,3.1470961549973757],[-76.411132867845168,3.1472063521596882],[-76.411335596791957,3.1473350970590568],[-76.411534401553922,3.1473498117737342],[-76.411480667870947,3.1471895221007187],[-76.411554112101896,3.1469656051738659],[-76.411595412023502,3.1468818919259816],[-76.411537265885386,3.1468799447129232],[-76.411642389754178,3.1467416385765841],[-76.411819916859457,3.1465919374462397],[-76.411952795374717,3.1463976492570849],[-76.411956195439188,3.1463846607616621],[-76.412007695125212,3.1463388837503978],[-76.412115092092009,3.1462434195466003],[-76.412400626829182,3.1461958309674558],[-76.41268616235044,3.1461482405280119],[-76.41294790279926,3.146029268265838],[-76.413036109047894,3.1459300365613214],[-76.413138260064699,3.1458151164872321],[-76.413233438404831,3.1455533755607825],[-76.413281027802597,3.1452678405149581],[-76.413281027583665,3.1449823048305401],[-76.41323343779294,3.1446967702718234],[-76.413114465122987,3.144435029046682],[-76.412971698197993,3.1441732891878846],[-76.412828929593474,3.1439115483327051],[-76.412662367756582,3.1436736023282608],[-76.412543394652971,3.1434118607529129],[-76.412472011196783,3.143126325456878],[-76.412400626962665,3.1428407910184601],[-76.412353038095048,3.1425552551371227],[-76.412329242786342,3.1422697196502236],[-76.412329242816384,3.1419841845748149],[-76.412329242927768,3.1416986485946716],[-76.412376831782325,3.1414131135008918],[-76.412376832055159,3.1411275793392806],[-76.412210269572597,3.1408896326608744],[-76.411948528563244,3.1409848107938831],[-76.411686789276473,3.1411037842653888],[-76.411425048072829,3.1412227568380664],[-76.41113951324688,3.1412941408994399],[-76.410877771807307,3.1414131134535728],[-76.410616031132079,3.1415082915218613],[-76.410330495916568,3.1415082920393993],[-76.410044960604594,3.1414607025832502],[-76.409783219645192,3.1413179346103073],[-76.409569068422627,3.1411275785029265],[-76.409450094897366,3.1408658381164685],[-76.409402506036173,3.1402709724609998],[-76.409402506076688,3.1402471779487877],[-76.40937871223845,3.1399616432537152],[-76.40942630067704,3.1396761065967036],[-76.409592862620002,3.1394381608648079],[-76.409807014940412,3.1392240098967688],[-76.409875262025793,3.1391633461897368],[-76.41002116621425,3.1390336525763463],[-76.410259111670598,3.138867091247147],[-76.410520852968531,3.1387719121414235],[-76.410806387564008,3.1386767335720518],[-76.411091922887536,3.1386053494486208],[-76.411163307202244,3.1383198147307767],[-76.411139512635671,3.1380342787404736],[-76.410853976914794,3.1379628949414164],[-76.41056844177038,3.1379866898580904],[-76.410282907351714,3.1380342791985885],[-76.409997371107664,3.1380580739964987],[-76.409711835752162,3.1380580742216853],[-76.409426301207418,3.1380580734619148],[-76.409140764883816,3.1380342790133438],[-76.408855230286207,3.1380104844661254],[-76.408545900375344,3.1379866901164979],[-76.408435541836539,3.1379465603479759]]]},"properties":{"OBJECTID":6,"FID_CoberturaTierra_COLOMBIA2022":334270,"codigo":242,"leyenda":"Mosaico de pastos y cultivos","insumo":"Landsat_2022_mediana_09032023","apoyo":"","confiabili":"SI","cambio":1,"nivel_1":"TERRITORIOS AGRÍCOLAS","nivel_2":"Áreas agrícolas heterogéneas","nivel_3":"Mosaico de pastos y cultivos","nivel_4":" ","nivel_5":" ","nivel_6":" ","area_ha":29.258165933210687,"FID_Cuenca_Cau_RíoPalo":1,"OBJECTID_1":99,"COD_AH":2,"nom_ah":"Magdalena Cauca","COD_ZH":26,"nom_zh":"Cauca","COD_SZH":2604,"nom_szh":"Río Palo","ruleid":3,"SHAPE_Leng":2.20103318471,"Shape_Length":3472.7062277325285,"Shape_Area":292581.64648648357}},{"type":"Feature","id":7,"geometry":{"type":"Polygon","coordinates":[[[-76.426154885277342,3.2317049807962102],[-76.426406801252057,3.2319101986296479],[-76.426922579217361,3.2322979221716372],[-76.427357378082036,3.2323773264989746],[-76.427833574675446,3.2325430370514381],[-76.428166518695463,3.2325419057639566],[-76.428594589926888,3.2325404531541801],[-76.429592778813557,3.2323458330917232],[-76.430613783992271,3.2318642929231767],[-76.431160200336066,3.2316951110602843],[-76.431730959358703,3.2316931718208015],[-76.432325741437609,3.2317628612156231],[-76.432706406994924,3.2318093747637149],[-76.432920923582785,3.23195206670272],[-76.433064498631964,3.2322145175854327],[-76.433137371833226,3.2326684380712716],[-76.433138177304372,3.2329074710582715],[-76.433187429671193,3.2334092782041619],[-76.433354785740846,3.2336716478578929],[-76.433664672264939,3.2338857260886109],[-76.434021960404294,3.2340518346061145],[-76.434331603688435,3.2341942018348968],[-76.434569420001523,3.2341933924860991],[-76.434688086556235,3.2341212790970384],[-76.434782086053872,3.2337863084738809],[-76.43482868324709,3.2334993091616164],[-76.434850371300271,3.2328777430477253],[-76.434872703626553,3.2324474037221735],[-76.43494300185229,3.2321364188990085],[-76.435060864335,3.2318252732361477],[-76.435440804577823,3.2316566560578059],[-76.435868791659558,3.2316312960898523],[-76.436297020936991,3.2316776463423302],[-76.436820616239444,3.2317953821041248],[-76.437248763778257,3.2318178280967813],[-76.437819438660924,3.2317919816233069],[-76.438638567972305,3.2314825156973015],[-76.439647549181188,3.2308774284453459],[-76.4401939575787,3.2307082438579191],[-76.440549872846759,3.2304679988259943],[-76.440759329211232,3.2299364610218415],[-76.440872286003653,3.2298987799863577],[-76.441108736929579,3.2288884867621737],[-76.442108344690041,3.2281892721984762],[-76.443504194329847,3.228034659818912],[-76.445129280050182,3.2278806399395497],[-76.446052564403146,3.2281919045716267],[-76.446678129631891,3.2278035995554677],[-76.447644116053837,3.2272863436116608],[-76.447381944803254,3.2269131528659347],[-76.447284294561641,3.2267779735294284],[-76.447154185576053,3.2266088076456998],[-76.447018466142268,3.2264441562680619],[-76.44687729147681,3.2262842040669186],[-76.44673082399234,3.2261291374954215],[-76.446579227853107,3.2259791294497226],[-76.446422678913564,3.2258343545933781],[-76.446261354789016,3.2256949767432812],[-76.446095438471986,3.2255611551812922],[-76.445925121016685,3.2254330410313803],[-76.445750595268606,3.2253107836049777],[-76.445572061220886,3.2251945195416787],[-76.445389722452532,3.225084382759011],[-76.445203786107299,3.2249804981285162],[-76.445014466500993,3.2248829850772154],[-76.444883568823528,3.2248202159196335],[-76.44446460497096,3.2246252309599948],[-76.444288525916093,3.2245399799851673],[-76.444140022718386,3.2244704577817762],[-76.443944584826284,3.2243860133708391],[-76.443746422632771,3.2243082517920247],[-76.443545758436329,3.2242372608271794],[-76.443342824404198,3.2241731228043733],[-76.443137850875672,3.2241159110240734],[-76.443000057123456,3.2240816201999789],[-76.442994700354888,3.2240803519338228],[-76.442829024370994,3.2240341086562196],[-76.442622244317221,3.2239838863749171],[-76.44241389525078,3.2239407134171834],[-76.442204215518657,3.2239046386647905],[-76.442031100931317,3.2238803368237794],[-76.441916673251427,3.2238658987461681],[-76.441879014849505,3.2238612620788221],[-76.441667390493365,3.2238394969211757],[-76.441455153944162,3.2238249278198778],[-76.441242549735264,3.2238175720167561],[-76.441136185720097,3.2238166027977906],[-76.441035287804212,3.2238165392000599],[-76.440928922645128,3.2238173741175427],[-76.440829140436577,3.2238198001812775],[-76.44072824107927,3.2238230584801895],[-76.440615409114145,3.2238277187959601],[-76.440403155307564,3.2238420196194846],[-76.440191502703414,3.2238635178212887],[-76.439980694798521,3.2238921890898418],[-76.439770969663755,3.2239279991943972],[-76.439595123667559,3.2239637185555785],[-76.439466080160088,3.2239918589841334],[-76.439433523639465,3.2239990498073827],[-76.439226680832306,3.2240490095734509],[-76.439021635766522,3.2241059630208091],[-76.438818622810345,3.2241698434078518],[-76.438617870028693,3.2242405804006045],[-76.438419609941562,3.2243180919052477],[-76.43822406785462,3.2244022886249355],[-76.438031465460583,3.2244930758543084],[-76.437842024419254,3.2245903489502261],[-76.437655958283344,3.2246939978763245],[-76.437473482376404,3.2248039044591046],[-76.437450902283558,3.2248181696099816],[-76.437393905432927,3.2248453732155422],[-76.437204463275151,3.2249426463298039],[-76.437018397825284,3.2250462961766879],[-76.436835922600338,3.2251562018784692],[-76.436657243019326,3.2252722398744171],[-76.436618700139888,3.2252984168467553],[-76.436221110817556,3.2255705930340826],[-76.436176018882094,3.2256023456814384],[-76.436057158679787,3.2256268177881551],[-76.435946963704126,3.2256525090119892],[-76.435931501118688,3.225656261095132],[-76.435897261169387,3.2256613932495992],[-76.435759045016695,3.2256664791522964],[-76.435546790600938,3.2256807794351725],[-76.435508670631279,3.225684116071442],[-76.435244482497453,3.225708050724204],[-76.434945627583915,3.225714453442039],[-76.434764854415107,3.2257209376677229],[-76.43469970859806,3.2257251709853088],[-76.434502072699303,3.2257317566785835],[-76.434289818871648,3.2257460567275262],[-76.434078165320756,3.2257675533028274],[-76.433867357346244,3.2257962229911219],[-76.433657632122305,3.2258320315654534],[-76.433590681083032,3.2258458157882806],[-76.433580724682514,3.2258412646213515],[-76.433385287808932,3.2257568184058223],[-76.433187125638597,3.2256790541716795],[-76.432986463177599,3.2256080624048615],[-76.43286855877173,3.2255698764948764],[-76.432713741556839,3.2255214189961228],[-76.4326287117715,3.2254954652180245],[-76.432423737989296,3.2254382518012759],[-76.432216959424366,3.2253880280369751],[-76.432008611765966,3.2253448536594407],[-76.43179893155687,3.2253087748488785],[-76.431588159828124,3.2252798359637054],[-76.431376534872115,3.2252580687237455],[-76.431164299448326,3.2252434967030004],[-76.430951695402598,3.2252361389616455],[-76.430786153283805,3.2252354091833308],[-76.430603766678303,3.2252370149629299],[-76.430556578822745,3.2252376076802309],[-76.430343965580633,3.2252446922684563],[-76.430131711760467,3.2252589913939884],[-76.429920059984141,3.2252804870740692],[-76.429709250156336,3.225309155011165],[-76.429499525753172,3.2253449636682703],[-76.429291122128504,3.2253878715980608],[-76.429084280002343,3.2254378292041221],[-76.42906685599705,3.2254423792687468],[-76.428978221391517,3.2254656569128661],[-76.428951961252451,3.2254413709839942],[-76.428927160225484,3.2254193170358865],[-76.428813272043271,3.2253185786543193],[-76.428676751215519,3.2252012519876252],[-76.428510837893128,3.2250674285739027],[-76.428340522349998,3.224939311698793],[-76.428166000128996,3.2248170506708065],[-76.428033848257712,3.2247301658966507],[-76.427945933953382,3.2246739342098851],[-76.427830659807071,3.2245994443901491],[-76.427759648252447,3.2245542271389898],[-76.427577311783594,3.2244440876500624],[-76.427440920875213,3.2243670772487656],[-76.427340672471175,3.2243121095648903],[-76.427291130052865,3.2242852317638571],[-76.427101813295295,3.2241877160724224],[-76.42690932648722,3.2240966824203263],[-76.426712048620601,3.2240114767802157],[-76.426609950716241,3.2239694742354144],[-76.426565392431144,3.2239520042404757],[-76.426397936788717,3.2240984947602889],[-76.426185502170711,3.2238733620759228],[-76.426165472202499,3.2246414217469979],[-76.425487098355845,3.2265942647568178],[-76.42514791131029,3.2275706866591656],[-76.42532010095232,3.2278569488389328],[-76.426236589312865,3.2288291159731228],[-76.426466819075031,3.2294020248180262],[-76.427884081307369,3.2302289870996219],[-76.427669928562167,3.2315495871681135],[-76.426063792838491,3.231085593246755],[-76.42582363620798,3.2308011959289304],[-76.425472617213316,3.2311564010654639],[-76.425903553432207,3.2315002387329042],[-76.426154885277342,3.2317049807962102]]]},"properties":{"OBJECTID":7,"FID_CoberturaTierra_COLOMBIA2022":336053,"codigo":22121,"leyenda":"Caña","insumo":"Landsat_2022_mediana_09032023","apoyo":"","confiabili":"SI","cambio":2,"nivel_1":"TERRITORIOS AGRÍCOLAS","nivel_2":"Cultivos permanentes","nivel_3":"Cultivos permanentes herbáceos","nivel_4":"Caña","nivel_5":"Caña","nivel_6":" ","area_ha":233.95513201006415,"FID_Cuenca_Cau_RíoPalo":1,"OBJECTID_1":99,"COD_AH":2,"nom_ah":"Magdalena Cauca","COD_ZH":26,"nom_zh":"Cauca","COD_SZH":2604,"nom_szh":"Río Palo","ruleid":3,"SHAPE_Leng":2.20103318471,"Shape_Length":7089.0292547560839,"Shape_Area":1546845.9338410979}},{"type":"Feature","id":8,"geometry":{"type":"Polygon","coordinates":[[[-76.420249932877326,3.2122794297502377],[-76.421234301183432,3.2112939501940203],[-76.421645947903727,3.2109637570605205],[-76.422172566659171,3.2105429430791883],[-76.422370964912261,3.2105707221177129],[-76.422561489907096,3.2105956952975152],[-76.423568639736928,3.210731735036795],[-76.425086899857931,3.2120203539792334],[-76.425331214843865,3.2122270486834736],[-76.426559566189468,3.213271235228651],[-76.427688557047503,3.2121442329952927],[-76.427635057046018,3.2120901417102985],[-76.428253337674903,3.2116401803548853],[-76.428198610212149,3.211453459423629],[-76.428131636940179,3.2112505123453907],[-76.428071520831011,3.2110855129912479],[-76.428020854773209,3.2109522089207889],[-76.428007216824341,3.2109166519573802],[-76.427926766355441,3.2107187128584349],[-76.427839711876132,3.2105236174465968],[-76.427746149405152,3.2103315885441566],[-76.427652133381471,3.2101536530635904],[-76.427589728647646,3.2100399498342456],[-76.427583783699319,3.210029142083219],[-76.427477538232822,3.2098439009324853],[-76.427365129374479,3.209662371078172],[-76.427246683655582,3.2094847616890081],[-76.427122339267356,3.2093112746671788],[-76.426992920363404,3.2091429678773085],[-76.426898930884974,3.2090248915996171],[-76.426762875103876,3.2088598079726545],[-76.426621706879587,3.2086998541054101],[-76.426585794560395,3.2086608522481983],[-76.42647653550253,3.2085431859384865],[-76.426365983900325,3.2084271194301213],[-76.426214394716027,3.2082771103803411],[-76.426179607900792,3.2082440827921768],[-76.426054727336435,3.2081264156451441],[-76.425932970173506,3.2080146672562004],[-76.425771651685437,3.207875287298009],[-76.425605740768376,3.2077414626672085],[-76.425435429379377,3.2076133472057902],[-76.425260909445072,3.2074910857218546],[-76.425082380969258,3.2073748193829288],[-76.424913000487706,3.2072722283882857],[-76.424657789716534,3.2071230896175491],[-76.424644836750943,3.2071155415324553],[-76.424458905488592,3.2070116545050507],[-76.424269591601231,3.2069141390618174],[-76.424077108471963,3.2068231056099048],[-76.423915603086769,3.2067527571343395],[-76.423764979629297,3.2066896456713532],[-76.423731053201635,3.2066755485430463],[-76.42353289591604,3.2065977839607758],[-76.423332237258037,3.2065267900390855],[-76.423129308493856,3.2064626491198323],[-76.4229243399609,3.2064054345138402],[-76.422717566457749,3.2063552095794012],[-76.422556282801153,3.2063217857760482],[-76.422382380701066,3.2062668200294504],[-76.422240097126632,3.206226307942126],[-76.422007865210546,3.2061631370033141],[-76.421974203009711,3.2061541677728016],[-76.421883961238677,3.2061027485674765],[-76.421638755471847,3.2059663196030073],[-76.421544830757938,3.2059139532449366],[-76.421466700639911,3.2058706170838698],[-76.421463163183745,3.2058618004476522],[-76.421376109850186,3.2056667054145267],[-76.421357335512255,3.2056268287313125],[-76.421230060142904,3.2053588997373712],[-76.421155272276323,3.2052067468916516],[-76.42114776122007,3.2051920169576724],[-76.42108687063174,3.2050729767727235],[-76.421061547817942,3.2050156339480371],[-76.4210073053587,3.20489616123553],[-76.420913745140609,3.2047041324692938],[-76.420813785468582,3.2045153893218763],[-76.42070754210765,3.2043301473248138],[-76.420682187584234,3.2042892013032924],[-76.420303066217713,3.2045271157179807],[-76.419507374772309,3.2041255501200401],[-76.420211636365224,3.2021584378054633],[-76.416848724780834,3.1992295275402873],[-76.415880804564225,3.1992976452639179],[-76.415778805975549,3.1993048232510137],[-76.414643957925009,3.201316560750378],[-76.414576419205972,3.2024641800517899],[-76.414796635576039,3.2043279570990184],[-76.415087965078229,3.2061197809081259],[-76.415663482860793,3.2075520910260233],[-76.416739847645445,3.2094129864801335],[-76.417599559558468,3.2104857761766974],[-76.418476405779117,3.2111474638456867],[-76.41865561564434,3.2116398640547938],[-76.418739285844225,3.2118661317213197],[-76.41880037315785,3.2120444477305803],[-76.42020396935736,3.2123269750649648],[-76.420249932877326,3.2122794297502377]]]},"properties":{"OBJECTID":8,"FID_CoberturaTierra_COLOMBIA2022":336056,"codigo":121,"leyenda":"Zonas industriales o comerciales","insumo":"Landsat_2022_mediana_09032023","apoyo":"","confiabili":"SI","cambio":1,"nivel_1":"TERRITORIOS ARTIFICIALIZADOS","nivel_2":"Zonas industriales o comerciales y redes de comunicación","nivel_3":"Zonas industriales o comerciales","nivel_4":" ","nivel_5":" ","nivel_6":" ","area_ha":122.55617020874021,"FID_Cuenca_Cau_RíoPalo":1,"OBJECTID_1":99,"COD_AH":2,"nom_ah":"Magdalena Cauca","COD_ZH":26,"nom_zh":"Cauca","COD_SZH":2604,"nom_szh":"Río Palo","ruleid":3,"SHAPE_Leng":2.20103318471,"Shape_Length":5129.1084414200814,"Shape_Area":1075719.8872719368}},{"type":"Feature","id":9,"geometry":{"type":"MultiPolygon","coordinates":[[[[-76.426385019941961,3.2215915426598989],[-76.426313635644718,3.222626608767762],[-76.426185502170711,3.2238733620759228],[-76.426397936788717,3.2240984947602889],[-76.426565392431144,3.2239520042404757],[-76.426415473083125,3.2238932266141176],[-76.426325387055087,3.2238613552637307],[-76.426364441427808,3.2237555740727895],[-76.426431672812683,3.2235527143792515],[-76.426450372508384,3.2234918744591097],[-76.42652106207882,3.223257718558469],[-76.426562739179644,3.2231135329719134],[-76.42661619295103,3.2229065722486192],[-76.42663013372561,3.2228439776969742],[-76.426662426509139,3.2228121032660701],[-76.426809088091957,3.2226572234570257],[-76.426950463362957,3.2224974522359831],[-76.427086388456132,3.2223329735585771],[-76.427216708503153,3.2221639740599581],[-76.427341275850779,3.2219906475780395],[-76.427459949146836,3.2218131906394052],[-76.427572590658912,3.2216318069855232],[-76.427679072547875,3.2214467021308768],[-76.42773700053462,3.2213395409610732],[-76.427847379850832,3.2211305756340503],[-76.427889654399948,3.2210491234764858],[-76.427983462351776,3.2208572143793113],[-76.42807076681747,3.2206622312051816],[-76.428151469674006,3.220464395628476],[-76.428225479105208,3.220263933819119],[-76.428292710488478,3.2200610728257759],[-76.428353087314846,3.2198560468968762],[-76.428400087556213,3.2196740670225044],[-76.42818964420448,3.2197725576443701],[-76.427334470988256,3.2200622951810187],[-76.426536594082776,3.2208535215770682],[-76.426536595138359,3.220997238183323],[-76.425625322602656,3.2210003193291237],[-76.425197015830307,3.2209300551672246],[-76.426385019941961,3.2215915426598989]]],[[[-76.439350964616452,3.2346073700265991],[-76.439446896677666,3.234846077171599],[-76.439543153292419,3.2351803962555818],[-76.439710591334816,3.2354666655501751],[-76.439901166103425,3.235561629678442],[-76.440139384796893,3.2356803342817426],[-76.440354224952827,3.2359186345593409],[-76.440593331593874,3.236300273653657],[-76.440712965743813,3.2365149963030757],[-76.440897223111236,3.2366989415753493],[-76.441269150586962,3.2367745905922467],[-76.441291617430053,3.2365283160318219],[-76.441306990676836,3.2363741073449996],[-76.441329947829985,3.2360973348768267],[-76.441314729287853,3.2360764759653513],[-76.440635432955659,3.2353456100083409],[-76.440414643411245,3.2351117622605217],[-76.441459549657637,3.2348049244761139],[-76.443107473127355,3.2345599257783766],[-76.444213629681357,3.234499165998002],[-76.446113565917329,3.2348696921641231],[-76.44660204590032,3.2335160188306076],[-76.447113041148057,3.232663771805055],[-76.447334094863464,3.2322854498744951],[-76.447364072100982,3.2322704202168371],[-76.448207692553027,3.2321104132142904],[-76.449052415766118,3.2321075283631182],[-76.449059680971786,3.2319652918455484],[-76.449063406521475,3.2317515035310622],[-76.449059945099307,3.2315377117547959],[-76.449054286451187,3.2314069901584168],[-76.449036888424502,3.2310824490476642],[-76.449031905824128,3.2309996174908999],[-76.449014093692512,3.2307865486529068],[-76.448989132121085,3.2305742052711257],[-76.448957049797571,3.230362830263612],[-76.448917882590649,3.2301526638136346],[-76.448871675362682,3.2299439478805896],[-76.448818482850385,3.2297369207765012],[-76.44875836247104,3.2295318162871189],[-76.448691384227928,3.2293288690587745],[-76.448617626210066,3.2291283128068344],[-76.448537170975627,3.2289303740042081],[-76.44852292137206,3.228897205478487],[-76.448374491520795,3.2285543731543136],[-76.448301680316803,3.228392447609107],[-76.448208112577802,3.2282004193153653],[-76.448108147390613,3.2280116777724066],[-76.448001896033531,3.2278264376114714],[-76.447889482355563,3.2276449098074562],[-76.447771031091804,3.2274673017188271],[-76.447744331717232,3.2274289953336974],[-76.447644116053837,3.2272863436116608],[-76.446678129631891,3.2278035995554677],[-76.446052564403146,3.2281919045716267],[-76.445129280050182,3.2278806399395497],[-76.443504194329847,3.228034659818912],[-76.442108344690041,3.2281892721984762],[-76.441108736929579,3.2288884867621737],[-76.440872286003653,3.2298987799863577],[-76.441152644111881,3.2299553170136757],[-76.441498790125095,3.2297715690260644],[-76.441903073195277,3.2297701930181568],[-76.44256999821377,3.2300786635418475],[-76.442975811926303,3.230531443519896],[-76.443191294896238,3.2309609687580121],[-76.443312298666569,3.2315820431132924],[-76.443290211767064,3.2320840877376624],[-76.443220642872646,3.2326101981713626],[-76.442984442882604,3.2330890692671788],[-76.442413931905904,3.2331627247121331],[-76.442104128346941,3.2329725545182035],[-76.441912909259912,3.2326863669668544],[-76.441507012146445,3.2322096824602009],[-76.441078543752965,3.2320916267007198],[-76.440746088127099,3.2322361794626273],[-76.440319231752042,3.2325961847553768],[-76.439972163911904,3.2329474558559164],[-76.439865326607347,3.2330071610143598],[-76.439377079046821,3.2334951014667492],[-76.439323269564582,3.2335511369113603],[-76.439231832994508,3.2338568706140882],[-76.439094708141255,3.2343287426061686],[-76.439100022424498,3.2343941277085611],[-76.439105699629991,3.2344639790551932],[-76.439350964616452,3.2346073700265991]]]]},"properties":{"OBJECTID":9,"FID_CoberturaTierra_COLOMBIA2022":336063,"codigo":242,"leyenda":"Mosaico de pastos y cultivos","insumo":"Landsat_2022_mediana_09032023","apoyo":"","confiabili":"SI","cambio":2,"nivel_1":"TERRITORIOS AGRÍCOLAS","nivel_2":"Áreas agrícolas heterogéneas","nivel_3":"Mosaico de pastos y cultivos","nivel_4":" ","nivel_5":" ","nivel_6":" ","area_ha":589.41704824065437,"FID_Cuenca_Cau_RíoPalo":1,"OBJECTID_1":99,"COD_AH":2,"nom_ah":"Magdalena Cauca","COD_ZH":26,"nom_zh":"Cauca","COD_SZH":2604,"nom_szh":"Río Palo","ruleid":3,"SHAPE_Leng":2.20103318471,"Shape_Length":5842.6747300665056,"Shape_Area":611442.69379858288}},{"type":"Feature","id":10,"geometry":{"type":"Polygon","coordinates":[[[-76.442901194180308,3.2423117888610316],[-76.443475743950799,3.2424116718110967],[-76.44419097186595,3.2429350974844491],[-76.444810913365316,3.2434110413188755],[-76.44538248084784,3.2436481171724854],[-76.445858112271239,3.2436464875718003],[-76.446276789141109,3.2435827271741977],[-76.446498858350722,3.2435489074854882],[-76.446816349906783,3.2432314155694204],[-76.447451333857018,3.2429139249236711],[-76.448394481247121,3.2421341881304477],[-76.448424440441073,3.241862766129064],[-76.448185834990369,3.2416846599590339],[-76.447888337806049,3.2415579641883885],[-76.447674052730051,3.241206293168811],[-76.447386659204156,3.2408903931166928],[-76.447171815798185,3.2406520954492928],[-76.446766478970488,3.2403427409178334],[-76.446409110188512,3.2401527389377311],[-76.445980881030749,3.2401063973112278],[-76.445623755009535,3.2399881017583376],[-76.445289761859385,3.2396785027371138],[-76.444995292440737,3.2393471049359652],[-76.44445571079342,3.2391793860057039],[-76.44400362107946,3.2391092207237668],[-76.443670679576883,3.2391103586315411],[-76.443265343432913,3.2388010008792802],[-76.443168922698462,3.2384188775816392],[-76.443152650710815,3.2380519570802031],[-76.443047672216181,3.2377260959968464],[-76.442785106427081,3.2374401526246275],[-76.442731771788885,3.2373820707055194],[-76.442594449742813,3.237321287920663],[-76.442356877975584,3.2373938089510919],[-76.441976293359062,3.2373712044809198],[-76.441571522709481,3.2372291665150428],[-76.441047522266174,3.2369919213306586],[-76.440571567686888,3.2368979316272961],[-76.44026192433725,3.2367555681400701],[-76.439879562729672,3.236207094498317],[-76.439640859673162,3.2359449714946829],[-76.439283169262083,3.2356593509537608],[-76.439068571215685,3.2354927575761852],[-76.438924590907547,3.2351107948592777],[-76.438947002001257,3.2347043600378749],[-76.43899574960308,3.2346055289325979],[-76.438922413555886,3.234465409570161],[-76.438825835805702,3.2340354771478217],[-76.439084933836924,3.2332935884944796],[-76.439559193141008,3.232885614446336],[-76.439867062260632,3.2325021123046493],[-76.440175173013358,3.2321903176929978],[-76.440435881761275,3.23192649253994],[-76.440744153381686,3.2316625045209535],[-76.441243158606724,3.2315412875146823],[-76.441623983958351,3.231635603691573],[-76.442029799912277,3.2320883847251944],[-76.442173375092267,3.2323508317763578],[-76.442364836050345,3.2327087291903989],[-76.442721960358412,3.2328270281543063],[-76.442840301627868,3.2326593011136331],[-76.442838285685866,3.2320617247500265],[-76.442860534140053,3.2316074861860029],[-76.442644970170079,3.2311540581802003],[-76.442381842778531,3.2307007919918833],[-76.442143061892139,3.2304147652496891],[-76.441809559277672,3.2302485777406966],[-76.441310071371504,3.2302263760755205],[-76.440954075115258,3.2304427192588583],[-76.440574620798728,3.2307547544685722],[-76.440195730273715,3.2312341127196746],[-76.439602322665181,3.2315707808165111],[-76.438960949354779,3.2317880960894088],[-76.43820082907412,3.2320536217162585],[-76.437654015974218,3.2321032895172039],[-76.437178546883942,3.2321527160443155],[-76.436584653008893,3.2323459650892303],[-76.436085402039311,3.2323954713123713],[-76.435657334250692,3.2323969279324389],[-76.435324634400885,3.2324697702844318],[-76.435088187176603,3.2328769339059389],[-76.435256106793503,3.2333066257141168],[-76.43528182158407,3.2338802230124126],[-76.435164443773161,3.2343347888955782],[-76.434975479696973,3.2347178881876308],[-76.434737825346815,3.234766503552855],[-76.434404882007428,3.2347676377862675],[-76.43399962838437,3.2344821752275661],[-76.433666121306288,3.2343159850395926],[-76.433094314706722,3.234007184235427],[-76.432943364773394,3.2338912894668592],[-76.432586624345859,3.2333424088467027],[-76.432591037945087,3.2328615241596115],[-76.432470842684992,3.2324794757496011],[-76.432255923750105,3.2322172671600646],[-76.431637279631857,3.2321237549407642],[-76.431043059677464,3.2322213889601952],[-76.430565239829733,3.2323699130023584],[-76.430187803651989,3.2324872343402129],[-76.430037554199075,3.2325381406059988],[-76.429475156997569,3.2327286908543744],[-76.428547991329623,3.2328274549150549],[-76.427691848396705,3.2328303619791798],[-76.427247011576185,3.2328246608510907],[-76.427097063040804,3.232760670176936],[-76.42619054604036,3.2319271157689804],[-76.426154885277342,3.2317049807962102],[-76.425903553432207,3.2315002387329042],[-76.425472617213316,3.2311564010654639],[-76.425247216393473,3.2309765572577205],[-76.425182310568218,3.2309036902489576],[-76.425031006388124,3.2312876399295014],[-76.424415085599705,3.2320068419737642],[-76.424368324107292,3.2322460375581459],[-76.424180155846088,3.232868174008602],[-76.424515189044072,3.2334885357616039],[-76.424753809565615,3.2337267639984977],[-76.425230570907118,3.2340597993134139],[-76.426040439368393,3.2344395099663701],[-76.426993158374501,3.2348665417714173],[-76.42780334673698,3.2353418628068309],[-76.428708021407743,3.2356256328253976],[-76.429040000991307,3.2353376609881344],[-76.429654949139405,3.2343316166823453],[-76.429775178672529,3.2336539591765425],[-76.430075719407725,3.2332908570093037],[-76.430360906315414,3.2332325193188609],[-76.430697967340464,3.233324120334077],[-76.430890311846071,3.2339449596896395],[-76.430942380722897,3.2352833845294171],[-76.431088129166355,3.2361912272390239],[-76.431234039740531,3.2371468746999508],[-76.431146191238227,3.2377494277494625],[-76.431903151138059,3.2381007405714404],[-76.432522605131993,3.2384332818272319],[-76.432999207759266,3.2387185006819186],[-76.433904365839382,3.2391456805578516],[-76.434951890557713,3.2394767598720686],[-76.43565122012231,3.2396860905448555],[-76.435704136031134,3.2396860907770417],[-76.435757051038195,3.2396860910095104],[-76.43586288080445,3.239739005782476],[-76.435915797372829,3.2397919212143389],[-76.436021627146559,3.2398448359498864],[-76.437759422649563,3.2398496391999769],[-76.438664256621635,3.2401811985802396],[-76.43966324690382,3.2402255948082228],[-76.440568402558057,3.240652764245703],[-76.44114158732863,3.2413679071065222],[-76.441952426700865,3.2420344284802263],[-76.442666684351792,3.242271019534205],[-76.442901194180308,3.2423117888610316]]]},"properties":{"OBJECTID":10,"FID_CoberturaTierra_COLOMBIA2022":336064,"codigo":242,"leyenda":"Mosaico de pastos y cultivos","insumo":"Landsat_2022_mediana_09032023","apoyo":"","confiabili":"SI","cambio":1,"nivel_1":"TERRITORIOS AGRÍCOLAS","nivel_2":"Áreas agrícolas heterogéneas","nivel_3":"Mosaico de pastos y cultivos","nivel_4":" ","nivel_5":" ","nivel_6":" ","area_ha":128.76495931272959,"FID_Cuenca_Cau_RíoPalo":1,"OBJECTID_1":99,"COD_AH":2,"nom_ah":"Magdalena Cauca","COD_ZH":26,"nom_zh":"Cauca","COD_SZH":2604,"nom_szh":"Río Palo","ruleid":3,"SHAPE_Leng":2.20103318471,"Shape_Length":8813.5084213361224,"Shape_Area":1287649.5813627345}},{"type":"Feature","id":11,"geometry":{"type":"Polygon","coordinates":[[[-76.413078999922334,3.2259333690307637],[-76.413081766986892,3.2259889386771152],[-76.413099572899981,3.2262020081585985],[-76.413124525927742,3.2264143506262202],[-76.413156600100237,3.2266257249389354],[-76.413195760458663,3.226835889985924],[-76.41324195946288,3.227044605602317],[-76.413295145090146,3.2272516352521659],[-76.413355257218583,3.2274567397165796],[-76.413422227660305,3.2276596870315757],[-76.41349597833964,3.2278602452666405],[-76.413576426695244,3.228058185216951],[-76.413663480286999,3.2282532804214843],[-76.413757040403453,3.2284453107648718],[-76.413856999338179,3.2286340543552963],[-76.41396324222066,3.2288192974565546],[-76.414075651486357,3.229000827245216],[-76.414194095212835,3.2291784381743351],[-76.414318438789778,3.229351927416638],[-76.414442841163719,3.2295136841002607],[-76.414455066770302,3.2296599776149404],[-76.414480019990393,3.2298723196493229],[-76.414512095269458,3.2300836952987453],[-76.414551254941856,3.2302938607517495],[-76.414572586697787,3.2303943832216406],[-76.414601809295348,3.2305268090078703],[-76.414626676780671,3.2306350016134049],[-76.414679862669786,3.2308420306821879],[-76.414739975067732,3.2310471354363508],[-76.414806946678155,3.2312500821026786],[-76.414880697632384,3.2314506405644181],[-76.414961146263551,3.2316485807109601],[-76.415048200130201,3.2318436760821725],[-76.415141760519589,3.232035706563448],[-76.415241720622774,3.2322244502608486],[-76.415347963767218,3.2324096925416992],[-76.415460373291907,3.2325912223873772],[-76.415492815845724,3.2326411767809566],[-76.415719768085523,3.2329870543529937],[-76.415805768697084,3.2331147117454515],[-76.415930113526514,3.2332881999740257],[-76.416060216408084,3.2334573682049963],[-76.416195931077326,3.2336220235903856],[-76.416337100501337,3.2337819787397004],[-76.416483564060499,3.2339370489853376],[-76.416523847573501,3.2339779105267921],[-76.416619050785201,3.2340736029629333],[-76.416730358111323,3.2341827529261944],[-76.416886903045636,3.2343275310239643],[-76.417048223545478,3.2344669137073812],[-76.417214135695417,3.234600738975796],[-76.417221710347093,3.2346066309530115],[-76.41738285827158,3.2347317828527324],[-76.417545599077215,3.234854008420466],[-76.417720122264029,3.234976271705055],[-76.417898653156229,3.2350925404706783],[-76.418080989957403,3.2352026816896227],[-76.418266922808598,3.2353065704929826],[-76.418416414351256,3.2353842443209326],[-76.418577591491214,3.2354652664529584],[-76.418617419013188,3.2354851104553135],[-76.418809906390308,3.2355761459873085],[-76.419005343296433,3.2356605952129422],[-76.41920350558469,3.2357383613206374],[-76.419404169138573,3.2358093565336388],[-76.419607102669019,3.2358734985206743],[-76.419812076724185,3.2359307166895062],[-76.419961336489806,3.2359677156228672],[-76.420181141780091,3.2360193506452015],[-76.420238659951139,3.2360325772831273],[-76.420447009657508,3.2360757541003031],[-76.420656690988665,3.2361118342441242],[-76.420867464706177,3.2361407769709443],[-76.421023137945269,3.2361574967354905],[-76.421257641308401,3.236179723020348],[-76.421313594945062,3.2361847741308298],[-76.421525832176059,3.2361993477548965],[-76.421575997727757,3.236201084751158],[-76.421597800915961,3.2362231986280672],[-76.421662150519126,3.2362878697520281],[-76.421773175997714,3.2363967346905724],[-76.421929721506004,3.2365415135823143],[-76.422091042519838,3.2366808952464026],[-76.422256956028107,3.2368147194882302],[-76.422427272766939,3.2369428378796696],[-76.422576299558955,3.2370472379217832],[-76.422607699309566,3.2370715958522864],[-76.422645035452533,3.2371003388495492],[-76.422684435419129,3.2371304345290239],[-76.422706119584547,3.2371486801674876],[-76.422724703619323,3.2371642566971062],[-76.422890617252975,3.2372980824674191],[-76.423060933201995,3.2374261996788793],[-76.423235456815149,3.2375484617293062],[-76.423392869682758,3.2376514199957849],[-76.423477980860198,3.2377052900167267],[-76.423499101051448,3.2377186001768541],[-76.423681438164323,3.2378287401324037],[-76.423867373064681,3.2379326285766417],[-76.423911123914962,3.2379558874167351],[-76.423977320421585,3.2379907479840515],[-76.424005980496645,3.2380057472535801],[-76.424097402857981,3.2380532905512474],[-76.424214312087685,3.2381125498961181],[-76.424406800485528,3.2382035841904724],[-76.424509852577813,3.2382490921828828],[-76.424598123056214,3.2382871300793292],[-76.424690508826686,3.2383260700737742],[-76.424888672009729,3.2384038358457055],[-76.424901136725651,3.2384084697331836],[-76.424995402904401,3.2384434037234358],[-76.425086529407693,3.2384780773336623],[-76.425125133772994,3.2384926208340605],[-76.425325799043378,3.238563614740658],[-76.425528733327056,3.2386277563505947],[-76.425733798028475,3.23868499644795],[-76.425819020336903,3.2387072305786648],[-76.426025619862742,3.2387574094471545],[-76.426233970134447,3.2388005851074069],[-76.426443652867775,3.2388366650264953],[-76.426654427916787,3.2388656057558616],[-76.426866055175424,3.2388873755918857],[-76.42708076322981,3.2389020744696921],[-76.427209371469445,3.238908612585413],[-76.427417036557117,3.2389157192913802],[-76.427523401897432,3.2389166910006422],[-76.427665303069048,3.2389167820284368],[-76.427778831903979,3.238916855712763],[-76.427885198320226,3.2389160232003285],[-76.427928518287075,3.2389151657317115],[-76.427986153533368,3.238913825007268],[-76.428034263772332,3.2389138564903543],[-76.428140630159561,3.2389130239514525],[-76.428195451775167,3.238911887027689],[-76.42831844469984,3.2389088016339662],[-76.428476239575829,3.2389028540617995],[-76.428688495544264,3.2388885558405427],[-76.42879801757789,3.2388783401716004],[-76.428830822437575,3.2388749897051508],[-76.428782373565639,3.238045716269319],[-76.428825145346636,3.2380457162282288],[-76.428878060444816,3.2379928013075117],[-76.428983890823943,3.2379398852690136],[-76.429036807009368,3.237939885045813],[-76.429089722085081,3.2378869701314836],[-76.429195552427529,3.2378340549975775],[-76.429301382750083,3.237781139864226],[-76.429407213049728,3.2377282238280354],[-76.42946012830177,3.2377282235973506],[-76.429460128086177,3.2376753089263755],[-76.429565960373651,3.2376753084564163],[-76.429618874718329,3.2376753091268036],[-76.429671789955862,3.2376753088879209],[-76.429724704964016,3.2376223939899358],[-76.429777621091759,3.2376223937453612],[-76.429830536317723,3.2376223935010584],[-76.429883450644951,3.2376223941604709],[-76.429936365865046,3.2376223939106263],[-76.429989281981022,3.2376223936549153],[-76.43004219719829,3.237622394302913],[-76.431100503283275,3.2377282240872525],[-76.431146191238227,3.2377494277494625],[-76.431234039740531,3.2371468746999508],[-76.431088129166355,3.2361912272390239],[-76.430942380722897,3.2352833845294171],[-76.430890311846071,3.2339449596896395],[-76.430697967340464,3.233324120334077],[-76.430360906315414,3.2332325193188609],[-76.430075719407725,3.2332908570093037],[-76.429775178672529,3.2336539591765425],[-76.429654949139405,3.2343316166823453],[-76.429040000991307,3.2353376609881344],[-76.428708021407743,3.2356256328253976],[-76.42780334673698,3.2353418628068309],[-76.426993158374501,3.2348665417714173],[-76.426040439368393,3.2344395099663701],[-76.425230570907118,3.2340597993134139],[-76.424753809565615,3.2337267639984977],[-76.424515189044072,3.2334885357616039],[-76.424180155846088,3.232868174008602],[-76.424368324107292,3.2322460375581459],[-76.424415085599705,3.2320068419737642],[-76.425031006388124,3.2312876399295014],[-76.425182310568218,3.2309036902489576],[-76.425247216393473,3.2309765572577205],[-76.425472617213316,3.2311564010654639],[-76.42582363620798,3.2308011959289304],[-76.426063792838491,3.231085593246755],[-76.427669928562167,3.2315495871681135],[-76.427884081307369,3.2302289870996219],[-76.426466819075031,3.2294020248180262],[-76.426236589312865,3.2288291159731228],[-76.42532010095232,3.2278569488389328],[-76.42514791131029,3.2275706866591656],[-76.425487098355845,3.2265942647568178],[-76.426165472202499,3.2246414217469979],[-76.426185502170711,3.2238733620759228],[-76.426313635644718,3.222626608767762],[-76.426385019941961,3.2215915426598989],[-76.425197015830307,3.2209300551672246],[-76.424843458603902,3.2209058714472762],[-76.424514510693442,3.2223931020248981],[-76.42314141879362,3.222922616072172],[-76.423064185658646,3.2229615303183881],[-76.422505891551452,3.2226458817466144],[-76.422162285233398,3.2223028282736963],[-76.422158640605176,3.2212128250467154],[-76.422384643233187,3.2205236308917771],[-76.42238387621677,3.2202941571466828],[-76.422383300987491,3.2201220509336248],[-76.422210922634136,3.2197784174965092],[-76.421868084090647,3.2196648366460541],[-76.421297518403463,3.2197241316286309],[-76.420783834682567,3.21972586612763],[-76.420288023949752,3.2197275391582756],[-76.420288010256172,3.2203582671362398],[-76.420675049748297,3.2213325731454772],[-76.420734618240999,3.2220781732002122],[-76.420451347114593,3.2227101918453864],[-76.419939004704901,3.2231135075845629],[-76.419484313206425,3.2236887365577753],[-76.419544074698081,3.2244917060396583],[-76.419660530232079,3.2251797453396747],[-76.419539529707862,3.225486782466763],[-76.418854963565593,3.2265423524466916],[-76.418490470446031,3.2268820424510278],[-76.417754937660533,3.2273761979543201],[-76.417198290822341,3.2274458191707334],[-76.416908450577807,3.2274820667040385],[-76.41695386992923,3.2269505397506988],[-76.41698449878848,3.2265856454774746],[-76.416999825313155,3.2264082815981423],[-76.417015100609703,3.2262083279047227],[-76.417121675325944,3.2251474978273227],[-76.416488594728847,3.223979379255721],[-76.415855275373559,3.2227050880623587],[-76.414482237747521,3.2222801809734065],[-76.414268705239891,3.2227618348266551],[-76.414169177338678,3.222973276838637],[-76.41408533006134,3.2231632251525708],[-76.413955625618712,3.2234470248359264],[-76.413528627942398,3.2249321537163778],[-76.413269130422165,3.2254607870159786],[-76.413208155662048,3.2255783935366797],[-76.413177390269837,3.2256383288693153],[-76.413162318884019,3.2256818487232755],[-76.413108606684887,3.2257813670098807],[-76.413078999922334,3.2259333690307637]]]},"properties":{"OBJECTID":11,"FID_CoberturaTierra_COLOMBIA2022":336071,"codigo":111,"leyenda":"Tejido urbano continuo","insumo":"Landsat_2022_mediana_09032023","apoyo":"Mosaico_Planet_072022_NICFI","confiabili":"SI","cambio":2,"nivel_1":"TERRITORIOS ARTIFICIALIZADOS","nivel_2":"Zonas urbanizadas","nivel_3":"Tejido urbano continuo","nivel_4":" ","nivel_5":" ","nivel_6":" ","area_ha":308.96902453317801,"FID_Cuenca_Cau_RíoPalo":1,"OBJECTID_1":99,"COD_AH":2,"nom_ah":"Magdalena Cauca","COD_ZH":26,"nom_zh":"Cauca","COD_SZH":2604,"nom_szh":"Río Palo","ruleid":3,"SHAPE_Leng":2.20103318471,"Shape_Length":9616.2952441746202,"Shape_Area":2086122.0063497282}},{"type":"Feature","id":12,"geometry":{"type":"Polygon","coordinates":[[[-76.40859756265975,3.2016637187288368],[-76.40900918540575,3.2017656930251621],[-76.409364957621264,3.2014776528879003],[-76.409109824551606,3.1998195486183345],[-76.408052557913862,3.1929482427921299],[-76.407775712856449,3.1907263646547737],[-76.407529194423432,3.1906657196156876],[-76.407516426860468,3.190715150033034],[-76.407469956917765,3.1909238036674599],[-76.407430525148598,3.1911339173594637],[-76.407398175704358,3.1913452497333026],[-76.407372945545688,3.1915575594369017],[-76.407354863540576,3.1917706042413854],[-76.407343950464423,3.1919841410412557],[-76.407340218107009,3.1921979276641386],[-76.407343671055372,3.1924117183476941],[-76.407354306714481,3.1926252700636883],[-76.407372110801276,3.192838338919322],[-76.407388458721016,3.1929840855375278],[-76.407399274882437,3.1930714208282844],[-76.407407880706998,3.1931380163256762],[-76.407439955461655,3.1933493905640624],[-76.407479113566055,3.1935595558239616],[-76.407525311083162,3.1937682710216015],[-76.407578495105213,3.1939753005238471],[-76.40763860642025,3.1941804051048388],[-76.407673643235171,3.1942894348725126],[-76.407706198803353,3.194387697288485],[-76.407715848875327,3.19441607995646],[-76.407714414840669,3.194427122362117],[-76.407713008219233,3.1944380282532681],[-76.407661041362971,3.1948436862924035],[-76.407642202752868,3.1950075734119499],[-76.407634642459371,3.1950867249400678],[-76.407607276474366,3.1953934628685219],[-76.407592667896395,3.1955086445853174],[-76.407574836941293,3.1956646311828725],[-76.40756033502565,3.19582788860061],[-76.407533833511067,3.1961772319685537],[-76.407530253420802,3.196227021189693],[-76.40751934041927,3.1964405579908663],[-76.407515607268635,3.1966543445833673],[-76.407516815481529,3.1967825547983777],[-76.407523178594047,3.1971088513483163],[-76.407525424390798,3.197194430840602],[-76.407536059391646,3.1974079824508226],[-76.407553863748518,3.1976210511607581],[-76.407577824542926,3.1978249526341731],[-76.407584225822774,3.1979374893650734],[-76.407602030317335,3.1981505589552786],[-76.407609743019279,3.1982231121027254],[-76.407659621243084,3.1986680218521979],[-76.407662786804764,3.1986957160111995],[-76.407706282850825,3.1990689092566473],[-76.407734068341881,3.1993496808722619],[-76.407735035172664,3.1993593718131166],[-76.407759987869113,3.199571714561726],[-76.407792062494039,3.1997830893838302],[-76.407831221400798,3.1999932551750305],[-76.407877418849779,3.2002019699545246],[-76.407917723334478,3.2003614213473166],[-76.408009479894545,3.2007056262821711],[-76.408023056695711,3.2007555831146917],[-76.408026638947007,3.2009086685168451],[-76.408037273106032,3.2011222199622784],[-76.408041007850727,3.2011749480847449],[-76.408065613011061,3.2015029569220221],[-76.408152338916707,3.2015534199687568],[-76.408523911798682,3.2016454729068569],[-76.40859756265975,3.2016637187288368]]]},"properties":{"OBJECTID":12,"FID_CoberturaTierra_COLOMBIA2022":336073,"codigo":121,"leyenda":"Zonas industriales o comerciales","insumo":"Landsat_2022_mediana_09032023","apoyo":"","confiabili":"SI","cambio":1,"nivel_1":"TERRITORIOS ARTIFICIALIZADOS","nivel_2":"Zonas industriales o comerciales y redes de comunicación","nivel_3":"Zonas industriales o comerciales","nivel_4":" ","nivel_5":" ","nivel_6":" ","area_ha":121.94457241779168,"FID_Cuenca_Cau_RíoPalo":1,"OBJECTID_1":99,"COD_AH":2,"nom_ah":"Magdalena Cauca","COD_ZH":26,"nom_zh":"Cauca","COD_SZH":2604,"nom_szh":"Río Palo","ruleid":3,"SHAPE_Leng":2.20103318471,"Shape_Length":2603.4986196212585,"Shape_Area":126808.85363672271}},{"type":"Feature","id":13,"geometry":{"type":"Polygon","coordinates":[[[-76.442822284664757,3.2456709601616973],[-76.442832116828768,3.2456806889700611],[-76.442988668318407,3.2458254643336342],[-76.443149995087609,3.2459648424427341],[-76.443315912331201,3.246098664924923],[-76.443486233467496,3.2462267797382633],[-76.443660761146901,3.2463490402987185],[-76.443837445018488,3.2464640966779741],[-76.446276789141109,3.2435827271741977],[-76.445858112271239,3.2436464875718003],[-76.44538248084784,3.2436481171724854],[-76.444810913365316,3.2434110413188755],[-76.44419097186595,3.2429350974844491],[-76.443475743950799,3.2424116718110967],[-76.442901194180308,3.2423117888610316],[-76.44172221664428,3.2442821302879596],[-76.442962427047433,3.2453296323356566],[-76.442822284664757,3.2456709601616973]]]},"properties":{"OBJECTID":13,"FID_CoberturaTierra_COLOMBIA2022":336180,"codigo":121,"leyenda":"Zonas industriales o comerciales","insumo":"Landsat_2022_mediana_09032023","apoyo":"","confiabili":"SI","cambio":1,"nivel_1":"TERRITORIOS ARTIFICIALIZADOS","nivel_2":"Zonas industriales o comerciales y redes de comunicación","nivel_3":"Zonas industriales o comerciales","nivel_4":" ","nivel_5":" ","nivel_6":" ","area_ha":12.53412282619861,"FID_Cuenca_Cau_RíoPalo":1,"OBJECTID_1":99,"COD_AH":2,"nom_ah":"Magdalena Cauca","COD_ZH":26,"nom_zh":"Cauca","COD_SZH":2604,"nom_szh":"Río Palo","ruleid":3,"SHAPE_Leng":2.20103318471,"Shape_Length":1456.5863071867909,"Shape_Area":113812.13430178656}},{"type":"Feature","id":14,"geometry":{"type":"Polygon","coordinates":[[[-76.425197015830307,3.2209300551672246],[-76.425625322602656,3.2210003193291237],[-76.426536595138359,3.220997238183323],[-76.426536594082776,3.2208535215770682],[-76.427334470988256,3.2200622951810187],[-76.42818964420448,3.2197725576443701],[-76.428400087556213,3.2196740670225044],[-76.428406539351812,3.2196490857420397],[-76.428453008989592,3.2194404307726838],[-76.428492438591036,3.2192303152690109],[-76.428524785832039,3.219018982397015],[-76.428526796011383,3.2190040597333049],[-76.428551416188597,3.2188196340849835],[-76.42857463307881,3.2186222469570445],[-76.428592712895622,3.2184091997368727],[-76.428603622918857,3.2181956617996623],[-76.428607353177853,3.2179818752975939],[-76.428603895502263,3.2177680832800943],[-76.428593257010405,3.2175545314550167],[-76.428575449305228,3.217341462804693],[-76.428550491176821,3.2171291193835243],[-76.428518413105564,3.216917745013268],[-76.428479250050373,3.216707578983284],[-76.428451202952317,3.2165769796734156],[-76.428420661251806,3.2164417008099835],[-76.428402506082236,3.2163635852909538],[-76.428349317531797,3.2161565563699428],[-76.428294804413113,3.2159705686047264],[-76.428318091293505,3.2158657192776925],[-76.428357521570504,3.2156556038853523],[-76.428389868616719,3.215444271099976],[-76.428405718752487,3.2153182249995629],[-76.428432055167903,3.2150904291888964],[-76.42844143281792,3.2150041646455687],[-76.428448489059278,3.2149306166968938],[-76.42847179656188,3.2146719179743282],[-76.42848281824206,3.2145324196498177],[-76.428490953163632,3.2143886975349933],[-76.428502838865256,3.2141260839257053],[-76.428505613928309,3.21405626811528],[-76.428509343311589,3.2138424806962016],[-76.428505885693525,3.2136286895336066],[-76.428500044569049,3.2134945667249606],[-76.428485252677291,3.2132212822472055],[-76.42848376021773,3.2131676235872773],[-76.428482762554879,3.2131348120449266],[-76.428472124264033,3.2129212601268509],[-76.428454315890193,3.2127081913509374],[-76.428429358019855,3.2124958477656644],[-76.428397280233185,3.2122844731960396],[-76.42835811659198,3.212074307838102],[-76.428311914639792,3.2118655918423893],[-76.42825872641076,3.2116585644408433],[-76.428253337674903,3.2116401803548853],[-76.427635057046018,3.2120901417102985],[-76.427688557047503,3.2121442329952927],[-76.426559566189468,3.213271235228651],[-76.425331214843865,3.2122270486834736],[-76.425086899857931,3.2120203539792334],[-76.423568639736928,3.210731735036795],[-76.422561489907096,3.2105956952975152],[-76.422370964912261,3.2105707221177129],[-76.422172566659171,3.2105429430791883],[-76.421645947903727,3.2109637570605205],[-76.421234301183432,3.2112939501940203],[-76.420249932877326,3.2122794297502377],[-76.42131014072821,3.2127671832271725],[-76.422218441866434,3.2139024730938326],[-76.421653864788965,3.2164004901574077],[-76.421081336205773,3.2178769119601593],[-76.420288038314908,3.2191256918272977],[-76.420288023949752,3.2197275391582756],[-76.420783834682567,3.21972586612763],[-76.421297518403463,3.2197241316286309],[-76.421868084090647,3.2196648366460541],[-76.422210922634136,3.2197784174965092],[-76.422383300987491,3.2201220509336248],[-76.42238387621677,3.2202941571466828],[-76.424197949972992,3.2208617204992747],[-76.424843458603902,3.2209058714472762],[-76.425197015830307,3.2209300551672246]]]},"properties":{"OBJECTID":14,"FID_CoberturaTierra_COLOMBIA2022":336182,"codigo":22121,"leyenda":"Caña","insumo":"Landsat_2022_mediana_09032023","apoyo":"","confiabili":"SI","cambio":1,"nivel_1":"TERRITORIOS AGRÍCOLAS","nivel_2":"Cultivos permanentes","nivel_3":"Cultivos permanentes herbáceos","nivel_4":"Caña","nivel_5":"Caña","nivel_6":" ","area_ha":96.978383197799445,"FID_Cuenca_Cau_RíoPalo":1,"OBJECTID_1":99,"COD_AH":2,"nom_ah":"Magdalena Cauca","COD_ZH":26,"nom_zh":"Cauca","COD_SZH":2604,"nom_szh":"Río Palo","ruleid":3,"SHAPE_Leng":2.20103318471,"Shape_Length":4047.0805376812791,"Shape_Area":773078.50397367589}},{"type":"Feature","id":15,"geometry":{"type":"Polygon","coordinates":[[[-76.416400259884597,3.1977560742862874],[-76.416636732587833,3.1977972039569429],[-76.417022683395132,3.1976465119576587],[-76.417348981108987,3.1974362588054985],[-76.417854232611745,3.1974046880754758],[-76.418210949556439,3.1974034926772004],[-76.418567668170823,3.197402298955712],[-76.418924980105501,3.1975803808530343],[-76.419103834228949,3.1977291822304998],[-76.419253654621897,3.1980872392759379],[-76.419224621781666,3.1982964950395556],[-76.419047551138448,3.1986855272748249],[-76.419078864269991,3.1991635010281954],[-76.419168440261217,3.199282719570832],[-76.419614833433286,3.199430622821323],[-76.419912096554171,3.199429627182067],[-76.420447372396339,3.1994875922585249],[-76.420605915960181,3.1994870597264327],[-76.420601143434965,3.1993912601219412],[-76.420583337086981,3.1991781918708067],[-76.420558381261884,3.1989658486596837],[-76.420526304632617,3.1987544734158799],[-76.420487143059162,3.1985443081390597],[-76.420440943180836,3.1983355929858996],[-76.420408419511318,3.1982056184292613],[-76.420325006573975,3.1978865899429407],[-76.420304343220451,3.1978095368855723],[-76.420244230082218,3.1976044323895052],[-76.420209123803232,3.1974951952406796],[-76.420201270393306,3.1974714968943987],[-76.420173866644348,3.1972363811876345],[-76.420148437394531,3.1970095832623988],[-76.420142631435809,3.1968863799212324],[-76.42014176479249,3.1968711460978252],[-76.420156741887624,3.1968470288517108],[-76.420263221832641,3.1966619251466133],[-76.420363421743275,3.1964733109134635],[-76.420457226398241,3.196281403365997],[-76.420544530469257,3.1960864214913101],[-76.42062523133049,3.1958885860739823],[-76.420699239859204,3.1956881241771664],[-76.420749376079044,3.1955368421638211],[-76.420373648561736,3.1951851388626933],[-76.419629698372134,3.1949485905407013],[-76.419094524635241,3.1949205020218043],[-76.418559350628641,3.1948924131903955],[-76.417964031789424,3.1946553656064505],[-76.417517048245969,3.1943281822133289],[-76.417041127874086,3.1942401340436422],[-76.416743963348921,3.1942710068983713],[-76.416536867223442,3.1945705003049123],[-76.416241283942128,3.1950794479636153],[-76.415886742122566,3.1957379940346344],[-76.415739791237158,3.196246445018688],[-76.415682217972332,3.1968143580685542],[-76.415772782953283,3.1972323744601177],[-76.415952230935588,3.1975604550538388],[-76.415994456421942,3.1975955846756299],[-76.41613108517268,3.197709255613062],[-76.416400259884597,3.1977560742862874]]]},"properties":{"OBJECTID":15,"FID_CoberturaTierra_COLOMBIA2022":336244,"codigo":22121,"leyenda":"Caña","insumo":"Landsat_2022_mediana_09032023","apoyo":"","confiabili":"SI","cambio":1,"nivel_1":"TERRITORIOS AGRÍCOLAS","nivel_2":"Cultivos permanentes","nivel_3":"Cultivos permanentes herbáceos","nivel_4":"Caña","nivel_5":"Caña","nivel_6":" ","area_ha":31.76333331190396,"FID_Cuenca_Cau_RíoPalo":1,"OBJECTID_1":99,"COD_AH":2,"nom_ah":"Magdalena Cauca","COD_ZH":26,"nom_zh":"Cauca","COD_SZH":2604,"nom_szh":"Río Palo","ruleid":3,"SHAPE_Leng":2.20103318471,"Shape_Length":2064.1635874792496,"Shape_Area":187023.34296642989}},{"type":"Feature","id":16,"geometry":{"type":"Polygon","coordinates":[[[-76.413078999922334,3.2259333690307637],[-76.413108606684887,3.2257813670098807],[-76.413162318884019,3.2256818487232755],[-76.413177390269837,3.2256383288693153],[-76.413208155662048,3.2255783935366797],[-76.413269130422165,3.2254607870159786],[-76.413528627942398,3.2249321537163778],[-76.413955625618712,3.2234470248359264],[-76.41408533006134,3.2231632251525708],[-76.414169177338678,3.222973276838637],[-76.414268705239891,3.2227618348266551],[-76.414482237747521,3.2222801809734065],[-76.415855275373559,3.2227050880623587],[-76.416488594728847,3.223979379255721],[-76.417121675325944,3.2251474978273227],[-76.417015100609703,3.2262083279047227],[-76.416999825313155,3.2264082815981423],[-76.41698449878848,3.2265856454774746],[-76.41695386992923,3.2269505397506988],[-76.416908450577807,3.2274820667040385],[-76.417198290822341,3.2274458191707334],[-76.417754937660533,3.2273761979543201],[-76.418490470446031,3.2268820424510278],[-76.418854963565593,3.2265423524466916],[-76.419539529707862,3.225486782466763],[-76.419660530232079,3.2251797453396747],[-76.419544074698081,3.2244917060396583],[-76.419484313206425,3.2236887365577753],[-76.419939004704901,3.2231135075845629],[-76.420451347114593,3.2227101918453864],[-76.420734618240999,3.2220781732002122],[-76.420675049748297,3.2213325731454772],[-76.420288010256172,3.2203582671362398],[-76.420288023949752,3.2197275391582756],[-76.420288038314908,3.2191256918272977],[-76.421081336205773,3.2178769119601593],[-76.421653864788965,3.2164004901574077],[-76.422218441866434,3.2139024730938326],[-76.42131014072821,3.2127671832271725],[-76.420249932877326,3.2122794297502377],[-76.42020396935736,3.2123269750649648],[-76.41880037315785,3.2120444477305803],[-76.418739285844225,3.2118661317213197],[-76.41865561564434,3.2116398640547938],[-76.418476405779117,3.2111474638456867],[-76.417599559558468,3.2104857761766974],[-76.416739847645445,3.2094129864801335],[-76.415663482860793,3.2075520910260233],[-76.415087965078229,3.2061197809081259],[-76.414796635576039,3.2043279570990184],[-76.414576419205972,3.2024641800517899],[-76.414643957925009,3.201316560750378],[-76.415778805975549,3.1993048232510137],[-76.415880804564225,3.1992976452639179],[-76.415835985830569,3.198840757445141],[-76.416400259884597,3.1977560742862874],[-76.41613108517268,3.197709255613062],[-76.415994456421942,3.1975955846756299],[-76.41530685962266,3.1977275570632964],[-76.414898967183774,3.1979636527811608],[-76.414373534332597,3.1979654107887781],[-76.413756921113162,3.1978818636028437],[-76.413705557796334,3.1980209439677791],[-76.412780697959619,3.1988128711028763],[-76.411783542872612,3.199318192058028],[-76.411550062443311,3.1996017253357301],[-76.411142869983522,3.199750608733019],[-76.410287212730509,3.1998968944657813],[-76.40957329561904,3.1997558565837263],[-76.409109824551606,3.1998195486183345],[-76.409364957621264,3.2014776528879003],[-76.40900918540575,3.2017656930251621],[-76.40859756265975,3.2016637187288368],[-76.408652937316077,3.201910309142475],[-76.408943064412995,3.2033435891177353],[-76.409732843773952,3.2048469076718309],[-76.410446290555214,3.2048445186802974],[-76.411444876664376,3.2047694618686133],[-76.412301962120708,3.2050534398582582],[-76.413088416849632,3.2055527895602078],[-76.413408164020495,3.2056434575639443],[-76.414019703117958,3.2066970618706203],[-76.414738625652731,3.2083440283162852],[-76.414813783871693,3.2094911687359331],[-76.41474577587185,3.2104953660091864],[-76.413962103304584,3.2113484711260529],[-76.412824472904532,3.2120077750826144],[-76.411778415729557,3.2127058979375396],[-76.410902686021487,3.2133767619036924],[-76.41046385635471,3.2143302408120875],[-76.410544523395629,3.2144419231853281],[-76.410674623103873,3.2146110929553662],[-76.410810334630185,3.2147757472832912],[-76.410951500963364,3.2149357032908541],[-76.411097961484401,3.2150907744984387],[-76.411238384184315,3.215230077048056],[-76.411367482175521,3.2153541933824301],[-76.411378648213727,3.2153649025198683],[-76.411535190239491,3.2155096808528412],[-76.411696507000627,3.2156490629586743],[-76.411862416391742,3.2157828886320137],[-76.412032728250779,3.2159110076330908],[-76.412207246126542,3.2160332706471633],[-76.41238577360366,3.2161495392013499],[-76.412568107097002,3.2162596811715045],[-76.41275403764628,3.2163635698727928],[-76.412943350931116,3.2164610885768505],[-76.41313583443781,3.216552123260108],[-76.413331266706265,3.2166365725779213],[-76.413411064848219,3.2166688232246967],[-76.413512935981004,3.216709184032132],[-76.41345346722504,3.2168886122137414],[-76.413393088700104,3.217093637554588],[-76.413339634150873,3.2173005965116097],[-76.41329316211548,3.2175092512751142],[-76.413253728438377,3.217719364947643],[-76.413221379061582,3.217930696147429],[-76.413196148253988,3.2181430071456472],[-76.413182340570472,3.2182971990499238],[-76.413176162986957,3.2183771226440183],[-76.413171888180685,3.2184359747884828],[-76.413163365923992,3.2185883275369558],[-76.413157157664159,3.2187297216741033],[-76.413154764746295,3.2187909065413769],[-76.413151032257673,3.2190046928288831],[-76.413154486120987,3.2192184838352693],[-76.413155874714576,3.2192570189079994],[-76.413165803448308,3.219511390455716],[-76.413421492640552,3.2198941082672619],[-76.413424601353015,3.2208263559281174],[-76.413383722239146,3.2209370516637392],[-76.413388719073936,3.2209565007509373],[-76.413395903520666,3.2209810153888103],[-76.413369775852317,3.2210697317891648],[-76.413316321041137,3.2212766909617878],[-76.413269848775045,3.2214853450085434],[-76.413230415805614,3.2216954597390415],[-76.413226670721059,3.2217176884075167],[-76.413194151974579,3.2219127806355221],[-76.413165546650688,3.222101884212321],[-76.413140315737863,3.2223141935132986],[-76.413122232284579,3.2225272394502529],[-76.413111764727461,3.2227281271789394],[-76.41310626122511,3.222879875316309],[-76.413105816244638,3.2228925243364746],[-76.413102082836588,3.2231063097391748],[-76.413105536711555,3.2233201007307519],[-76.413116171664029,3.2235336524898841],[-76.41313397609801,3.223746721116802],[-76.413147245136926,3.2238596385484986],[-76.413149227068644,3.2238989531040581],[-76.413167031598789,3.2241120226184163],[-76.413187145658242,3.2242831755951764],[-76.41317524728845,3.2243641620060659],[-76.413161810217161,3.2244772345250232],[-76.413157990606422,3.2244975860688352],[-76.413125639779523,3.2247089184051942],[-76.413100408466363,3.2249212277768278],[-76.413082325529061,3.2251342728587855],[-76.41307141083503,3.2253478105492621],[-76.413067678855242,3.2255615968610298],[-76.413071132372338,3.2257753869426651],[-76.413078999922334,3.2259333690307637]]]},"properties":{"OBJECTID":16,"FID_CoberturaTierra_COLOMBIA2022":336245,"codigo":242,"leyenda":"Mosaico de pastos y cultivos","insumo":"Landsat_2022_mediana_09032023","apoyo":"","confiabili":"SI","cambio":1,"nivel_1":"TERRITORIOS AGRÍCOLAS","nivel_2":"Áreas agrícolas heterogéneas","nivel_3":"Mosaico de pastos y cultivos","nivel_4":" ","nivel_5":" ","nivel_6":" ","area_ha":219.90043645941057,"FID_Cuenca_Cau_RíoPalo":1,"OBJECTID_1":99,"COD_AH":2,"nom_ah":"Magdalena Cauca","COD_ZH":26,"nom_zh":"Cauca","COD_SZH":2604,"nom_szh":"Río Palo","ruleid":3,"SHAPE_Leng":2.20103318471,"Shape_Length":9872.1581275336412,"Shape_Area":1936995.8090260855}},{"type":"Feature","id":17,"geometry":{"type":"Polygon","coordinates":[[[-76.423797822173668,3.187186824362263],[-76.423666454347682,3.1874531279417377],[-76.423383220237014,3.188099477644295],[-76.423206762800277,3.1886737601056088],[-76.422994753400701,3.1892840159768165],[-76.422874641294996,3.1899525840832506],[-76.42323627575712,3.189317063936596],[-76.423607322110684,3.1888313117829852],[-76.423647590609519,3.1886504890258967],[-76.423687019734942,3.188440373843477],[-76.4237193649207,3.1882290401264091],[-76.423744591920823,3.1880167301097062],[-76.423749378918046,3.1879678329802226],[-76.423770506710781,3.1877430988987872],[-76.423783797905671,3.1875789510371613],[-76.423794707400347,3.187365412349163],[-76.423797822173668,3.187186824362263]]]},"properties":{"OBJECTID":17,"FID_CoberturaTierra_COLOMBIA2022":336247,"codigo":242,"leyenda":"Mosaico de pastos y cultivos","insumo":"Landsat_2022_mediana_09032023","apoyo":"","confiabili":"SI","cambio":1,"nivel_1":"TERRITORIOS AGRÍCOLAS","nivel_2":"Áreas agrícolas heterogéneas","nivel_3":"Mosaico de pastos y cultivos","nivel_4":" ","nivel_5":" ","nivel_6":" ","area_ha":25.329927520400037,"FID_Cuenca_Cau_RíoPalo":1,"OBJECTID_1":99,"COD_AH":2,"nom_ah":"Magdalena Cauca","COD_ZH":26,"nom_zh":"Cauca","COD_SZH":2604,"nom_szh":"Río Palo","ruleid":3,"SHAPE_Leng":2.20103318471,"Shape_Length":656.77978865087653,"Shape_Area":8891.3803642933581}},{"type":"Feature","id":18,"geometry":{"type":"Polygon","coordinates":[[[-76.42238387621677,3.2202941571466828],[-76.422384643233187,3.2205236308917771],[-76.422158640605176,3.2212128250467154],[-76.422162285233398,3.2223028282736963],[-76.422505891551452,3.2226458817466144],[-76.423064185658646,3.2229615303183881],[-76.42314141879362,3.222922616072172],[-76.424514510693442,3.2223931020248981],[-76.424843458603902,3.2209058714472762],[-76.424197949972992,3.2208617204992747],[-76.42238387621677,3.2202941571466828]]]},"properties":{"OBJECTID":18,"FID_CoberturaTierra_COLOMBIA2022":336831,"codigo":142,"leyenda":"Instalaciones recreativas","insumo":"Landsat_2022_mediana_09032023","apoyo":"Mosaico_Planet_032022_NICFI, GoogleMaps","confiabili":"SI","cambio":2,"nivel_1":"TERRITORIOS ARTIFICIALIZADOS","nivel_2":"Zonas verdes artificializadas no agrícolas","nivel_3":"Instalaciones recreativas","nivel_4":" ","nivel_5":" ","nivel_6":" ","area_ha":6.1897569320639141,"FID_Cuenca_Cau_RíoPalo":1,"OBJECTID_1":99,"COD_AH":2,"nom_ah":"Magdalena Cauca","COD_ZH":26,"nom_zh":"Cauca","COD_SZH":2604,"nom_szh":"Río Palo","ruleid":3,"SHAPE_Leng":2.20103318471,"Shape_Length":976.74752651772269,"Shape_Area":61897.573194074757}},{"type":"Feature","id":19,"geometry":{"type":"Polygon","coordinates":[[[-76.419927879262858,3.1700841370803152],[-76.41985692985287,3.1707459109316014],[-76.420571602689947,3.1711259991706444],[-76.421205004252371,3.1716210081917375],[-76.422192452583403,3.1722679951776422],[-76.422622390594839,3.1728402568773424],[-76.422768066130786,3.1737481182479734],[-76.422701104980845,3.1742660091519381],[-76.422913426769227,3.1745603646158811],[-76.422013389861888,3.1756629384724522],[-76.421301232099793,3.1760477722702052],[-76.420731757823447,3.1764321302064467],[-76.420540705923159,3.1765539336841102],[-76.420507495192496,3.1766608793051709],[-76.420830819016388,3.1776269943352018],[-76.421165481614835,3.1781517644452517],[-76.421880320565492,3.1785796521540726],[-76.42268573617946,3.1790929010044993],[-76.42321768697127,3.1791596558051318],[-76.424748913946374,3.1791595239029729],[-76.424781245698327,3.1789872260133856],[-76.424813590599129,3.1787758918952975],[-76.424838815598577,3.1785635814216633],[-76.424840798656376,3.1785437983238638],[-76.424856091411513,3.1783887761200429],[-76.424872186416664,3.1781955137004334],[-76.424883095856046,3.1779819753258285],[-76.424886823997596,3.1777681880621813],[-76.424883366261241,3.1775543967545041],[-76.424882804405115,3.1775380245316831],[-76.424877833816126,3.1773982451346603],[-76.424867755594605,3.1772010659172514],[-76.424849947436044,3.1769879973211088],[-76.424824989975392,3.1767756545290986],[-76.424792911874235,3.1765642786611914],[-76.424753749891821,3.1763541135206128],[-76.424707548861079,3.1761453983664767],[-76.424654361697634,3.1759383706240607],[-76.424594246706334,3.1757332667972356],[-76.424527275661504,3.1755303197313021],[-76.424504525897376,3.1754661937644562],[-76.424486094748573,3.1754151136585826],[-76.424478189396993,3.1753885506008563],[-76.42441121756579,3.1751856043837803],[-76.424337465946095,3.1749850468516354],[-76.424257017986335,3.1747871081007948],[-76.424176131590187,3.1746058348863593],[-76.424241025568165,3.1745117178705593],[-76.424350259387396,3.1743479020759371],[-76.424462894746355,3.1741665173554043],[-76.42456937094444,3.1739814119973615],[-76.424620647371583,3.1738868019345552],[-76.424727799341866,3.1736850320706358],[-76.424768919401487,3.1736078887956198],[-76.424798948197804,3.1735901588976052],[-76.424956463806879,3.1734954254330758],[-76.425123418967885,3.1733959156280518],[-76.425239256367945,3.1733251702057848],[-76.425417925802563,3.17320913347594],[-76.425592594628867,3.1730870958314927],[-76.425763063780835,3.1729591979735625],[-76.42592913780895,3.172825586915144],[-76.42609062756749,3.1726864132616779],[-76.426247348434856,3.1725418366377194],[-76.426399122995051,3.1723920211607415],[-76.42642289028872,3.1723676239206648],[-76.426575484367504,3.172210134576769],[-76.426698371496983,3.1720796497454731],[-76.426839736526432,3.1719198768965695],[-76.426975654590095,3.1717553962885598],[-76.427105967225231,3.171586395463915],[-76.427161919313647,3.171508537135987],[-76.426815090351312,3.1710853090222377],[-76.425882695943812,3.1695824756771787],[-76.425949550985223,3.1682197398853447],[-76.426015699949446,3.1666418723082601],[-76.425921241646449,3.1666279506871264],[-76.425977175588585,3.1661360373284837],[-76.425880168106517,3.1655626688064658],[-76.42540173426778,3.1647037225858061],[-76.425160946197423,3.1637961793343732],[-76.424825352163637,3.1629845640017393],[-76.424396522948044,3.1627469500996424],[-76.423683429552085,3.1628449311138134],[-76.423066869782545,3.1633728605626841],[-76.422498341065648,3.1640440546497324],[-76.422310924911912,3.1649052152347457],[-76.422311695372031,3.165139766582894],[-76.422428190909443,3.165211295498136],[-76.422621430935152,3.1653299465753495],[-76.422785149164952,3.1654934299226722],[-76.422948867445882,3.1656569131874348],[-76.42312737117021,3.165805434926857],[-76.423305874938023,3.1659539574828335],[-76.423499262159581,3.1661173419577988],[-76.423692551387418,3.1662509028834394],[-76.423900920170496,3.1664589716836362],[-76.424020232722043,3.1666524248006875],[-76.424080305814329,3.1668758975415616],[-76.424051421602883,3.1671145781758567],[-76.4239333829602,3.1673088189873431],[-76.423741173130509,3.1675033072057546],[-76.423548717132533,3.1676232391025665],[-76.423341376702723,3.1677283081266023],[-76.423134037997883,3.1678333780517591],[-76.422911667744998,3.1678788512362566],[-76.422689297425933,3.1679243252972236],[-76.422466927031792,3.167969797524369],[-76.422244604699259,3.1680301819245851],[-76.422037215693791,3.168120340520427],[-76.421814845988223,3.1681658135835047],[-76.421562806401269,3.168211386073772],[-76.421325454134717,3.1682121735246644],[-76.421108954150824,3.1681857004752594],[-76.420983915669822,3.1681089265966325],[-76.420746662200401,3.1681395383268471],[-76.420524340240348,3.1681999225000688],[-76.420346815667386,3.1683496277264678],[-76.42024370938006,3.1685736433054497],[-76.420199940144258,3.168797461873714],[-76.420200725224618,3.1690360439802276],[-76.420231177555834,3.1692745275498058],[-76.420258206882167,3.1693373469946464],[-76.420251359299783,3.1693494859432176],[-76.420261189675685,3.1693788091809654],[-76.42027680941284,3.1696173419925588],[-76.420188536872601,3.1698413075337251],[-76.419996128629833,3.169976151006475],[-76.419936201312481,3.1700065199864609],[-76.419927879262858,3.1700841370803152]]]},"properties":{"OBJECTID":19,"FID_CoberturaTierra_COLOMBIA2022":336911,"codigo":242,"leyenda":"Mosaico de pastos y cultivos","insumo":"Landsat_2022_mediana_09032023","apoyo":"","confiabili":"SI","cambio":1,"nivel_1":"TERRITORIOS AGRÍCOLAS","nivel_2":"Áreas agrícolas heterogéneas","nivel_3":"Mosaico de pastos y cultivos","nivel_4":" ","nivel_5":" ","nivel_6":" ","area_ha":355.06897702127179,"FID_Cuenca_Cau_RíoPalo":1,"OBJECTID_1":99,"COD_AH":2,"nom_ah":"Magdalena Cauca","COD_ZH":26,"nom_zh":"Cauca","COD_SZH":2604,"nom_szh":"Río Palo","ruleid":3,"SHAPE_Leng":2.20103318471,"Shape_Length":5084.3362464372985,"Shape_Area":713952.69092778116}},{"type":"Feature","id":20,"geometry":{"type":"MultiPolygon","coordinates":[[[[-76.414765508913376,3.1949337778996925],[-76.414129822616815,3.1968721301299965],[-76.413756921113162,3.1978818636028437],[-76.414373534332597,3.1979654107887781],[-76.414898967183774,3.1979636527811608],[-76.41530685962266,3.1977275570632964],[-76.415994456421942,3.1975955846756299],[-76.415952230935588,3.1975604550538388],[-76.415772782953283,3.1972323744601177],[-76.415682217972332,3.1968143580685542],[-76.415739791237158,3.196246445018688],[-76.415886742122566,3.1957379940346344],[-76.416241283942128,3.1950794479636153],[-76.416536867223442,3.1945705003049123],[-76.416743963348921,3.1942710068983713],[-76.417041127874086,3.1942401340436422],[-76.417517048245969,3.1943281822133289],[-76.417964031789424,3.1946553656064505],[-76.418559350628641,3.1948924131903955],[-76.419094524635241,3.1949205020218043],[-76.419629698372134,3.1949485905407013],[-76.420373648561736,3.1951851388626933],[-76.420749376079044,3.1955368421638211],[-76.420766469635112,3.1954852646615186],[-76.420802166614166,3.1953671506685675],[-76.420829647576781,3.1952729252669729],[-76.420854327786941,3.195186010947709],[-76.420907778584109,3.1949790516923735],[-76.420954246243213,3.1947703956690399],[-76.420971805139146,3.1946815862855478],[-76.420977029773923,3.1946541354775739],[-76.420998900468575,3.1945328298592663],[-76.421031247852255,3.1943214963408901],[-76.421056476082683,3.1941091856464432],[-76.421068698640212,3.1939750517154044],[-76.421071328174932,3.1939423795198354],[-76.421077184049381,3.1938634687077161],[-76.421088094611321,3.1936499302902295],[-76.421091824636449,3.1934361439744148],[-76.421091857276949,3.1933838710553157],[-76.421088401292266,3.1931700789795237],[-76.421077762804217,3.1929565277693239],[-76.421069788796032,3.1928611102073128],[-76.421231256174863,3.1927312108906318],[-76.421392750306225,3.1925920375738173],[-76.421546158963679,3.1924505224898301],[-76.42160164626975,3.1921896929171858],[-76.422874641294996,3.1899525840832506],[-76.422994753400701,3.1892840159768165],[-76.423206762800277,3.1886737601056088],[-76.423383220237014,3.188099477644295],[-76.423666454347682,3.1874531279417377],[-76.423797822173668,3.187186824362263],[-76.423798436423397,3.1871516257352885],[-76.423794978593293,3.1869378342399974],[-76.423784340117322,3.1867242826723632],[-76.423766532586214,3.1865112131130013],[-76.423741575688439,3.1862988703257336],[-76.423709498091029,3.1860874963339327],[-76.423670336540837,3.1858773304235459],[-76.42362413498654,3.1856686154702913],[-76.423570948138021,3.1854615870862841],[-76.423510833407036,3.185256482681587],[-76.423443862573677,3.1850535360045149],[-76.42342839200434,3.1850096899810652],[-76.423352935620827,3.1847983225495105],[-76.423294655572164,3.1846416106164681],[-76.423244770398384,3.1845188728543103],[-76.423272336903594,3.1844740320077634],[-76.423285587377023,3.184450996760344],[-76.422868701141908,3.184359336513491],[-76.422296824621853,3.1840170315620826],[-76.421496843710798,3.1837328554969599],[-76.420868841874764,3.183677582190962],[-76.42047008225417,3.1839083896881699],[-76.420300187091854,3.1843105430452652],[-76.419941347595753,3.1847543872040385],[-76.41996554277371,3.1848817556446156],[-76.420661890170663,3.1849891168284952],[-76.421125971149706,3.1850951361032083],[-76.421332888754279,3.1852155366479247],[-76.421732855965189,3.1852365316431137],[-76.421963036028828,3.1856786878793151],[-76.421895660367738,3.1862441687817586],[-76.421402738398598,3.1868081190422144],[-76.421215512727386,3.1871472226631488],[-76.421027372863222,3.1876412280516919],[-76.420529872427451,3.188216583329655],[-76.419960789910888,3.1887204665861271],[-76.419855435698764,3.1892228005223755],[-76.419101921291968,3.1894847278955631],[-76.418713950200029,3.1892266145394306],[-76.418534407360369,3.1888686550666399],[-76.418212179230096,3.1885111719311312],[-76.417602688353384,3.1880181201107431],[-76.417168419271732,3.1880413990592045],[-76.416170091338586,3.188188153754024],[-76.415312791403935,3.1878324547639219],[-76.414599595839647,3.1879065456551499],[-76.414285657590398,3.1887351928645815],[-76.413901592306502,3.1890849632198304],[-76.413653665778213,3.1896236309565018],[-76.413583506598997,3.18998242612343],[-76.413549493254081,3.1904845248098694],[-76.413479097421202,3.1907716079064863],[-76.413337238997059,3.191023074864447],[-76.413231527334901,3.1914178435615765],[-76.413233304209058,3.1919556794735926],[-76.413376701807991,3.1921703378401545],[-76.413769801738667,3.1923841614517694],[-76.414270272773578,3.1927051945667184],[-76.414493168817529,3.1929092043470986],[-76.414473731361156,3.1929985254964151],[-76.414904875414521,3.1939293430824423],[-76.414765508913376,3.1949337778996925]]],[[[-76.420211636365224,3.2021584378054633],[-76.419507374772309,3.2041255501200401],[-76.420303066217713,3.2045271157179807],[-76.420682187584234,3.2042892013032924],[-76.420595135304481,3.2041486183811334],[-76.420566333520924,3.2041054280034857],[-76.420584011665298,3.2038985476915842],[-76.420589564747445,3.203829081591798],[-76.420627085499532,3.2033249658164977],[-76.420629991468815,3.2032841408098109],[-76.420640902843289,3.2030706031161147],[-76.42064368848115,3.202962451466282],[-76.420648657808371,3.2026742552871799],[-76.420664248254397,3.2021759781070553],[-76.420667358868855,3.201981088561014],[-76.420667755274636,3.2013629968892752],[-76.420664299382494,3.2011492056706801],[-76.420653660926973,3.2009356544713436],[-76.420649925595271,3.2008829261856007],[-76.420616978080702,3.200443777436409],[-76.420615067053205,3.2000850031670809],[-76.420615237958273,3.1998186034979099],[-76.420611781525395,3.1996048122595004],[-76.420605915960181,3.1994870597264327],[-76.420447372396339,3.1994875922585249],[-76.419912096554171,3.199429627182067],[-76.419614833433286,3.199430622821323],[-76.419168440261217,3.199282719570832],[-76.419078864269991,3.1991635010281954],[-76.419047551138448,3.1986855272748249],[-76.419224621781666,3.1982964950395556],[-76.419253654621897,3.1980872392759379],[-76.419103834228949,3.1977291822304998],[-76.418924980105501,3.1975803808530343],[-76.418567668170823,3.197402298955712],[-76.418210949556439,3.1974034926772004],[-76.417854232611745,3.1974046880754758],[-76.417348981108987,3.1974362588054985],[-76.417022683395132,3.1976465119576587],[-76.416636732587833,3.1977972039569429],[-76.416400259884597,3.1977560742862874],[-76.415835985830569,3.198840757445141],[-76.415880804564225,3.1992976452639179],[-76.416848724780834,3.1992295275402873],[-76.420211636365224,3.2021584378054633]]]]},"properties":{"OBJECTID":20,"FID_CoberturaTierra_COLOMBIA2022":336912,"codigo":2222,"leyenda":"Café","insumo":"Landsat_2022_mediana_09032023","apoyo":"","confiabili":"SI","cambio":1,"nivel_1":"TERRITORIOS AGRÍCOLAS","nivel_2":"Cultivos permanentes","nivel_3":"Cultivos permanentes arbutivos","nivel_4":"Café","nivel_5":" ","nivel_6":" ","area_ha":238.49273032753612,"FID_Cuenca_Cau_RíoPalo":1,"OBJECTID_1":99,"COD_AH":2,"nom_ah":"Magdalena Cauca","COD_ZH":26,"nom_zh":"Cauca","COD_SZH":2604,"nom_szh":"Río Palo","ruleid":3,"SHAPE_Leng":2.20103318471,"Shape_Length":7950.625059469975,"Shape_Area":980644.09068880917}},{"type":"Feature","id":21,"geometry":{"type":"MultiPolygon","coordinates":[[[[-76.424825352163637,3.1629845640017393],[-76.425160946197423,3.1637961793343732],[-76.42540173426778,3.1647037225858061],[-76.425880168106517,3.1655626688064658],[-76.425977175588585,3.1661360373284837],[-76.425921241646449,3.1666279506871264],[-76.426015699949446,3.1666418723082601],[-76.425949550985223,3.1682197398853447],[-76.425882695943812,3.1695824756771787],[-76.426815090351312,3.1710853090222377],[-76.427161919313647,3.171508537135987],[-76.427230526772647,3.1714130673494054],[-76.427349190980934,3.1712356093706666],[-76.427461825702864,3.1710542234431549],[-76.427544457254754,3.1709105695941906],[-76.42755212254734,3.170898962795166],[-76.427590445784418,3.170840223221524],[-76.427672150066826,3.1707100220837541],[-76.427787026682907,3.1705219279210621],[-76.427817956182466,3.1704707441114488],[-76.427924431737608,3.1702856394584749],[-76.427955599888492,3.170226964398668],[-76.42799709427463,3.1701767509572676],[-76.428127406679479,3.1700077494922598],[-76.428251966017342,3.1698344216415753],[-76.428370630031139,3.169656963023654],[-76.428483263678004,3.1694755764601039],[-76.428589738227615,3.1692904710752132],[-76.428689933940475,3.1691018568664036],[-76.428783734678305,3.1689099456255967],[-76.428870938785138,3.16871518161427],[-76.428885273695627,3.1686816675925962],[-76.428909378960014,3.1686273065852952],[-76.428943008891608,3.1685500928625108],[-76.429023705529787,3.1683522562680375],[-76.429073427221795,3.1682198915309026],[-76.429114573309477,3.1681065421382679],[-76.42913885351966,3.1680384436990101],[-76.429206079658954,3.1678355827839337],[-76.429266450806708,3.1676305547602239],[-76.429319899432954,3.1674235938418955],[-76.429362650599231,3.1672316060914043],[-76.429106628642501,3.1663526333896757],[-76.427172050183785,3.1627709470521834],[-76.426528101428275,3.1616078722316074],[-76.4252132740109,3.1592330667022597],[-76.424892370544441,3.1587159813065204],[-76.42365165188825,3.156883859093087],[-76.422587993976791,3.1552289067958514],[-76.422232558344973,3.1542826473384142],[-76.421817573567779,3.1530405626504718],[-76.42157832094037,3.1513837393142987],[-76.421222095056009,3.1500823281395749],[-76.420277018976648,3.148782247610419],[-76.419567619575005,3.1475408228014201],[-76.418799071433654,3.1461811468345977],[-76.41844166660853,3.1443470098163786],[-76.418496194953121,3.1423935566987584],[-76.41866743992108,3.1399663105094033],[-76.418623300488107,3.1381159719745439],[-76.418525744840665,3.1381159096008888],[-76.418419388625495,3.1381167443665681],[-76.418206794441943,3.1381238305931887],[-76.41799455891524,3.1381381305936906],[-76.417980917540859,3.1381392975204756],[-76.417702932587602,3.1381633856773044],[-76.417582419716297,3.138175003554498],[-76.417555670670282,3.1381778424837372],[-76.417549844030702,3.1381635057222184],[-76.417462794289747,3.1379684113649149],[-76.417369238477306,3.1377763829877012],[-76.417269283366181,3.1375876415817503],[-76.417163045588609,3.1374023999749516],[-76.417050643576829,3.1372208718929584],[-76.417023997044296,3.1371797663405885],[-76.416951728666717,3.1370692219257461],[-76.416859939070264,3.1369327184499296],[-76.416735602481992,3.1367592322323707],[-76.41660550717188,3.136590066221371],[-76.416505882683865,3.1364680951480945],[-76.416405323507064,3.1363480623128779],[-76.416369243789418,3.1363053795100524],[-76.4162280841106,3.1361454278680916],[-76.416117887129118,3.1360277809839308],[-76.415927288924678,3.1358294283348402],[-76.415891032204925,3.1357920068865961],[-76.415739452250264,3.1356419983421318],[-76.415582919121789,3.135497223449442],[-76.415421611297717,3.1353578442433481],[-76.415255713538386,3.1352240200281112],[-76.415085412383888,3.1350959046818456],[-76.414910904239875,3.1349736457265034],[-76.414803313171774,3.1349025441561946],[-76.414757923385025,3.1348732132024395],[-76.41474403948601,3.134863907047504],[-76.414690630909163,3.1348285040460553],[-76.414543237505882,3.1347318729395819],[-76.414437608570651,3.1346641202865477],[-76.414255288165407,3.1345539821855817],[-76.414069371400927,3.1344500959942314],[-76.41388006986729,3.1343525802758641],[-76.413687599633732,3.1342615490623711],[-76.413584920394882,3.1342161977531529],[-76.413507271008299,3.1341827288835264],[-76.413379307660421,3.1339055459593541],[-76.413368605750492,3.133882484093883],[-76.413299902021976,3.1337398894825115],[-76.413206962109371,3.1335529909131163],[-76.413182111572468,3.1335035573392926],[-76.41308215801854,3.1333148142448959],[-76.412975056962338,3.1331281282095524],[-76.412862633375084,3.1329397610546637],[-76.412751958959177,3.1327611256066619],[-76.412633523427672,3.1325835165629736],[-76.41250918739172,3.1324100303057731],[-76.412455431679049,3.1323401294674098],[-76.412438639429396,3.1322892419439841],[-76.412364892165826,3.1320886848551237],[-76.412284448606769,3.1318907462040886],[-76.41222618495101,3.1317582384979366],[-76.412091194240844,3.1314604923673279],[-76.412062409580372,3.1313979053990177],[-76.411968854330183,3.1312058775052547],[-76.411868901537531,3.1310171347117066],[-76.41176266515042,3.1308318943749858],[-76.411650263583823,3.1306503657061695],[-76.411531827829052,3.1304727560685328],[-76.41140749335905,3.1302992691971485],[-76.4112774001226,3.1301301033919544],[-76.411141697029322,3.129965448792793],[-76.411000539282682,3.1298054964227235],[-76.410854088344891,3.1296504273466099],[-76.410702510159936,3.1295004190012232],[-76.410545979641512,3.129355643373565],[-76.410384673468357,3.1292162625072542],[-76.410357999934689,3.1291941164237258],[-76.410128261156558,3.1290044258495033],[-76.409989036774675,3.1288927495700309],[-76.409818737196588,3.1287646333238848],[-76.409644230560545,3.1286423725490189],[-76.409536659291689,3.1285712837174526],[-76.409421779804944,3.1284970439749071],[-76.409350837360009,3.1284518677702255],[-76.409168519209459,3.1283417288024076],[-76.408982603732582,3.1282378417401362],[-76.408793304318522,3.1281403260474598],[-76.408600835231695,3.1280492939582656],[-76.408405418790295,3.1279648468389638],[-76.408207276402109,3.1278870824455329],[-76.408006633939507,3.1278160894851568],[-76.407803721745395,3.1277519494230335],[-76.407598769231882,3.1276947337897543],[-76.407392011192087,3.1276445104847936],[-76.40722307056366,3.127609498148626],[-76.407213825061504,3.1275867492640415],[-76.407126777528077,3.1273916554635948],[-76.407033223851599,3.1271996266369846],[-76.407003894258054,3.1271426278786385],[-76.406914088209021,3.1269702461725797],[-76.406843465692674,3.1268385029430088],[-76.406737229956704,3.1266532606491637],[-76.406624830802912,3.1264717317873996],[-76.406506396518807,3.1262941219251679],[-76.406382062578558,3.1261206357033338],[-76.406251970718102,3.1259514687079815],[-76.406116268958428,3.1257868146980878],[-76.405993171865589,3.1256467272261137],[-76.40587438426806,3.1255154994966388],[-76.405813553085963,3.1254471609298178],[-76.405760255523063,3.1253880393410065],[-76.405613805885295,3.1252329698010195],[-76.405462228942596,3.1250829600669814],[-76.405305699613066,3.1249381839354617],[-76.405282594232759,3.1249182194683471],[-76.405222879282917,3.1248581989848589],[-76.405111811522602,3.1247492786064397],[-76.404955281381859,3.1246045014136627],[-76.404793977331167,3.1244651216694108],[-76.404628081428484,3.1243312977890461],[-76.404587007582151,3.1242995663530824],[-76.404490177144723,3.1242253955358978],[-76.404360953374791,3.1241290109888271],[-76.404186448637915,3.1240067495548445],[-76.404007936750517,3.1238904829691232],[-76.403994613413047,3.1238821476152485],[-76.403869108674712,3.1238038346214934],[-76.403801960073636,3.1237616481968811],[-76.4036180883638,3.1236505306174056],[-76.403432173696345,3.1235466428529413],[-76.403242875924391,3.1234491273614693],[-76.403050409302821,3.1233580936693204],[-76.402854994360339,3.1232736458620503],[-76.402656853399833,3.1231958807920792],[-76.402535271367611,3.1231528315505397],[-76.402453912683896,3.1231216502965533],[-76.402253271565129,3.1230506557007343],[-76.402050360643301,3.1229865149245564],[-76.401845409327223,3.122929298597938],[-76.401638653305525,3.1228790737168728],[-76.401500395939024,3.1228495962792158],[-76.401427160255267,3.1228348442656939],[-76.401320366680196,3.1228093914368569],[-76.401112039773011,3.1227662149723829],[-76.400902382141098,3.1227301359322492],[-76.400709965299058,3.1227034230376378],[-76.400520815758924,3.1226801462103495],[-76.400502483441485,3.1226779182700115],[-76.400290881002647,3.1226561482579025],[-76.400078668960418,3.1226415754291272],[-76.399866086434159,3.1226342152726581],[-76.399652338085659,3.1226340938705408],[-76.399437926598466,3.1226376661713413],[-76.399298382188718,3.1226375752722273],[-76.399192028082609,3.1226384090723349],[-76.39897943702772,3.1226454916780675],[-76.398767205280464,3.1226597873103548],[-76.398555574562138,3.1226812816360159],[-76.398344788354223,3.1227099485710936],[-76.398264600206161,3.1227227748379294],[-76.398098491699429,3.122750451710711],[-76.397968977083124,3.1227734307749815],[-76.397928642362686,3.1227817356535641],[-76.397838655872306,3.1227091449642401],[-76.397668359240996,3.122581026704319],[-76.397493856322811,3.1224587657184113],[-76.397315344381084,3.1223424977895187],[-76.397133027863333,3.1222323568707768],[-76.396947115681698,3.1221284678664922],[-76.396757818531285,3.1220309511582491],[-76.39656535336357,3.121939916266014],[-76.396369938913011,3.1218554681870443],[-76.396171798378873,3.1217777028697067],[-76.395971158526478,3.1217067072164588],[-76.395768247910013,3.121642565413957],[-76.395563298635295,3.1215853480855076],[-76.395356541894969,3.1215351213404094],[-76.395148217849197,3.1214919449348497],[-76.394938560317613,3.1214558632868319],[-76.394727811211879,3.1214269216918864],[-76.394516208802401,3.1214051510020577],[-76.394303996735076,3.1213905766313212],[-76.394091415930745,3.1213832149680227],[-76.393878709084916,3.1213830751670919],[-76.393666119763239,3.1213901573461245],[-76.393453887907597,3.121404452599887],[-76.393242258832601,3.1214259456814593],[-76.393031471529994,3.121454611426342],[-76.392821767662156,3.1214904165302078],[-76.392613386169444,3.1215333195662653],[-76.392406566877028,3.1215832745875045],[-76.392201542376824,3.1216402221182986],[-76.391998548838913,3.1217040972504284],[-76.39179781702093,3.1217748287689084],[-76.391599575845802,3.1218523337193864],[-76.391404052427745,3.1219365255393563],[-76.391211468456987,3.1220273077455536],[-76.391022045598106,3.122124575723273],[-76.390835997409852,3.1222282194631235],[-76.390653538324116,3.1223381208212926],[-76.390474875556947,3.122454153545887],[-76.390333819318187,3.1225527066056742],[-76.390371004661546,3.1226828562370872],[-76.390489977786387,3.1229445954598898],[-76.39060895103475,3.123206337313829],[-76.390775513302358,3.1234680782405726],[-76.390775513324513,3.1234918723139646],[-76.391084843386423,3.1237774081729963],[-76.39129899469502,3.1239677648089987],[-76.391513146073578,3.1241581222192889],[-76.391727298412135,3.1243484776904773],[-76.391989038590992,3.1244674508535102],[-76.392226985401408,3.1246340142497062],[-76.392464931448032,3.1248243706394052],[-76.392679082218223,3.125014726486016],[-76.392893234075416,3.1252288789312903],[-76.39308359080124,3.1254668248778845],[-76.393250153192952,3.1257047712312738],[-76.393416714932926,3.1259665114849184],[-76.39355948325408,3.1262282530773811],[-76.393702250057274,3.1265137876738853],[-76.393868813078896,3.1267755284895338],[-76.39403537461348,3.1270610640877199],[-76.394201936799277,3.1272990097747124],[-76.394416089392593,3.1274893670702562],[-76.394582650872451,3.1277273125294065],[-76.394749212684872,3.1279890536591064],[-76.394915776184291,3.1282269997918277],[-76.395106132207133,3.1284411512093402],[-76.395296488568249,3.1286790964663038],[-76.395463052380791,3.1289170440610143],[-76.395653407784948,3.1291311951206691],[-76.395867560437296,3.1293453471723645],[-76.396105506438616,3.1295357026439254],[-76.396295862999438,3.1297498551225345],[-76.396462424597644,3.1299878012259699],[-76.396628987199463,3.1302257472164969],[-76.396771754874905,3.1304874877572617],[-76.396938316581753,3.1307730231827606],[-76.397223853339227,3.1308682015766114],[-76.397509388280824,3.130844406700839],[-76.3977921372541,3.1308444066088752],[-76.398239054740642,3.1301345466930863],[-76.398821704704176,3.1291388692641808],[-76.398804386892991,3.1290089836481338],[-76.398747279573357,3.1287234480911859],[-76.398804386955732,3.1284379126028505],[-76.398918600567981,3.1281714124879509],[-76.399070885940716,3.1279239492481135],[-76.399280278564518,3.1277145566757536],[-76.39954677914595,3.1276003432536128],[-76.399832313608528,3.127524199766412],[-76.400117848852574,3.1274480571466139],[-76.400403385416055,3.1274099858896616],[-76.400688919659913,3.1274670926059915],[-76.400974455368996,3.1275051639677636],[-76.401240954838812,3.1276003433456836],[-76.401450348227499,3.1277906996940219],[-76.401621669097011,3.1280191276260547],[-76.401792990064152,3.1282475554475635],[-76.401945275300591,3.1284950199242312],[-76.402097560647647,3.1287424842991629],[-76.402268881921401,3.1289709117974773],[-76.402478274920853,3.1291612692421391],[-76.40263055967651,3.1294087332963652],[-76.402782846340344,3.1296561972429706],[-76.402858988306292,3.1299417315406477],[-76.402954167087344,3.1302082316956348],[-76.403049345081655,3.1304747317908772],[-76.403125488300816,3.1307602668217109],[-76.403258737971072,3.1310267671676093],[-76.403334881433025,3.1313123020745581],[-76.403353915811877,3.1313123022568434],[-76.403391988182236,3.1316930163184002],[-76.403487165884954,3.131959515198055],[-76.40358234460146,3.1322260149155587],[-76.403772701289171,3.1324354079612253],[-76.404001129993134,3.1326257641831652],[-76.404229558321262,3.1327970859969123],[-76.404515093424521,3.1328541925387356],[-76.404800628884686,3.132816120454319],[-76.405086163784233,3.1327590140642716],[-76.405371698568203,3.13270190672625],[-76.405657234611525,3.1326638362896748],[-76.405942770170952,3.1326828712121033],[-76.406228304760262,3.1327019069511586],[-76.406513840585816,3.1327019065661097],[-76.406799376006489,3.1327590141767239],[-76.40708491137363,3.1328161207713756],[-76.407332374665415,3.1329493711637055],[-76.407598874869038,3.1330445494721615],[-76.407865374296378,3.1331777987645166],[-76.40811283814871,3.1333300847648777],[-76.408322230867498,3.1335204416247082],[-76.408436445230691,3.1337869412415085],[-76.408474515766713,3.1340724766607941],[-76.408474515944846,3.1343580120055399],[-76.408322231396156,3.1346054761091571],[-76.408074767247925,3.1347387259863964],[-76.407889382009841,3.1348049352350529],[-76.407821866137994,3.1349146579897442],[-76.40765803003876,3.1349145835633832],[-76.407570321259954,3.1351075418158123],[-76.407498936771091,3.135393078029896],[-76.407498937070173,3.1356786127558558],[-76.407498936554632,3.1359641474835045],[-76.407546526585151,3.1362496835697264],[-76.407546527303069,3.13627347812657],[-76.40764170539012,3.1365352191644464],[-76.407832062149069,3.1367493700720135],[-76.408093803199975,3.1369159328192642],[-76.408355543389504,3.1370824945086038],[-76.408617283888063,3.1372014678782869],[-76.408879025409902,3.137296645684065],[-76.409164559553901,3.1373680294755228],[-76.409450094558665,3.1374394140463058],[-76.40973563062046,3.1374632085795642],[-76.410021165711967,3.1374870030229878],[-76.410306700819717,3.1374870028828803],[-76.410592236826005,3.1374632090809915],[-76.410877771984019,3.1373918244575125],[-76.411163306813421,3.1373918250135047],[-76.411448843164237,3.1374632088723566],[-76.411662993740094,3.1376535659487246],[-76.411877146177872,3.1378439219858567],[-76.412019913113383,3.1381056632558137],[-76.411996119382408,3.1383911979081605],[-76.411900940224697,3.1386529392771605],[-76.411710583078531,3.1388670906057201],[-76.411496431591814,3.1390574479054321],[-76.411258485706767,3.1392478038195595],[-76.410996744605342,3.1393429831674715],[-76.410735004287105,3.1394381606913515],[-76.410473263828337,3.1395571335903818],[-76.410259111834904,3.1397474910327423],[-76.410068754969032,3.1399616426379748],[-76.409925987592089,3.1402233825429144],[-76.409973576919057,3.140508918476336],[-76.410211523153677,3.1406754805760304],[-76.410473263802288,3.1407706586796693],[-76.410758798777067,3.1407706592461357],[-76.411044333663781,3.1407706588304976],[-76.411329870235363,3.1407230703054374],[-76.411591609611918,3.1406040969830582],[-76.411805761973596,3.1404137402418573],[-76.412043707655684,3.1402233831212465],[-76.412305449413779,3.1401282051777399],[-76.412567188656041,3.1402709724685782],[-76.412757546060476,3.1404851242330016],[-76.412900314159089,3.1407468647363168],[-76.413019287179367,3.1410086056088908],[-76.413066875668676,3.1412941413447379],[-76.413066875636076,3.1415796762032131],[-76.413066875690731,3.1418652119638804],[-76.413043082399696,3.1421507473109345],[-76.412995492146635,3.1424362822758285],[-76.412971698088271,3.1427218167536717],[-76.413043082398218,3.1430073527986995],[-76.413138260158661,3.1432690938555186],[-76.413138260277336,3.143292888273773],[-76.413447590288143,3.1436022177757255],[-76.413566210224388,3.1437716762861219],[-76.413561534129784,3.1438722855332211],[-76.413577144863794,3.1441108206334607],[-76.413607589910413,3.144349307838965],[-76.413638035025826,3.1445877941240559],[-76.413668481108786,3.1448262794857889],[-76.413684092115005,3.1450648145386135],[-76.413714537445642,3.1453033016803849],[-76.413685644910217,3.1455419831422886],[-76.413612201968505,3.145765899614704],[-76.413523924773344,3.1459898649291986],[-76.413435598122248,3.1461989188419404],[-76.413317555252775,3.1463931589772747],[-76.413169842901013,3.1465874967854814],[-76.412977434286248,3.1467223353053413],[-76.41278507326723,3.1468720852940106],[-76.412637312195002,3.1470515108533461],[-76.412608419764268,3.1472901925999994],[-76.412757347421675,3.1474686426559244],[-76.412950679088723,3.1476171232582106],[-76.413143915423404,3.1477357799709869],[-76.413149316910321,3.1477384725679838],[-76.413218621352172,3.1478995625427255],[-76.413249600978787,3.1483020746533792],[-76.413264483880099,3.1483169381509799],[-76.413220709882154,3.1485407571979884],[-76.413102667149161,3.1487349967306208],[-76.41298462440264,3.1489292381040022],[-76.413074359334914,3.1491526166297543],[-76.413251886008908,3.1490029159395774],[-76.413696139423905,3.1487628663166518],[-76.413696089918915,3.1487479548867121],[-76.413947885989415,3.1486278319149488],[-76.41417015829596,3.1485525418521614],[-76.414407605104415,3.1485815828648116],[-76.4146303148149,3.148640495515338],[-76.414867762446306,3.1486695372869558],[-76.415090422572504,3.1487135374778763],[-76.415372615211268,3.1488169895010216],[-76.415357780934528,3.148817039288224],[-76.415580539176943,3.1488908630239543],[-76.415803298303373,3.1489646866742729],[-76.416010686277147,3.1488745328778016],[-76.416188163340252,3.1487099207998925],[-76.416335923178181,3.1485304942442958],[-76.416483634336373,3.1483361563330763],[-76.416616510303612,3.1481418664510086],[-76.416764221392455,3.1479475295190409],[-76.416867380182453,3.1477384270084476],[-76.417030022716119,3.147573864027283],[-76.417207548062621,3.1474241626629076],[-76.417414886811699,3.1473190976740337],[-76.41762227592433,3.1472289449584481],[-76.417859527063982,3.1471983399299939],[-76.418096972710501,3.1472273803204298],[-76.418319730047898,3.1473012036268599],[-76.418527749569293,3.1474048984759646],[-76.418691462907702,3.1475683871933344],[-76.418825604298874,3.1477617945635394],[-76.418870836026855,3.1479853190019909],[-76.418886448962155,3.1482238526151751],[-76.418872394425264,3.1484624849770881],[-76.418799195957305,3.1487609575857167],[-76.41879929331553,3.1487907802919008],[-76.418696135244588,3.148999882682685],[-76.41857809335005,3.1491941226900599],[-76.418460052334879,3.1493883627283652],[-76.418431161922641,3.1496270432464639],[-76.418417106701256,3.1498656748307607],[-76.41852167773294,3.1500890034769213],[-76.418536511981401,3.1500889545281958],[-76.418537387645898,3.1503573598566921],[-76.418567836285845,3.1505958445504461],[-76.418746335308029,3.1507443714837557],[-76.418924834370486,3.1508928983303832],[-76.419088547036836,3.1510563845093746],[-76.419178234659256,3.1512648513327424],[-76.419149345740692,3.1515035308347796],[-76.419075906250896,3.1517274468497098],[-76.418913313180767,3.1519069227504133],[-76.41872090532658,3.1520417625913586],[-76.418483603854966,3.1520574576358174],[-76.418171985642999,3.1520286625159666],[-76.418142317079599,3.1520287604629864],[-76.417919509628007,3.1519400268460354],[-76.417726224609368,3.1518064611037357],[-76.417562510776662,3.1516429737057425],[-76.417398797896581,3.1514794871258656],[-76.417235084162741,3.1513159986596895],[-76.417041847986653,3.1511973439461123],[-76.416819137997592,3.1511384316580573],[-76.41659642799128,3.1510795211013893],[-76.416358981022356,3.1510504812792637],[-76.416121727814726,3.1510810869684489],[-76.415884476329936,3.1511116917089317],[-76.415662204202917,3.1511869835004931],[-76.415529327248677,3.1513812729670536],[-76.415455884886953,3.1516051895695125],[-76.41541211208235,3.1518290083355285],[-76.415427726189506,3.1520675427837301],[-76.415354576020135,3.1523809278887849],[-76.415369411249102,3.1523808789468455],[-76.415385073283005,3.1526343248036341],[-76.415459975348853,3.152857752954743],[-76.415579283098481,3.1530512095953909],[-76.415743046123751,3.1532296088017495],[-76.415965903003467,3.1533332550875293],[-76.416173876837519,3.1534220379475286],[-76.416396587567036,3.1534809498804606],[-76.416604561387089,3.1535697325813836],[-76.416827223352144,3.1536137320743189],[-76.417079457368445,3.1536278107722411],[-76.41730182596163,3.1535823418795093],[-76.417509214869156,3.1534921878290176],[-76.417731438009199,3.1534019838838012],[-76.417953709807975,3.1533266922010061],[-76.418176030268512,3.1532663118668673],[-76.418546548254511,3.1531607065761866],[-76.418561383444853,3.1531606575764637],[-76.418783702805086,3.1531002771913119],[-76.418948359662963,3.1530893869436176],[-76.419020954767248,3.1530696695752454],[-76.419243664897479,3.1531285808010092],[-76.41940742794803,3.1533069787288284],[-76.419585927813642,3.1534555048736927],[-76.419764426817835,3.1536040300313521],[-76.419942926764094,3.1537525560027859],[-76.420180373638431,3.1537815942194167],[-76.42041762624784,3.1537509870587441],[-76.420654877886577,3.1537203798616993],[-76.420892227023998,3.1537195952631416],[-76.421129624891023,3.1537337219256134],[-76.42135228603496,3.1537777201958543],[-76.421515999609795,3.1539412059761274],[-76.421635357771791,3.1541495727600024],[-76.421754716008593,3.1543579385738547],[-76.421770331229084,3.1545964721985067],[-76.421741442817833,3.1548351521199356],[-76.421638286366274,3.1550442547933284],[-76.421445831355754,3.1551641840699447],[-76.421238442567955,3.1552543389034908],[-76.421016172408812,3.1553296314780002],[-76.420793997995062,3.155434746685446],[-76.420571677971608,3.1554951288240138],[-76.420364338589252,3.1556001949594394],[-76.420186815057818,3.1557498978683944],[-76.420009289668059,3.1558996008080347],[-76.419801950969287,3.1560046669764681],[-76.419594561593655,3.1560948218160458],[-76.419372242020856,3.1561552039219833],[-76.419134891952169,3.1561559887773454],[-76.418838009330514,3.1560973234645862],[-76.418838057227873,3.1561122357213764],[-76.418644819712782,3.155993581582047],[-76.418451534334906,3.1558600169022788],[-76.418287770411396,3.1556816190890622],[-76.41806491308833,3.1555779741075911],[-76.417856890106989,3.1554742809103509],[-76.417619587682722,3.155489976621805],[-76.417382578674548,3.1555951405234373],[-76.417175239171513,3.1557002072906473],[-76.416968044981061,3.1558500082037404],[-76.416775636303981,3.1559848478384041],[-76.416568246913727,3.1560750032512614],[-76.416360906207004,3.1561800691470583],[-76.416153614185717,3.1563000473423761],[-76.416020787422923,3.1565092479549941],[-76.416021566708338,3.1567478320737705],[-76.416200067839185,3.1568963577763749],[-76.416408042680388,3.156985139787543],[-76.416645442392067,3.1569992667360096],[-76.416882745394901,3.156983571761848],[-76.417728161430048,3.1569360415674375],[-76.417742994889082,3.1569359925267784],[-76.418009966296665,3.1569201992395572],[-76.418247364714802,3.156934324911258],[-76.418484763985276,3.1569484523252167],[-76.4187222129042,3.1569774901230439],[-76.418959856116885,3.1570661732475602],[-76.419153093934852,3.1571848270698295],[-76.419346379692669,3.1573183921527384],[-76.419524880862056,3.1574669166553018],[-76.419718167579504,3.1576004806524618],[-76.419881883327918,3.1577639672070803],[-76.420685529865324,3.1585516188921781],[-76.420685577824116,3.1585665302159294],[-76.42084929386813,3.1587300144763444],[-76.420998322234126,3.1589382826259236],[-76.42114725293834,3.1591167289649791],[-76.421281398239088,3.1593101338618963],[-76.421415542713774,3.1595035395928233],[-76.421594043606504,3.1596520639082066],[-76.421787282885148,3.1597707154749819],[-76.42193621297281,3.1599491605199104],[-76.422040738815866,3.1601575755480544],[-76.422130430396422,3.1603660396792845],[-76.42213121203244,3.1606046222502],[-76.422117161177496,3.1608432530776556],[-76.422088274228642,3.1610819330875493],[-76.421925633553371,3.1612464991624605],[-76.42171824606325,3.1613366544503005],[-76.421496121075421,3.1614566842306084],[-76.421288780550555,3.1615617517377061],[-76.421081440851964,3.1616668201489917],[-76.420859168878025,3.1617421141899293],[-76.4206218668172,3.1617578120954652],[-76.420384515784576,3.1617585977261191],[-76.420147213595158,3.1617742955341566],[-76.419909764654193,3.1617452602028036],[-76.419672413446946,3.1617460456667676],[-76.419450043254855,3.1617915177580764],[-76.419227867646995,3.1618966351959865],[-76.419094994436406,3.1620909249435796],[-76.419095775806682,3.1623295082671286],[-76.419200302141931,3.1625379230315844],[-76.419260373310308,3.1627613974554785],[-76.419409305238531,3.1629398428601827],[-76.419558237227633,3.1631182881872144],[-76.420301868665547,3.1636973740260084],[-76.42031675201136,3.1637122361655314],[-76.420510040694282,3.1638457986264492],[-76.420688592881163,3.1640092337339278],[-76.420881831787341,3.1641278846991652],[-76.421075170416685,3.1642763591034027],[-76.421253672878109,3.1644248826272987],[-76.421417439792947,3.1646032778916373],[-76.421610728683504,3.1647368398096059],[-76.421789232170084,3.1648853630671239],[-76.421997207703953,3.1649741416832216],[-76.422190496674915,3.1651077042387445],[-76.422311760090082,3.1651594679203723],[-76.422311695372031,3.165139766582894],[-76.422310924911912,3.1649052152347457],[-76.422498341065648,3.1640440546497324],[-76.423066869782545,3.1633728605626841],[-76.423683429552085,3.1628449311138134],[-76.424396522948044,3.1627469500996424],[-76.424825352163637,3.1629845640017393]]],[[[-76.454061902963204,3.252699519719084],[-76.454230083819098,3.253200905103109],[-76.454516685004592,3.2535584628536642],[-76.454803041962251,3.2538443131631389],[-76.455066106009795,3.2542736611862288],[-76.455067410242592,3.2546561045766076],[-76.455068470045589,3.2549668399417047],[-76.454998675422829,3.255421238106242],[-76.454952578864962,3.2558516510959472],[-76.454954046803252,3.256281900174085],[-76.455026697436352,3.256664096738648],[-76.455218092440532,3.2569980803257783],[-76.455575876825165,3.2573075845881951],[-76.455932764577426,3.2573541599265741],[-76.456289570611474,3.2573768318582075],[-76.456622757627173,3.2574473921593587],[-76.457099206251911,3.2576847771230737],[-76.457433618026272,3.2581138770772591],[-76.457791322230648,3.2583994770879992],[-76.458053327972067,3.2585180873117277],[-76.458790965644823,3.2586350550519207],[-76.459082307871768,3.2585830918232945],[-76.459101694285664,3.2580964465186431],[-76.459218967276968,3.2576179842836743],[-76.4596682837022,3.2568754424899509],[-76.459999673351987,3.2564201440249674],[-76.460474485610874,3.2561794769364245],[-76.460645712005217,3.2561399938462046],[-76.461001312017757,3.2558601245849621],[-76.461013576898821,3.2558504726353017],[-76.46176671169421,3.2552377327278883],[-76.46208188064351,3.2549813167800328],[-76.462442561085766,3.2544803672739135],[-76.462441809553354,3.2542604577677783],[-76.462607055145611,3.2539013449058225],[-76.462843316165547,3.2534463762691042],[-76.463031019652973,3.2531040238937767],[-76.462863971575288,3.2530318523635047],[-76.462665801248718,3.252954093079881],[-76.462465130123533,3.2528831034875232],[-76.462262188584418,3.2528189686178219],[-76.462057208764449,3.2527617590420421],[-76.461850421882573,3.2527115408178262],[-76.461642065418815,3.2526683709475241],[-76.461432377724392,3.2526322983001283],[-76.461348994135321,3.2526199797081321],[-76.461074712935414,3.2525813436439348],[-76.460947316794986,3.2525647275020435],[-76.460735684235829,3.2525429642072581],[-76.460523441630201,3.2525283977474735],[-76.460310830814734,3.2525210444580313],[-76.460098095399402,3.2525209134411481],[-76.460082026156854,3.2525212064468496],[-76.460066535031871,3.2524512353359314],[-76.460013339284785,3.2522442071801954],[-76.459962922536818,3.2520705541834296],[-76.459882528170141,3.2518076676796253],[-76.459872821312004,3.2517762153475589],[-76.459805839926275,3.2515732701672619],[-76.45973207966864,3.2513727134554338],[-76.459692191713685,3.2512721988194881],[-76.459601710452901,3.2510497367628095],[-76.459561140093101,3.2509523123161608],[-76.459474076181465,3.2507572191009535],[-76.459464121102542,3.2507359870217014],[-76.459372714418834,3.2505420397948761],[-76.459359850471856,3.2504603774794965],[-76.459324202116122,3.2502448407342133],[-76.4592961596544,3.2500398233321981],[-76.459265871145504,3.2498416832193642],[-76.45922670257643,3.2496315167021184],[-76.459180493073688,3.2494228009057564],[-76.459127297375531,3.2492157723310946],[-76.459068749653923,3.2490157329089984],[-76.458968260402415,3.2486921693692135],[-76.458966684572204,3.248687105732381],[-76.458899705064283,3.2484841600645029],[-76.458825943093402,3.248283602851576],[-76.458805555695193,3.2482316028848928],[-76.458654536498358,3.2478513502818456],[-76.458594465725781,3.2477054105987739],[-76.458575718825898,3.2476618780902626],[-76.458434931132729,3.2473382902342229],[-76.458366614346559,3.2471867288810667],[-76.45827304377049,3.2469947000507191],[-76.458183553714605,3.2468250383610129],[-76.458072928189949,3.2466227818117068],[-76.458062448478131,3.2466037015773015],[-76.457956195358832,3.2464184629309636],[-76.457843776375057,3.2462369340854251],[-76.457794329223475,3.2461612108519211],[-76.457752710099811,3.2460984572349449],[-76.457723664726558,3.2460512858603763],[-76.457694569978301,3.2459927767764092],[-76.457669522580758,3.2459429563804556],[-76.457568923793843,3.2457531015149597],[-76.457535468331884,3.2456469024915711],[-76.457509180468719,3.245543700744725],[-76.457514039078205,3.2455290387545657],[-76.457574413188979,3.2453240094965086],[-76.45762786155079,3.2451170472697091],[-76.457674327451002,3.2449083889611541],[-76.457713753278085,3.2446982714605537],[-76.457746096715496,3.2444869361218287],[-76.457771319940591,3.2442746242832228],[-76.457789395017414,3.2440615772487127],[-76.457800300304527,3.2438480372038483],[-76.457804024955195,3.2436342490071266],[-76.457800562610259,3.2434204556945763],[-76.457789918607077,3.2432069038755933],[-76.457774058954783,3.2430171948659252],[-76.457108170529494,3.2418815944579862],[-76.456072792803482,3.2390120199281638],[-76.456005343487149,3.238935601662694],[-76.455858872133149,3.2387805344823937],[-76.455707274029351,3.2386305285969361],[-76.455550721424032,3.238485754159536],[-76.455389393740319,3.2383463767820952],[-76.455300179032648,3.2382732726448222],[-76.4551492237036,3.2381518647359799],[-76.455072519564339,3.2380911496045224],[-76.454902197910883,3.2379630377593216],[-76.454727668970847,3.23784077996056],[-76.454549132756227,3.2377245173591387],[-76.454515678782158,3.2377036762847924],[-76.454253976747395,3.2375417714154175],[-76.454193648410282,3.2375049171353556],[-76.453942000792495,3.2373531149022621],[-76.453853439627281,3.2373006748301685],[-76.453667499611171,3.2371967914977788],[-76.453498511954592,3.2371097539248348],[-76.453487359599634,3.2370994967445932],[-76.453381084803638,3.2370066160058903],[-76.453179802019235,3.2368346345715588],[-76.453124749506316,3.2367881388339383],[-76.452958830117609,3.2366543177253351],[-76.452788509679337,3.2365262040677467],[-76.45277527344426,3.2365166207248097],[-76.452418601229269,3.2362590766587456],[-76.452257309774211,3.2361464029547906],[-76.452078773879862,3.236030139288399],[-76.451896431561551,3.2359200029335198],[-76.45171049266547,3.2358161196512971],[-76.451521170608473,3.235718607963721],[-76.45132867967861,3.2356275782594923],[-76.45113323863653,3.2355431345883887],[-76.450987633991616,3.2354852463135892],[-76.450776233322102,3.2354042377192789],[-76.450757208665181,3.2353970455998544],[-76.450745321963694,3.2353867772997851],[-76.450579404696725,3.2352529561109731],[-76.450409084555844,3.2351248423769259],[-76.450234556184171,3.2350025844959873],[-76.450056020482691,3.2348863209078713],[-76.449873680131518,3.2347761846260941],[-76.449687741378312,3.2346723005216629],[-76.449655511520007,3.234655123690457],[-76.449464263456179,3.2345539101018352],[-76.449307171384163,3.2344735743631703],[-76.44917914035365,3.2344121418734768],[-76.448825296454444,3.2342472484833524],[-76.448692534128298,3.2341244732151404],[-76.44862866101893,3.2340692898456207],[-76.448702386710465,3.233859964568881],[-76.448706183638279,3.2338491520513726],[-76.448773412902426,3.2336462895169595],[-76.448833787588967,3.2334412614279717],[-76.448887237476967,3.2332342983949016],[-76.448933702268988,3.2330256418350523],[-76.448973129729239,3.2328155250071098],[-76.449005473048246,3.2326041910885559],[-76.449030697981414,3.2323918777931584],[-76.449048773906568,3.2321788309528827],[-76.449052415766118,3.2321075283631182],[-76.448207692553027,3.2321104132142904],[-76.447364072100982,3.2322704202168371],[-76.447334094863464,3.2322854498744951],[-76.447113041148057,3.232663771805055],[-76.44660204590032,3.2335160188306076],[-76.446113565917329,3.2348696921641231],[-76.444213629681357,3.234499165998002],[-76.443107473127355,3.2345599257783766],[-76.441459549657637,3.2348049244761139],[-76.440414643411245,3.2351117622605217],[-76.440635432955659,3.2353456100083409],[-76.441314729287853,3.2360764759653513],[-76.441329947829985,3.2360973348768267],[-76.441306990676836,3.2363741073449996],[-76.441291617430053,3.2365283160318219],[-76.441269150586962,3.2367745905922467],[-76.441922790216125,3.2368251471828349],[-76.442259489809629,3.2367248480619355],[-76.442711579894194,3.2367950144892372],[-76.44304492493238,3.23691339294581],[-76.443427771643982,3.2376052811293037],[-76.443500329188126,3.2379635829569655],[-76.443620853398173,3.2384412364735127],[-76.443859880284464,3.2387989701657101],[-76.44414525844671,3.2387979939600515],[-76.444478198781354,3.2387968560083573],[-76.444835163662006,3.2388673454730554],[-76.44526379628293,3.2390332031574105],[-76.445597869032838,3.2393667068561847],[-76.446027068237512,3.2396998839251121],[-76.446265287591714,3.2398185852642154],[-76.446812827652337,3.2399840348073887],[-76.44719405922838,3.2401978587233615],[-76.447313452336914,3.2403408699565417],[-76.447719680980057,3.2409131559228879],[-76.448053511890137,3.2411749477906158],[-76.448458363869506,3.2413408839325237],[-76.448791951837364,3.2415309666802226],[-76.449220098569029,3.2415534028985959],[-76.449672189221005,3.2416235642727127],[-76.450100821184066,3.2417894168929271],[-76.450315908412463,3.2420994213363654],[-76.4505547768767,3.2424093422658014],[-76.451054997373987,3.2426466586363558],[-76.45155505471871,3.2428361686704914],[-76.452079462972975,3.2431929165681215],[-76.452366463367724,3.2436699928760699],[-76.452558257003574,3.2441234937213048],[-76.452535450345906,3.2444104091528612],[-76.452418004957309,3.2448410666614751],[-76.452156653188368,3.2449136727626602],[-76.451347922173895,3.2448686426069404],[-76.45096685003908,3.244702628067806],[-76.450514515736714,3.2445607604600757],[-76.450538783816853,3.2447040965530207],[-76.450634965261699,3.245014507124087],[-76.45089721057002,3.2452048331074819],[-76.451302631605472,3.2455380849904065],[-76.45189895512415,3.2460619056960476],[-76.452138475853332,3.2465630479335221],[-76.452426290689786,3.2472791521021636],[-76.452452511163273,3.2479961536301185],[-76.452597557582294,3.2486888449501063],[-76.452908832417194,3.24930925468438],[-76.453530160800284,3.2501915309984768],[-76.454175842620401,3.2512410443252584],[-76.454248734914586,3.2516949497682002],[-76.45422674523094,3.252220891538621],[-76.454061902963204,3.252699519719084]]]]},"properties":{"OBJECTID":21,"FID_CoberturaTierra_COLOMBIA2022":336913,"codigo":22121,"leyenda":"Caña","insumo":"Landsat_2022_mediana_09032023","apoyo":"","confiabili":"SI","cambio":2,"nivel_1":"TERRITORIOS AGRÍCOLAS","nivel_2":"Cultivos permanentes","nivel_3":"Cultivos permanentes herbáceos","nivel_4":"Caña","nivel_5":"Caña","nivel_6":" ","area_ha":11538.496316108263,"FID_Cuenca_Cau_RíoPalo":1,"OBJECTID_1":99,"COD_AH":2,"nom_ah":"Magdalena Cauca","COD_ZH":26,"nom_zh":"Cauca","COD_SZH":2604,"nom_szh":"Río Palo","ruleid":3,"SHAPE_Leng":2.20103318471,"Shape_Length":29968.027436375371,"Shape_Area":5911408.269310873}}]
}