rio,tramo,estacion_aguas_arriba,estacion_aguas_abajo,km_inicio,km_fin,area_tramo_ha,area_referencia_ha,cobertura_pct,cod_cob25,clase,area_ha,pct,fuente_cana,cana_ha_uso_suelo,factor_reescalado
Rio Amaime,1,Rio Amaime - Despues Caserio Auji,Rio Amaime - Antes Caserio el Placer,0.000,43.852,953.47,953.47,100.0,11111,Zonas urbanas continuas,3.66,0.38,Uso_del_suelo_ZP,710.03,1.007524
Rio Amaime,1,Rio Amaime - Despues Caserio Auji,Rio Amaime - Antes Caserio el Placer,0.000,43.852,953.47,953.47,100.0,11211,Zonas urbanas discontinuas,4.21,0.44,Uso_del_suelo_ZP,710.03,1.007524
Rio Amaime,1,Rio Amaime - Despues Caserio Auji,Rio Amaime - Antes Caserio el Placer,0.000,43.852,953.47,953.47,100.0,12111,Otras superficies artificiales con construcción,12.09,1.27,Uso_del_suelo_ZP,710.03,1.007524
Rio Amaime,1,Rio Amaime - Despues Caserio Auji,Rio Amaime - Antes Caserio el Placer,0.000,43.852,953.47,953.47,100.0,12211,Otras superficies artificiales sin construcción,4.74,0.50,Uso_del_suelo_ZP,710.03,1.007524
Rio Amaime,1,Rio Amaime - Despues Caserio Auji,Rio Amaime - Antes Caserio el Placer,0.000,43.852,953.47,953.47,100.0,22171,Caña de azúcar,708.20,74.28,Hectareas_CZ,710.03,1.007524
Rio Amaime,1,Rio Amaime - Despues Caserio Auji,Rio Amaime - Antes Caserio el Placer,0.000,43.852,953.47,953.47,100.0,22210,Otros cultivos arbustivos plantados abiertos,7.52,0.79,Uso_del_suelo_ZP,710.03,1.007524
Rio Amaime,1,Rio Amaime - Despues Caserio Auji,Rio Amaime - Antes Caserio el Placer,0.000,43.852,953.47,953.47,100.0,23110,Otros cultivos herbáceos plantados densos,26.35,2.76,Uso_del_suelo_ZP,710.03,1.007524
Rio Amaime,1,Rio Amaime - Despues Caserio Auji,Rio Amaime - Antes Caserio el Placer,0.000,43.852,953.47,953.47,100.0,23170,Pasto cultivado,22.38,2.35,Uso_del_suelo_ZP,710.03,1.007524
Rio Amaime,1,Rio Amaime - Despues Caserio Auji,Rio Amaime - Antes Caserio el Placer,0.000,43.852,953.47,953.47,100.0,23171,Pasto cultivado arbolado,4.29,0.45,Uso_del_suelo_ZP,710.03,1.007524
Rio Amaime,1,Rio Amaime - Despues Caserio Auji,Rio Amaime - Antes Caserio el Placer,0.000,43.852,953.47,953.47,100.0,23172,Pasto cultivado enmalezado,3.65,0.38,Uso_del_suelo_ZP,710.03,1.007524
Rio Amaime,1,Rio Amaime - Despues Caserio Auji,Rio Amaime - Antes Caserio el Placer,0.000,43.852,953.47,953.47,100.0,23411,Otros cultivos confinados,1.53,0.16,Uso_del_suelo_ZP,710.03,1.007524
Rio Amaime,1,Rio Amaime - Despues Caserio Auji,Rio Amaime - Antes Caserio el Placer,0.000,43.852,953.47,953.47,100.0,24130,Misceláneo de pastos y cultivos,11.92,1.25,Uso_del_suelo_ZP,710.03,1.007524
Rio Amaime,1,Rio Amaime - Despues Caserio Auji,Rio Amaime - Antes Caserio el Placer,0.000,43.852,953.47,953.47,100.0,24140,Misceláneo de cultivos y espacios naturales,1.84,0.19,Uso_del_suelo_ZP,710.03,1.007524
Rio Amaime,1,Rio Amaime - Despues Caserio Auji,Rio Amaime - Antes Caserio el Placer,0.000,43.852,953.47,953.47,100.0,25210,Áreas de cultivo con suelo desnudo,3.27,0.34,Uso_del_suelo_ZP,710.03,1.007524
Rio Amaime,1,Rio Amaime - Despues Caserio Auji,Rio Amaime - Antes Caserio el Placer,0.000,43.852,953.47,953.47,100.0,31112,Bosque mixto denso bajo de tierra firme,1.31,0.14,Uso_del_suelo_ZP,710.03,1.007524
Rio Amaime,1,Rio Amaime - Despues Caserio Auji,Rio Amaime - Antes Caserio el Placer,0.000,43.852,953.47,953.47,100.0,31211,Bosque mixto abierto alto de tierra firme,10.41,1.09,Uso_del_suelo_ZP,710.03,1.007524
Rio Amaime,1,Rio Amaime - Despues Caserio Auji,Rio Amaime - Antes Caserio el Placer,0.000,43.852,953.47,953.47,100.0,31212,Bosque mixto abierto bajo de tierra firme,10.91,1.14,Uso_del_suelo_ZP,710.03,1.007524
Rio Amaime,1,Rio Amaime - Despues Caserio Auji,Rio Amaime - Antes Caserio el Placer,0.000,43.852,953.47,953.47,100.0,31311,Bosque mixto fragmentado con pastos y cultivos,8.86,0.93,Uso_del_suelo_ZP,710.03,1.007524
Rio Amaime,1,Rio Amaime - Despues Caserio Auji,Rio Amaime - Antes Caserio el Placer,0.000,43.852,953.47,953.47,100.0,31331,Bosque mixto fragmentado con vegetación natural,11.24,1.18,Uso_del_suelo_ZP,710.03,1.007524
Rio Amaime,1,Rio Amaime - Despues Caserio Auji,Rio Amaime - Antes Caserio el Placer,0.000,43.852,953.47,953.47,100.0,31351,Bosque mixto relictual,1.23,0.13,Uso_del_suelo_ZP,710.03,1.007524
Rio Amaime,1,Rio Amaime - Despues Caserio Auji,Rio Amaime - Antes Caserio el Placer,0.000,43.852,953.47,953.47,100.0,31352,Bosque de guadua,32.02,3.36,Uso_del_suelo_ZP,710.03,1.007524
Rio Amaime,1,Rio Amaime - Despues Caserio Auji,Rio Amaime - Antes Caserio el Placer,0.000,43.852,953.47,953.47,100.0,32110,Arbustal y matorral denso alto de tierra firme,1.68,0.18,Uso_del_suelo_ZP,710.03,1.007524
Rio Amaime,1,Rio Amaime - Despues Caserio Auji,Rio Amaime - Antes Caserio el Placer,0.000,43.852,953.47,953.47,100.0,32111,Arbustal y matorral denso bajo de tierra firme,8.65,0.91,Uso_del_suelo_ZP,710.03,1.007524
Rio Amaime,1,Rio Amaime - Despues Caserio Auji,Rio Amaime - Antes Caserio el Placer,0.000,43.852,953.47,953.47,100.0,32121,Arbustal y matorral denso bajo inundable (caña brava),10.50,1.10,Uso_del_suelo_ZP,710.03,1.007524
Rio Amaime,1,Rio Amaime - Despues Caserio Auji,Rio Amaime - Antes Caserio el Placer,0.000,43.852,953.47,953.47,100.0,32210,Arbustal y matorral abierto alto de tierra firme,10.07,1.06,Uso_del_suelo_ZP,710.03,1.007524
Rio Amaime,1,Rio Amaime - Despues Caserio Auji,Rio Amaime - Antes Caserio el Placer,0.000,43.852,953.47,953.47,100.0,32211,Arbustal y matorral abierto bajo de tierra firme,5.13,0.54,Uso_del_suelo_ZP,710.03,1.007524
Rio Amaime,1,Rio Amaime - Despues Caserio Auji,Rio Amaime - Antes Caserio el Placer,0.000,43.852,953.47,953.47,100.0,35221,Áreas naturales desnudas,0.20,0.02,Uso_del_suelo_ZP,710.03,1.007524
Rio Amaime,1,Rio Amaime - Despues Caserio Auji,Rio Amaime - Antes Caserio el Placer,0.000,43.852,953.47,953.47,100.0,41120,Ríos,14.99,1.57,Uso_del_suelo_ZP,710.03,1.007524
Rio Amaime,1,Rio Amaime - Despues Caserio Auji,Rio Amaime - Antes Caserio el Placer,0.000,43.852,953.47,953.47,100.0,41144,Otras superficies pantanosas,0.40,0.04,Uso_del_suelo_ZP,710.03,1.007524
Rio Amaime,1,Rio Amaime - Despues Caserio Auji,Rio Amaime - Antes Caserio el Placer,0.000,43.852,953.47,953.47,100.0,41220,Estanques artificiales / reservorios,8.67,0.91,Uso_del_suelo_ZP,710.03,1.007524
Rio Amaime,1,Rio Amaime - Despues Caserio Auji,Rio Amaime - Antes Caserio el Placer,0.000,43.852,953.47,953.47,100.0,41221,Canal,0.64,0.07,Uso_del_suelo_ZP,710.03,1.007524
Rio Amaime,1,Rio Amaime - Despues Caserio Auji,Rio Amaime - Antes Caserio el Placer,0.000,43.852,953.47,953.47,100.0,41410,Arenal,0.93,0.10,Uso_del_suelo_ZP,710.03,1.007524
Rio Amaime,2,Rio Amaime - Antes Caserio el Placer,Rio Amaime - Antes desembocadura de Rio Nima,43.852,46.062,252.95,252.95,100.0,11111,Zonas urbanas continuas,88.32,34.91,Uso_del_suelo_ZP,83.70,1.001247
Rio Amaime,2,Rio Amaime - Antes Caserio el Placer,Rio Amaime - Antes desembocadura de Rio Nima,43.852,46.062,252.95,252.95,100.0,11211,Zonas urbanas discontinuas,0.58,0.23,Uso_del_suelo_ZP,83.70,1.001247
Rio Amaime,2,Rio Amaime - Antes Caserio el Placer,Rio Amaime - Antes desembocadura de Rio Nima,43.852,46.062,252.95,252.95,100.0,12111,Otras superficies artificiales con construcción,4.39,1.73,Uso_del_suelo_ZP,83.70,1.001247
Rio Amaime,2,Rio Amaime - Antes Caserio el Placer,Rio Amaime - Antes desembocadura de Rio Nima,43.852,46.062,252.95,252.95,100.0,12211,Otras superficies artificiales sin construcción,0.52,0.21,Uso_del_suelo_ZP,83.70,1.001247
Rio Amaime,2,Rio Amaime - Antes Caserio el Placer,Rio Amaime - Antes desembocadura de Rio Nima,43.852,46.062,252.95,252.95,100.0,21210,Otros cultivos arbóreos plantados abiertos,0.49,0.19,Uso_del_suelo_ZP,83.70,1.001247
Rio Amaime,2,Rio Amaime - Antes Caserio el Placer,Rio Amaime - Antes desembocadura de Rio Nima,43.852,46.062,252.95,252.95,100.0,21221,Misceláneo de árboles frutales,0.18,0.07,Uso_del_suelo_ZP,83.70,1.001247
Rio Amaime,2,Rio Amaime - Antes Caserio el Placer,Rio Amaime - Antes desembocadura de Rio Nima,43.852,46.062,252.95,252.95,100.0,22171,Caña de azúcar,83.49,33.01,Hectareas_CZ,83.70,1.001247
Rio Amaime,2,Rio Amaime - Antes Caserio el Placer,Rio Amaime - Antes desembocadura de Rio Nima,43.852,46.062,252.95,252.95,100.0,22181,Maíz,9.64,3.81,Uso_del_suelo_ZP,83.70,1.001247
Rio Amaime,2,Rio Amaime - Antes Caserio el Placer,Rio Amaime - Antes desembocadura de Rio Nima,43.852,46.062,252.95,252.95,100.0,22210,Otros cultivos arbustivos plantados abiertos,2.52,0.99,Uso_del_suelo_ZP,83.70,1.001247
Rio Amaime,2,Rio Amaime - Antes Caserio el Placer,Rio Amaime - Antes desembocadura de Rio Nima,43.852,46.062,252.95,252.95,100.0,23110,Otros cultivos herbáceos plantados densos,2.39,0.94,Uso_del_suelo_ZP,83.70,1.001247
Rio Amaime,2,Rio Amaime - Antes Caserio el Placer,Rio Amaime - Antes desembocadura de Rio Nima,43.852,46.062,252.95,252.95,100.0,23170,Pasto cultivado,16.93,6.69,Uso_del_suelo_ZP,83.70,1.001247
Rio Amaime,2,Rio Amaime - Antes Caserio el Placer,Rio Amaime - Antes desembocadura de Rio Nima,43.852,46.062,252.95,252.95,100.0,23171,Pasto cultivado arbolado,0.24,0.10,Uso_del_suelo_ZP,83.70,1.001247
Rio Amaime,2,Rio Amaime - Antes Caserio el Placer,Rio Amaime - Antes desembocadura de Rio Nima,43.852,46.062,252.95,252.95,100.0,23172,Pasto cultivado enmalezado,0.99,0.39,Uso_del_suelo_ZP,83.70,1.001247
Rio Amaime,2,Rio Amaime - Antes Caserio el Placer,Rio Amaime - Antes desembocadura de Rio Nima,43.852,46.062,252.95,252.95,100.0,24130,Misceláneo de pastos y cultivos,1.17,0.46,Uso_del_suelo_ZP,83.70,1.001247
Rio Amaime,2,Rio Amaime - Antes Caserio el Placer,Rio Amaime - Antes desembocadura de Rio Nima,43.852,46.062,252.95,252.95,100.0,25210,Áreas de cultivo con suelo desnudo,7.90,3.12,Uso_del_suelo_ZP,83.70,1.001247
Rio Amaime,2,Rio Amaime - Antes Caserio el Placer,Rio Amaime - Antes desembocadura de Rio Nima,43.852,46.062,252.95,252.95,100.0,31112,Bosque mixto denso bajo de tierra firme,1.79,0.71,Uso_del_suelo_ZP,83.70,1.001247
Rio Amaime,2,Rio Amaime - Antes Caserio el Placer,Rio Amaime - Antes desembocadura de Rio Nima,43.852,46.062,252.95,252.95,100.0,31211,Bosque mixto abierto alto de tierra firme,0.41,0.16,Uso_del_suelo_ZP,83.70,1.001247
Rio Amaime,2,Rio Amaime - Antes Caserio el Placer,Rio Amaime - Antes desembocadura de Rio Nima,43.852,46.062,252.95,252.95,100.0,31212,Bosque mixto abierto bajo de tierra firme,4.76,1.88,Uso_del_suelo_ZP,83.70,1.001247
Rio Amaime,2,Rio Amaime - Antes Caserio el Placer,Rio Amaime - Antes desembocadura de Rio Nima,43.852,46.062,252.95,252.95,100.0,31311,Bosque mixto fragmentado con pastos y cultivos,7.78,3.08,Uso_del_suelo_ZP,83.70,1.001247
Rio Amaime,2,Rio Amaime - Antes Caserio el Placer,Rio Amaime - Antes desembocadura de Rio Nima,43.852,46.062,252.95,252.95,100.0,31331,Bosque mixto fragmentado con vegetación natural,1.65,0.65,Uso_del_suelo_ZP,83.70,1.001247
Rio Amaime,2,Rio Amaime - Antes Caserio el Placer,Rio Amaime - Antes desembocadura de Rio Nima,43.852,46.062,252.95,252.95,100.0,31351,Bosque mixto relictual,0.35,0.14,Uso_del_suelo_ZP,83.70,1.001247
Rio Amaime,2,Rio Amaime - Antes Caserio el Placer,Rio Amaime - Antes desembocadura de Rio Nima,43.852,46.062,252.95,252.95,100.0,31352,Bosque de guadua,1.94,0.77,Uso_del_suelo_ZP,83.70,1.001247
Rio Amaime,2,Rio Amaime - Antes Caserio el Placer,Rio Amaime - Antes desembocadura de Rio Nima,43.852,46.062,252.95,252.95,100.0,32110,Arbustal y matorral denso alto de tierra firme,0.64,0.25,Uso_del_suelo_ZP,83.70,1.001247
Rio Amaime,2,Rio Amaime - Antes Caserio el Placer,Rio Amaime - Antes desembocadura de Rio Nima,43.852,46.062,252.95,252.95,100.0,32111,Arbustal y matorral denso bajo de tierra firme,0.73,0.29,Uso_del_suelo_ZP,83.70,1.001247
Rio Amaime,2,Rio Amaime - Antes Caserio el Placer,Rio Amaime - Antes desembocadura de Rio Nima,43.852,46.062,252.95,252.95,100.0,32210,Arbustal y matorral abierto alto de tierra firme,3.18,1.26,Uso_del_suelo_ZP,83.70,1.001247
Rio Amaime,2,Rio Amaime - Antes Caserio el Placer,Rio Amaime - Antes desembocadura de Rio Nima,43.852,46.062,252.95,252.95,100.0,32211,Arbustal y matorral abierto bajo de tierra firme,6.79,2.68,Uso_del_suelo_ZP,83.70,1.001247
Rio Amaime,2,Rio Amaime - Antes Caserio el Placer,Rio Amaime - Antes desembocadura de Rio Nima,43.852,46.062,252.95,252.95,100.0,35221,Áreas naturales desnudas,0.01,0.00,Uso_del_suelo_ZP,83.70,1.001247
Rio Amaime,2,Rio Amaime - Antes Caserio el Placer,Rio Amaime - Antes desembocadura de Rio Nima,43.852,46.062,252.95,252.95,100.0,41120,Ríos,3.21,1.27,Uso_del_suelo_ZP,83.70,1.001247
Rio Amaime,3,Rio Amaime - Antes desembocadura de Rio Nima,Rio Amaime - antes Desembocadura a Rio Cauca,46.062,86.292,3409.45,3409.45,100.0,11211,Zonas urbanas discontinuas,3.37,0.10,Uso_del_suelo_ZP,2805.03,1.199957
Rio Amaime,3,Rio Amaime - Antes desembocadura de Rio Nima,Rio Amaime - antes Desembocadura a Rio Cauca,46.062,86.292,3409.45,3409.45,100.0,12111,Otras superficies artificiales con construcción,15.68,0.46,Uso_del_suelo_ZP,2805.03,1.199957
Rio Amaime,3,Rio Amaime - Antes desembocadura de Rio Nima,Rio Amaime - antes Desembocadura a Rio Cauca,46.062,86.292,3409.45,3409.45,100.0,12211,Otras superficies artificiales sin construcción,20.67,0.61,Uso_del_suelo_ZP,2805.03,1.199957
Rio Amaime,3,Rio Amaime - Antes desembocadura de Rio Nima,Rio Amaime - antes Desembocadura a Rio Cauca,46.062,86.292,3409.45,3409.45,100.0,21221,Misceláneo de árboles frutales,0.93,0.03,Uso_del_suelo_ZP,2805.03,1.199957
Rio Amaime,3,Rio Amaime - Antes desembocadura de Rio Nima,Rio Amaime - antes Desembocadura a Rio Cauca,46.062,86.292,3409.45,3409.45,100.0,22171,Caña de azúcar,2684.17,78.73,Hectareas_CZ,2805.03,1.199957
Rio Amaime,3,Rio Amaime - Antes desembocadura de Rio Nima,Rio Amaime - antes Desembocadura a Rio Cauca,46.062,86.292,3409.45,3409.45,100.0,22210,Otros cultivos arbustivos plantados abiertos,7.25,0.21,Uso_del_suelo_ZP,2805.03,1.199957
Rio Amaime,3,Rio Amaime - Antes desembocadura de Rio Nima,Rio Amaime - antes Desembocadura a Rio Cauca,46.062,86.292,3409.45,3409.45,100.0,23110,Otros cultivos herbáceos plantados densos,0.40,0.01,Uso_del_suelo_ZP,2805.03,1.199957
Rio Amaime,3,Rio Amaime - Antes desembocadura de Rio Nima,Rio Amaime - antes Desembocadura a Rio Cauca,46.062,86.292,3409.45,3409.45,100.0,23170,Pasto cultivado,104.42,3.06,Uso_del_suelo_ZP,2805.03,1.199957
Rio Amaime,3,Rio Amaime - Antes desembocadura de Rio Nima,Rio Amaime - antes Desembocadura a Rio Cauca,46.062,86.292,3409.45,3409.45,100.0,23171,Pasto cultivado arbolado,31.00,0.91,Uso_del_suelo_ZP,2805.03,1.199957
Rio Amaime,3,Rio Amaime - Antes desembocadura de Rio Nima,Rio Amaime - antes Desembocadura a Rio Cauca,46.062,86.292,3409.45,3409.45,100.0,23172,Pasto cultivado enmalezado,23.88,0.70,Uso_del_suelo_ZP,2805.03,1.199957
Rio Amaime,3,Rio Amaime - Antes desembocadura de Rio Nima,Rio Amaime - antes Desembocadura a Rio Cauca,46.062,86.292,3409.45,3409.45,100.0,24130,Misceláneo de pastos y cultivos,1.86,0.05,Uso_del_suelo_ZP,2805.03,1.199957
Rio Amaime,3,Rio Amaime - Antes desembocadura de Rio Nima,Rio Amaime - antes Desembocadura a Rio Cauca,46.062,86.292,3409.45,3409.45,100.0,24140,Misceláneo de cultivos y espacios naturales,0.58,0.02,Uso_del_suelo_ZP,2805.03,1.199957
Rio Amaime,3,Rio Amaime - Antes desembocadura de Rio Nima,Rio Amaime - antes Desembocadura a Rio Cauca,46.062,86.292,3409.45,3409.45,100.0,25210,Áreas de cultivo con suelo desnudo,4.60,0.13,Uso_del_suelo_ZP,2805.03,1.199957
Rio Amaime,3,Rio Amaime - Antes desembocadura de Rio Nima,Rio Amaime - antes Desembocadura a Rio Cauca,46.062,86.292,3409.45,3409.45,100.0,31111,Bosque mixto denso alto de tierra firme,3.14,0.09,Uso_del_suelo_ZP,2805.03,1.199957
Rio Amaime,3,Rio Amaime - Antes desembocadura de Rio Nima,Rio Amaime - antes Desembocadura a Rio Cauca,46.062,86.292,3409.45,3409.45,100.0,31112,Bosque mixto denso bajo de tierra firme,8.30,0.24,Uso_del_suelo_ZP,2805.03,1.199957
Rio Amaime,3,Rio Amaime - Antes desembocadura de Rio Nima,Rio Amaime - antes Desembocadura a Rio Cauca,46.062,86.292,3409.45,3409.45,100.0,31211,Bosque mixto abierto alto de tierra firme,1.78,0.05,Uso_del_suelo_ZP,2805.03,1.199957
Rio Amaime,3,Rio Amaime - Antes desembocadura de Rio Nima,Rio Amaime - antes Desembocadura a Rio Cauca,46.062,86.292,3409.45,3409.45,100.0,31212,Bosque mixto abierto bajo de tierra firme,13.47,0.40,Uso_del_suelo_ZP,2805.03,1.199957
Rio Amaime,3,Rio Amaime - Antes desembocadura de Rio Nima,Rio Amaime - antes Desembocadura a Rio Cauca,46.062,86.292,3409.45,3409.45,100.0,31311,Bosque mixto fragmentado con pastos y cultivos,10.81,0.32,Uso_del_suelo_ZP,2805.03,1.199957
Rio Amaime,3,Rio Amaime - Antes desembocadura de Rio Nima,Rio Amaime - antes Desembocadura a Rio Cauca,46.062,86.292,3409.45,3409.45,100.0,31331,Bosque mixto fragmentado con vegetación natural,21.99,0.65,Uso_del_suelo_ZP,2805.03,1.199957
Rio Amaime,3,Rio Amaime - Antes desembocadura de Rio Nima,Rio Amaime - antes Desembocadura a Rio Cauca,46.062,86.292,3409.45,3409.45,100.0,31351,Bosque mixto relictual,4.83,0.14,Uso_del_suelo_ZP,2805.03,1.199957
Rio Amaime,3,Rio Amaime - Antes desembocadura de Rio Nima,Rio Amaime - antes Desembocadura a Rio Cauca,46.062,86.292,3409.45,3409.45,100.0,31352,Bosque de guadua,198.70,5.83,Uso_del_suelo_ZP,2805.03,1.199957
Rio Amaime,3,Rio Amaime - Antes desembocadura de Rio Nima,Rio Amaime - antes Desembocadura a Rio Cauca,46.062,86.292,3409.45,3409.45,100.0,32110,Arbustal y matorral denso alto de tierra firme,6.56,0.19,Uso_del_suelo_ZP,2805.03,1.199957
Rio Amaime,3,Rio Amaime - Antes desembocadura de Rio Nima,Rio Amaime - antes Desembocadura a Rio Cauca,46.062,86.292,3409.45,3409.45,100.0,32111,Arbustal y matorral denso bajo de tierra firme,9.78,0.29,Uso_del_suelo_ZP,2805.03,1.199957
Rio Amaime,3,Rio Amaime - Antes desembocadura de Rio Nima,Rio Amaime - antes Desembocadura a Rio Cauca,46.062,86.292,3409.45,3409.45,100.0,32121,Arbustal y matorral denso bajo inundable (caña brava),67.47,1.98,Uso_del_suelo_ZP,2805.03,1.199957
Rio Amaime,3,Rio Amaime - Antes desembocadura de Rio Nima,Rio Amaime - antes Desembocadura a Rio Cauca,46.062,86.292,3409.45,3409.45,100.0,32210,Arbustal y matorral abierto alto de tierra firme,13.48,0.40,Uso_del_suelo_ZP,2805.03,1.199957
Rio Amaime,3,Rio Amaime - Antes desembocadura de Rio Nima,Rio Amaime - antes Desembocadura a Rio Cauca,46.062,86.292,3409.45,3409.45,100.0,32211,Arbustal y matorral abierto bajo de tierra firme,10.79,0.32,Uso_del_suelo_ZP,2805.03,1.199957
Rio Amaime,3,Rio Amaime - Antes desembocadura de Rio Nima,Rio Amaime - antes Desembocadura a Rio Cauca,46.062,86.292,3409.45,3409.45,100.0,32220,Arbustal y matorral abierto alto inundable,0.53,0.02,Uso_del_suelo_ZP,2805.03,1.199957
Rio Amaime,3,Rio Amaime - Antes desembocadura de Rio Nima,Rio Amaime - antes Desembocadura a Rio Cauca,46.062,86.292,3409.45,3409.45,100.0,32221,Arbustal y matorral abierto bajo inundable,1.44,0.04,Uso_del_suelo_ZP,2805.03,1.199957
Rio Amaime,3,Rio Amaime - Antes desembocadura de Rio Nima,Rio Amaime - antes Desembocadura a Rio Cauca,46.062,86.292,3409.45,3409.45,100.0,32310,Vegetación secundaria o transición,17.72,0.52,Uso_del_suelo_ZP,2805.03,1.199957
Rio Amaime,3,Rio Amaime - Antes desembocadura de Rio Nima,Rio Amaime - antes Desembocadura a Rio Cauca,46.062,86.292,3409.45,3409.45,100.0,33121,Herbazal natural denso inundable arbolado,0.52,0.02,Uso_del_suelo_ZP,2805.03,1.199957
Rio Amaime,3,Rio Amaime - Antes desembocadura de Rio Nima,Rio Amaime - antes Desembocadura a Rio Cauca,46.062,86.292,3409.45,3409.45,100.0,33230,Herbazal natural abierto subxerofítico,6.40,0.19,Uso_del_suelo_ZP,2805.03,1.199957
Rio Amaime,3,Rio Amaime - Antes desembocadura de Rio Nima,Rio Amaime - antes Desembocadura a Rio Cauca,46.062,86.292,3409.45,3409.45,100.0,35221,Áreas naturales desnudas,2.81,0.08,Uso_del_suelo_ZP,2805.03,1.199957
Rio Amaime,3,Rio Amaime - Antes desembocadura de Rio Nima,Rio Amaime - antes Desembocadura a Rio Cauca,46.062,86.292,3409.45,3409.45,100.0,41110,Otros cuerpos de agua,0.15,0.00,Uso_del_suelo_ZP,2805.03,1.199957
Rio Amaime,3,Rio Amaime - Antes desembocadura de Rio Nima,Rio Amaime - antes Desembocadura a Rio Cauca,46.062,86.292,3409.45,3409.45,100.0,41120,Ríos,72.32,2.12,Uso_del_suelo_ZP,2805.03,1.199957
Rio Amaime,3,Rio Amaime - Antes desembocadura de Rio Nima,Rio Amaime - antes Desembocadura a Rio Cauca,46.062,86.292,3409.45,3409.45,100.0,41144,Otras superficies pantanosas,0.63,0.02,Uso_del_suelo_ZP,2805.03,1.199957
Rio Amaime,3,Rio Amaime - Antes desembocadura de Rio Nima,Rio Amaime - antes Desembocadura a Rio Cauca,46.062,86.292,3409.45,3409.45,100.0,41220,Estanques artificiales / reservorios,8.05,0.24,Uso_del_suelo_ZP,2805.03,1.199957
Rio Amaime,3,Rio Amaime - Antes desembocadura de Rio Nima,Rio Amaime - antes Desembocadura a Rio Cauca,46.062,86.292,3409.45,3409.45,100.0,41221,Canal,28.71,0.84,Uso_del_suelo_ZP,2805.03,1.199957
Rio Amaime,3,Rio Amaime - Antes desembocadura de Rio Nima,Rio Amaime - antes Desembocadura a Rio Cauca,46.062,86.292,3409.45,3409.45,100.0,42350,Isla (código marítimo en capa continental),0.22,0.01,Uso_del_suelo_ZP,2805.03,1.199957
Rio Bolo,1,Rio Bolo - Limnígrafo CVC - Los Minchos,Rio Bolo - Puente Pradera - Palmira,0.000,10.938,490.65,490.65,100.0,11111,Zonas urbanas continuas,130.21,26.54,Uso_del_suelo_ZP,296.39,1.003962
Rio Bolo,1,Rio Bolo - Limnígrafo CVC - Los Minchos,Rio Bolo - Puente Pradera - Palmira,0.000,10.938,490.65,490.65,100.0,11211,Zonas urbanas discontinuas,1.92,0.39,Uso_del_suelo_ZP,296.39,1.003962
Rio Bolo,1,Rio Bolo - Limnígrafo CVC - Los Minchos,Rio Bolo - Puente Pradera - Palmira,0.000,10.938,490.65,490.65,100.0,12111,Otras superficies artificiales con construcción,5.18,1.06,Uso_del_suelo_ZP,296.39,1.003962
Rio Bolo,1,Rio Bolo - Limnígrafo CVC - Los Minchos,Rio Bolo - Puente Pradera - Palmira,0.000,10.938,490.65,490.65,100.0,12211,Otras superficies artificiales sin construcción,0.53,0.11,Uso_del_suelo_ZP,296.39,1.003962
Rio Bolo,1,Rio Bolo - Limnígrafo CVC - Los Minchos,Rio Bolo - Puente Pradera - Palmira,0.000,10.938,490.65,490.65,100.0,22171,Caña de azúcar,295.62,60.25,Hectareas_CZ,296.39,1.003962
Rio Bolo,1,Rio Bolo - Limnígrafo CVC - Los Minchos,Rio Bolo - Puente Pradera - Palmira,0.000,10.938,490.65,490.65,100.0,23170,Pasto cultivado,7.93,1.62,Uso_del_suelo_ZP,296.39,1.003962
Rio Bolo,1,Rio Bolo - Limnígrafo CVC - Los Minchos,Rio Bolo - Puente Pradera - Palmira,0.000,10.938,490.65,490.65,100.0,23171,Pasto cultivado arbolado,2.56,0.52,Uso_del_suelo_ZP,296.39,1.003962
Rio Bolo,1,Rio Bolo - Limnígrafo CVC - Los Minchos,Rio Bolo - Puente Pradera - Palmira,0.000,10.938,490.65,490.65,100.0,23172,Pasto cultivado enmalezado,2.15,0.44,Uso_del_suelo_ZP,296.39,1.003962
Rio Bolo,1,Rio Bolo - Limnígrafo CVC - Los Minchos,Rio Bolo - Puente Pradera - Palmira,0.000,10.938,490.65,490.65,100.0,31311,Bosque mixto fragmentado con pastos y cultivos,0.46,0.09,Uso_del_suelo_ZP,296.39,1.003962
Rio Bolo,1,Rio Bolo - Limnígrafo CVC - Los Minchos,Rio Bolo - Puente Pradera - Palmira,0.000,10.938,490.65,490.65,100.0,31352,Bosque de guadua,1.01,0.21,Uso_del_suelo_ZP,296.39,1.003962
Rio Bolo,1,Rio Bolo - Limnígrafo CVC - Los Minchos,Rio Bolo - Puente Pradera - Palmira,0.000,10.938,490.65,490.65,100.0,32210,Arbustal y matorral abierto alto de tierra firme,0.34,0.07,Uso_del_suelo_ZP,296.39,1.003962
Rio Bolo,1,Rio Bolo - Limnígrafo CVC - Los Minchos,Rio Bolo - Puente Pradera - Palmira,0.000,10.938,490.65,490.65,100.0,32310,Vegetación secundaria o transición,23.45,4.78,Uso_del_suelo_ZP,296.39,1.003962
Rio Bolo,1,Rio Bolo - Limnígrafo CVC - Los Minchos,Rio Bolo - Puente Pradera - Palmira,0.000,10.938,490.65,490.65,100.0,41120,Ríos,9.37,1.91,Uso_del_suelo_ZP,296.39,1.003962
Rio Bolo,1,Rio Bolo - Limnígrafo CVC - Los Minchos,Rio Bolo - Puente Pradera - Palmira,0.000,10.938,490.65,490.65,100.0,41220,Estanques artificiales / reservorios,4.38,0.89,Uso_del_suelo_ZP,296.39,1.003962
Rio Bolo,1,Rio Bolo - Limnígrafo CVC - Los Minchos,Rio Bolo - Puente Pradera - Palmira,0.000,10.938,490.65,490.65,100.0,41221,Canal,5.52,1.13,Uso_del_suelo_ZP,296.39,1.003962
Rio Bolo,2,Rio Bolo - Puente Pradera - Palmira,Rio Bolo - Puente Bolo - San Isidro - vía a Candelaria,10.938,30.024,1996.99,1996.99,100.0,11111,Zonas urbanas continuas,3.62,0.18,Uso_del_suelo_ZP,1618.95,1.011069
Rio Bolo,2,Rio Bolo - Puente Pradera - Palmira,Rio Bolo - Puente Bolo - San Isidro - vía a Candelaria,10.938,30.024,1996.99,1996.99,100.0,11211,Zonas urbanas discontinuas,23.65,1.18,Uso_del_suelo_ZP,1618.95,1.011069
Rio Bolo,2,Rio Bolo - Puente Pradera - Palmira,Rio Bolo - Puente Bolo - San Isidro - vía a Candelaria,10.938,30.024,1996.99,1996.99,100.0,12111,Otras superficies artificiales con construcción,13.55,0.68,Uso_del_suelo_ZP,1618.95,1.011069
Rio Bolo,2,Rio Bolo - Puente Pradera - Palmira,Rio Bolo - Puente Bolo - San Isidro - vía a Candelaria,10.938,30.024,1996.99,1996.99,100.0,12211,Otras superficies artificiales sin construcción,4.33,0.22,Uso_del_suelo_ZP,1618.95,1.011069
Rio Bolo,2,Rio Bolo - Puente Pradera - Palmira,Rio Bolo - Puente Bolo - San Isidro - vía a Candelaria,10.938,30.024,1996.99,1996.99,100.0,21110,Otros cultivos arbóreos plantados densos,6.18,0.31,Uso_del_suelo_ZP,1618.95,1.011069
Rio Bolo,2,Rio Bolo - Puente Pradera - Palmira,Rio Bolo - Puente Bolo - San Isidro - vía a Candelaria,10.938,30.024,1996.99,1996.99,100.0,22171,Caña de azúcar,1614.77,80.86,Hectareas_CZ,1618.95,1.011069
Rio Bolo,2,Rio Bolo - Puente Pradera - Palmira,Rio Bolo - Puente Bolo - San Isidro - vía a Candelaria,10.938,30.024,1996.99,1996.99,100.0,22181,Maíz,9.51,0.48,Uso_del_suelo_ZP,1618.95,1.011069
Rio Bolo,2,Rio Bolo - Puente Pradera - Palmira,Rio Bolo - Puente Bolo - San Isidro - vía a Candelaria,10.938,30.024,1996.99,1996.99,100.0,23141,Soya,5.57,0.28,Uso_del_suelo_ZP,1618.95,1.011069
Rio Bolo,2,Rio Bolo - Puente Pradera - Palmira,Rio Bolo - Puente Bolo - San Isidro - vía a Candelaria,10.938,30.024,1996.99,1996.99,100.0,23170,Pasto cultivado,17.69,0.89,Uso_del_suelo_ZP,1618.95,1.011069
Rio Bolo,2,Rio Bolo - Puente Pradera - Palmira,Rio Bolo - Puente Bolo - San Isidro - vía a Candelaria,10.938,30.024,1996.99,1996.99,100.0,23171,Pasto cultivado arbolado,9.48,0.47,Uso_del_suelo_ZP,1618.95,1.011069
Rio Bolo,2,Rio Bolo - Puente Pradera - Palmira,Rio Bolo - Puente Bolo - San Isidro - vía a Candelaria,10.938,30.024,1996.99,1996.99,100.0,23172,Pasto cultivado enmalezado,7.64,0.38,Uso_del_suelo_ZP,1618.95,1.011069
Rio Bolo,2,Rio Bolo - Puente Pradera - Palmira,Rio Bolo - Puente Bolo - San Isidro - vía a Candelaria,10.938,30.024,1996.99,1996.99,100.0,23221,Habichuela,3.34,0.17,Uso_del_suelo_ZP,1618.95,1.011069
Rio Bolo,2,Rio Bolo - Puente Pradera - Palmira,Rio Bolo - Puente Bolo - San Isidro - vía a Candelaria,10.938,30.024,1996.99,1996.99,100.0,23241,Frijol,4.22,0.21,Uso_del_suelo_ZP,1618.95,1.011069
Rio Bolo,2,Rio Bolo - Puente Pradera - Palmira,Rio Bolo - Puente Bolo - San Isidro - vía a Candelaria,10.938,30.024,1996.99,1996.99,100.0,24110,Otras asociaciones de cultivos,77.14,3.86,Uso_del_suelo_ZP,1618.95,1.011069
Rio Bolo,2,Rio Bolo - Puente Pradera - Palmira,Rio Bolo - Puente Bolo - San Isidro - vía a Candelaria,10.938,30.024,1996.99,1996.99,100.0,24112,Tomate-Frijol,0.00,0.00,Uso_del_suelo_ZP,1618.95,1.011069
Rio Bolo,2,Rio Bolo - Puente Pradera - Palmira,Rio Bolo - Puente Bolo - San Isidro - vía a Candelaria,10.938,30.024,1996.99,1996.99,100.0,24130,Misceláneo de pastos y cultivos,16.92,0.85,Uso_del_suelo_ZP,1618.95,1.011069
Rio Bolo,2,Rio Bolo - Puente Pradera - Palmira,Rio Bolo - Puente Bolo - San Isidro - vía a Candelaria,10.938,30.024,1996.99,1996.99,100.0,24140,Misceláneo de cultivos y espacios naturales,5.54,0.28,Uso_del_suelo_ZP,1618.95,1.011069
Rio Bolo,2,Rio Bolo - Puente Pradera - Palmira,Rio Bolo - Puente Bolo - San Isidro - vía a Candelaria,10.938,30.024,1996.99,1996.99,100.0,31331,Bosque mixto fragmentado con vegetación natural,9.60,0.48,Uso_del_suelo_ZP,1618.95,1.011069
Rio Bolo,2,Rio Bolo - Puente Pradera - Palmira,Rio Bolo - Puente Bolo - San Isidro - vía a Candelaria,10.938,30.024,1996.99,1996.99,100.0,31352,Bosque de guadua,91.05,4.56,Uso_del_suelo_ZP,1618.95,1.011069
Rio Bolo,2,Rio Bolo - Puente Pradera - Palmira,Rio Bolo - Puente Bolo - San Isidro - vía a Candelaria,10.938,30.024,1996.99,1996.99,100.0,32310,Vegetación secundaria o transición,24.20,1.21,Uso_del_suelo_ZP,1618.95,1.011069
Rio Bolo,2,Rio Bolo - Puente Pradera - Palmira,Rio Bolo - Puente Bolo - San Isidro - vía a Candelaria,10.938,30.024,1996.99,1996.99,100.0,35221,Áreas naturales desnudas,2.53,0.13,Uso_del_suelo_ZP,1618.95,1.011069
Rio Bolo,2,Rio Bolo - Puente Pradera - Palmira,Rio Bolo - Puente Bolo - San Isidro - vía a Candelaria,10.938,30.024,1996.99,1996.99,100.0,41110,Otros cuerpos de agua,1.10,0.06,Uso_del_suelo_ZP,1618.95,1.011069
Rio Bolo,2,Rio Bolo - Puente Pradera - Palmira,Rio Bolo - Puente Bolo - San Isidro - vía a Candelaria,10.938,30.024,1996.99,1996.99,100.0,41120,Ríos,29.90,1.50,Uso_del_suelo_ZP,1618.95,1.011069
Rio Bolo,2,Rio Bolo - Puente Pradera - Palmira,Rio Bolo - Puente Bolo - San Isidro - vía a Candelaria,10.938,30.024,1996.99,1996.99,100.0,41220,Estanques artificiales / reservorios,3.00,0.15,Uso_del_suelo_ZP,1618.95,1.011069
Rio Bolo,2,Rio Bolo - Puente Pradera - Palmira,Rio Bolo - Puente Bolo - San Isidro - vía a Candelaria,10.938,30.024,1996.99,1996.99,100.0,41221,Canal,12.45,0.62,Uso_del_suelo_ZP,1618.95,1.011069
Rio Bolo,3,Rio Bolo - Puente Bolo - San Isidro - vía a Candelaria,Rio Bolo - Antes desembocadura a Frayle en puente Recta Cali - Palmira,30.024,48.006,2425.83,2425.83,100.0,11211,Zonas urbanas discontinuas,47.27,1.95,Uso_del_suelo_ZP,2148.95,1.955231
Rio Bolo,3,Rio Bolo - Puente Bolo - San Isidro - vía a Candelaria,Rio Bolo - Antes desembocadura a Frayle en puente Recta Cali - Palmira,30.024,48.006,2425.83,2425.83,100.0,12111,Otras superficies artificiales con construcción,54.71,2.26,Uso_del_suelo_ZP,2148.95,1.955231
Rio Bolo,3,Rio Bolo - Puente Bolo - San Isidro - vía a Candelaria,Rio Bolo - Antes desembocadura a Frayle en puente Recta Cali - Palmira,30.024,48.006,2425.83,2425.83,100.0,12211,Otras superficies artificiales sin construcción,42.14,1.74,Uso_del_suelo_ZP,2148.95,1.955231
Rio Bolo,3,Rio Bolo - Puente Bolo - San Isidro - vía a Candelaria,Rio Bolo - Antes desembocadura a Frayle en puente Recta Cali - Palmira,30.024,48.006,2425.83,2425.83,100.0,21110,Otros cultivos arbóreos plantados densos,8.50,0.35,Uso_del_suelo_ZP,2148.95,1.955231
Rio Bolo,3,Rio Bolo - Puente Bolo - San Isidro - vía a Candelaria,Rio Bolo - Antes desembocadura a Frayle en puente Recta Cali - Palmira,30.024,48.006,2425.83,2425.83,100.0,21116,Mango,2.32,0.10,Uso_del_suelo_ZP,2148.95,1.955231
Rio Bolo,3,Rio Bolo - Puente Bolo - San Isidro - vía a Candelaria,Rio Bolo - Antes desembocadura a Frayle en puente Recta Cali - Palmira,30.024,48.006,2425.83,2425.83,100.0,22113,Plátano,7.38,0.30,Uso_del_suelo_ZP,2148.95,1.955231
Rio Bolo,3,Rio Bolo - Puente Bolo - San Isidro - vía a Candelaria,Rio Bolo - Antes desembocadura a Frayle en puente Recta Cali - Palmira,30.024,48.006,2425.83,2425.83,100.0,22171,Caña de azúcar,1884.46,77.68,Hectareas_CZ,2148.95,1.955231
Rio Bolo,3,Rio Bolo - Puente Bolo - San Isidro - vía a Candelaria,Rio Bolo - Antes desembocadura a Frayle en puente Recta Cali - Palmira,30.024,48.006,2425.83,2425.83,100.0,22181,Maíz,12.63,0.52,Uso_del_suelo_ZP,2148.95,1.955231
Rio Bolo,3,Rio Bolo - Puente Bolo - San Isidro - vía a Candelaria,Rio Bolo - Antes desembocadura a Frayle en puente Recta Cali - Palmira,30.024,48.006,2425.83,2425.83,100.0,23141,Soya,0.10,0.00,Uso_del_suelo_ZP,2148.95,1.955231
Rio Bolo,3,Rio Bolo - Puente Bolo - San Isidro - vía a Candelaria,Rio Bolo - Antes desembocadura a Frayle en puente Recta Cali - Palmira,30.024,48.006,2425.83,2425.83,100.0,23170,Pasto cultivado,38.69,1.59,Uso_del_suelo_ZP,2148.95,1.955231
Rio Bolo,3,Rio Bolo - Puente Bolo - San Isidro - vía a Candelaria,Rio Bolo - Antes desembocadura a Frayle en puente Recta Cali - Palmira,30.024,48.006,2425.83,2425.83,100.0,23171,Pasto cultivado arbolado,37.34,1.54,Uso_del_suelo_ZP,2148.95,1.955231
Rio Bolo,3,Rio Bolo - Puente Bolo - San Isidro - vía a Candelaria,Rio Bolo - Antes desembocadura a Frayle en puente Recta Cali - Palmira,30.024,48.006,2425.83,2425.83,100.0,23172,Pasto cultivado enmalezado,21.59,0.89,Uso_del_suelo_ZP,2148.95,1.955231
Rio Bolo,3,Rio Bolo - Puente Bolo - San Isidro - vía a Candelaria,Rio Bolo - Antes desembocadura a Frayle en puente Recta Cali - Palmira,30.024,48.006,2425.83,2425.83,100.0,24110,Otras asociaciones de cultivos,18.68,0.77,Uso_del_suelo_ZP,2148.95,1.955231
Rio Bolo,3,Rio Bolo - Puente Bolo - San Isidro - vía a Candelaria,Rio Bolo - Antes desembocadura a Frayle en puente Recta Cali - Palmira,30.024,48.006,2425.83,2425.83,100.0,24130,Misceláneo de pastos y cultivos,9.34,0.39,Uso_del_suelo_ZP,2148.95,1.955231
Rio Bolo,3,Rio Bolo - Puente Bolo - San Isidro - vía a Candelaria,Rio Bolo - Antes desembocadura a Frayle en puente Recta Cali - Palmira,30.024,48.006,2425.83,2425.83,100.0,31212,Bosque mixto abierto bajo de tierra firme,0.35,0.01,Uso_del_suelo_ZP,2148.95,1.955231
Rio Bolo,3,Rio Bolo - Puente Bolo - San Isidro - vía a Candelaria,Rio Bolo - Antes desembocadura a Frayle en puente Recta Cali - Palmira,30.024,48.006,2425.83,2425.83,100.0,31311,Bosque mixto fragmentado con pastos y cultivos,11.60,0.48,Uso_del_suelo_ZP,2148.95,1.955231
Rio Bolo,3,Rio Bolo - Puente Bolo - San Isidro - vía a Candelaria,Rio Bolo - Antes desembocadura a Frayle en puente Recta Cali - Palmira,30.024,48.006,2425.83,2425.83,100.0,31352,Bosque de guadua,16.23,0.67,Uso_del_suelo_ZP,2148.95,1.955231
Rio Bolo,3,Rio Bolo - Puente Bolo - San Isidro - vía a Candelaria,Rio Bolo - Antes desembocadura a Frayle en puente Recta Cali - Palmira,30.024,48.006,2425.83,2425.83,100.0,32110,Arbustal y matorral denso alto de tierra firme,0.00,0.00,Uso_del_suelo_ZP,2148.95,1.955231
Rio Bolo,3,Rio Bolo - Puente Bolo - San Isidro - vía a Candelaria,Rio Bolo - Antes desembocadura a Frayle en puente Recta Cali - Palmira,30.024,48.006,2425.83,2425.83,100.0,32111,Arbustal y matorral denso bajo de tierra firme,1.52,0.06,Uso_del_suelo_ZP,2148.95,1.955231
Rio Bolo,3,Rio Bolo - Puente Bolo - San Isidro - vía a Candelaria,Rio Bolo - Antes desembocadura a Frayle en puente Recta Cali - Palmira,30.024,48.006,2425.83,2425.83,100.0,32310,Vegetación secundaria o transición,30.44,1.25,Uso_del_suelo_ZP,2148.95,1.955231
Rio Bolo,3,Rio Bolo - Puente Bolo - San Isidro - vía a Candelaria,Rio Bolo - Antes desembocadura a Frayle en puente Recta Cali - Palmira,30.024,48.006,2425.83,2425.83,100.0,35221,Áreas naturales desnudas,1.06,0.04,Uso_del_suelo_ZP,2148.95,1.955231
Rio Bolo,3,Rio Bolo - Puente Bolo - San Isidro - vía a Candelaria,Rio Bolo - Antes desembocadura a Frayle en puente Recta Cali - Palmira,30.024,48.006,2425.83,2425.83,100.0,41120,Ríos,28.03,1.16,Uso_del_suelo_ZP,2148.95,1.955231
Rio Bolo,3,Rio Bolo - Puente Bolo - San Isidro - vía a Candelaria,Rio Bolo - Antes desembocadura a Frayle en puente Recta Cali - Palmira,30.024,48.006,2425.83,2425.83,100.0,41130,Lagunas,2.07,0.09,Uso_del_suelo_ZP,2148.95,1.955231
Rio Bolo,3,Rio Bolo - Puente Bolo - San Isidro - vía a Candelaria,Rio Bolo - Antes desembocadura a Frayle en puente Recta Cali - Palmira,30.024,48.006,2425.83,2425.83,100.0,41220,Estanques artificiales / reservorios,2.96,0.12,Uso_del_suelo_ZP,2148.95,1.955231
Rio Bolo,3,Rio Bolo - Puente Bolo - San Isidro - vía a Candelaria,Rio Bolo - Antes desembocadura a Frayle en puente Recta Cali - Palmira,30.024,48.006,2425.83,2425.83,100.0,41221,Canal,146.44,6.04,Uso_del_suelo_ZP,2148.95,1.955231
Rio Bugalagrande,1,Rio Bugalagrande - Puente antes Caserio San Rafael.,Rio Bugalagrande - Conciviles - Andalucía,0.000,81.610,1518.28,1518.28,100.0,11211,Zonas urbanas discontinuas,2.47,0.16,Uso_del_suelo_ZP,80.71,1.000165
Rio Bugalagrande,1,Rio Bugalagrande - Puente antes Caserio San Rafael.,Rio Bugalagrande - Conciviles - Andalucía,0.000,81.610,1518.28,1518.28,100.0,12111,Otras superficies artificiales con construcción,6.57,0.43,Uso_del_suelo_ZP,80.71,1.000165
Rio Bugalagrande,1,Rio Bugalagrande - Puente antes Caserio San Rafael.,Rio Bugalagrande - Conciviles - Andalucía,0.000,81.610,1518.28,1518.28,100.0,12211,Otras superficies artificiales sin construcción,10.49,0.69,Uso_del_suelo_ZP,80.71,1.000165
Rio Bugalagrande,1,Rio Bugalagrande - Puente antes Caserio San Rafael.,Rio Bugalagrande - Conciviles - Andalucía,0.000,81.610,1518.28,1518.28,100.0,22151,Vid,0.47,0.03,Uso_del_suelo_ZP,80.71,1.000165
Rio Bugalagrande,1,Rio Bugalagrande - Puente antes Caserio San Rafael.,Rio Bugalagrande - Conciviles - Andalucía,0.000,81.610,1518.28,1518.28,100.0,22171,Caña de azúcar,80.47,5.30,Hectareas_CZ,80.71,1.000165
Rio Bugalagrande,1,Rio Bugalagrande - Puente antes Caserio San Rafael.,Rio Bugalagrande - Conciviles - Andalucía,0.000,81.610,1518.28,1518.28,100.0,22181,Maíz,0.21,0.01,Uso_del_suelo_ZP,80.71,1.000165
Rio Bugalagrande,1,Rio Bugalagrande - Puente antes Caserio San Rafael.,Rio Bugalagrande - Conciviles - Andalucía,0.000,81.610,1518.28,1518.28,100.0,22210,Otros cultivos arbustivos plantados abiertos,85.71,5.65,Uso_del_suelo_ZP,80.71,1.000165
Rio Bugalagrande,1,Rio Bugalagrande - Puente antes Caserio San Rafael.,Rio Bugalagrande - Conciviles - Andalucía,0.000,81.610,1518.28,1518.28,100.0,23170,Pasto cultivado,555.65,36.60,Uso_del_suelo_ZP,80.71,1.000165
Rio Bugalagrande,1,Rio Bugalagrande - Puente antes Caserio San Rafael.,Rio Bugalagrande - Conciviles - Andalucía,0.000,81.610,1518.28,1518.28,100.0,23171,Pasto cultivado arbolado,26.90,1.77,Uso_del_suelo_ZP,80.71,1.000165
Rio Bugalagrande,1,Rio Bugalagrande - Puente antes Caserio San Rafael.,Rio Bugalagrande - Conciviles - Andalucía,0.000,81.610,1518.28,1518.28,100.0,23172,Pasto cultivado enmalezado,78.11,5.14,Uso_del_suelo_ZP,80.71,1.000165
Rio Bugalagrande,1,Rio Bugalagrande - Puente antes Caserio San Rafael.,Rio Bugalagrande - Conciviles - Andalucía,0.000,81.610,1518.28,1518.28,100.0,24130,Misceláneo de pastos y cultivos,49.82,3.28,Uso_del_suelo_ZP,80.71,1.000165
Rio Bugalagrande,1,Rio Bugalagrande - Puente antes Caserio San Rafael.,Rio Bugalagrande - Conciviles - Andalucía,0.000,81.610,1518.28,1518.28,100.0,25210,Áreas de cultivo con suelo desnudo,85.51,5.63,Uso_del_suelo_ZP,80.71,1.000165
Rio Bugalagrande,1,Rio Bugalagrande - Puente antes Caserio San Rafael.,Rio Bugalagrande - Conciviles - Andalucía,0.000,81.610,1518.28,1518.28,100.0,31111,Bosque mixto denso alto de tierra firme,37.82,2.49,Uso_del_suelo_ZP,80.71,1.000165
Rio Bugalagrande,1,Rio Bugalagrande - Puente antes Caserio San Rafael.,Rio Bugalagrande - Conciviles - Andalucía,0.000,81.610,1518.28,1518.28,100.0,31112,Bosque mixto denso bajo de tierra firme,11.39,0.75,Uso_del_suelo_ZP,80.71,1.000165
Rio Bugalagrande,1,Rio Bugalagrande - Puente antes Caserio San Rafael.,Rio Bugalagrande - Conciviles - Andalucía,0.000,81.610,1518.28,1518.28,100.0,31211,Bosque mixto abierto alto de tierra firme,3.87,0.26,Uso_del_suelo_ZP,80.71,1.000165
Rio Bugalagrande,1,Rio Bugalagrande - Puente antes Caserio San Rafael.,Rio Bugalagrande - Conciviles - Andalucía,0.000,81.610,1518.28,1518.28,100.0,31212,Bosque mixto abierto bajo de tierra firme,35.66,2.35,Uso_del_suelo_ZP,80.71,1.000165
Rio Bugalagrande,1,Rio Bugalagrande - Puente antes Caserio San Rafael.,Rio Bugalagrande - Conciviles - Andalucía,0.000,81.610,1518.28,1518.28,100.0,31311,Bosque mixto fragmentado con pastos y cultivos,1.57,0.10,Uso_del_suelo_ZP,80.71,1.000165
Rio Bugalagrande,1,Rio Bugalagrande - Puente antes Caserio San Rafael.,Rio Bugalagrande - Conciviles - Andalucía,0.000,81.610,1518.28,1518.28,100.0,31331,Bosque mixto fragmentado con vegetación natural,19.82,1.31,Uso_del_suelo_ZP,80.71,1.000165
Rio Bugalagrande,1,Rio Bugalagrande - Puente antes Caserio San Rafael.,Rio Bugalagrande - Conciviles - Andalucía,0.000,81.610,1518.28,1518.28,100.0,31351,Bosque mixto relictual,0.54,0.04,Uso_del_suelo_ZP,80.71,1.000165
Rio Bugalagrande,1,Rio Bugalagrande - Puente antes Caserio San Rafael.,Rio Bugalagrande - Conciviles - Andalucía,0.000,81.610,1518.28,1518.28,100.0,31352,Bosque de guadua,89.58,5.90,Uso_del_suelo_ZP,80.71,1.000165
Rio Bugalagrande,1,Rio Bugalagrande - Puente antes Caserio San Rafael.,Rio Bugalagrande - Conciviles - Andalucía,0.000,81.610,1518.28,1518.28,100.0,32110,Arbustal y matorral denso alto de tierra firme,20.13,1.33,Uso_del_suelo_ZP,80.71,1.000165
Rio Bugalagrande,1,Rio Bugalagrande - Puente antes Caserio San Rafael.,Rio Bugalagrande - Conciviles - Andalucía,0.000,81.610,1518.28,1518.28,100.0,32111,Arbustal y matorral denso bajo de tierra firme,28.75,1.89,Uso_del_suelo_ZP,80.71,1.000165
Rio Bugalagrande,1,Rio Bugalagrande - Puente antes Caserio San Rafael.,Rio Bugalagrande - Conciviles - Andalucía,0.000,81.610,1518.28,1518.28,100.0,32121,Arbustal y matorral denso bajo inundable (caña brava),0.68,0.04,Uso_del_suelo_ZP,80.71,1.000165
Rio Bugalagrande,1,Rio Bugalagrande - Puente antes Caserio San Rafael.,Rio Bugalagrande - Conciviles - Andalucía,0.000,81.610,1518.28,1518.28,100.0,32210,Arbustal y matorral abierto alto de tierra firme,12.20,0.80,Uso_del_suelo_ZP,80.71,1.000165
Rio Bugalagrande,1,Rio Bugalagrande - Puente antes Caserio San Rafael.,Rio Bugalagrande - Conciviles - Andalucía,0.000,81.610,1518.28,1518.28,100.0,32211,Arbustal y matorral abierto bajo de tierra firme,43.01,2.83,Uso_del_suelo_ZP,80.71,1.000165
Rio Bugalagrande,1,Rio Bugalagrande - Puente antes Caserio San Rafael.,Rio Bugalagrande - Conciviles - Andalucía,0.000,81.610,1518.28,1518.28,100.0,32310,Vegetación secundaria o transición,35.06,2.31,Uso_del_suelo_ZP,80.71,1.000165
Rio Bugalagrande,1,Rio Bugalagrande - Puente antes Caserio San Rafael.,Rio Bugalagrande - Conciviles - Andalucía,0.000,81.610,1518.28,1518.28,100.0,33220,Herbazal natural abierto arenoso,1.21,0.08,Uso_del_suelo_ZP,80.71,1.000165
Rio Bugalagrande,1,Rio Bugalagrande - Puente antes Caserio San Rafael.,Rio Bugalagrande - Conciviles - Andalucía,0.000,81.610,1518.28,1518.28,100.0,35221,Áreas naturales desnudas,8.34,0.55,Uso_del_suelo_ZP,80.71,1.000165
Rio Bugalagrande,1,Rio Bugalagrande - Puente antes Caserio San Rafael.,Rio Bugalagrande - Conciviles - Andalucía,0.000,81.610,1518.28,1518.28,100.0,41110,Otros cuerpos de agua,2.69,0.18,Uso_del_suelo_ZP,80.71,1.000165
Rio Bugalagrande,1,Rio Bugalagrande - Puente antes Caserio San Rafael.,Rio Bugalagrande - Conciviles - Andalucía,0.000,81.610,1518.28,1518.28,100.0,41120,Ríos,92.11,6.07,Uso_del_suelo_ZP,80.71,1.000165
Rio Bugalagrande,1,Rio Bugalagrande - Puente antes Caserio San Rafael.,Rio Bugalagrande - Conciviles - Andalucía,0.000,81.610,1518.28,1518.28,100.0,41220,Estanques artificiales / reservorios,0.78,0.05,Uso_del_suelo_ZP,80.71,1.000165
Rio Bugalagrande,1,Rio Bugalagrande - Puente antes Caserio San Rafael.,Rio Bugalagrande - Conciviles - Andalucía,0.000,81.610,1518.28,1518.28,100.0,41310,Superficies de inundación temporal,2.71,0.18,Uso_del_suelo_ZP,80.71,1.000165
Rio Bugalagrande,1,Rio Bugalagrande - Puente antes Caserio San Rafael.,Rio Bugalagrande - Conciviles - Andalucía,0.000,81.610,1518.28,1518.28,100.0,42340,Arenal (código marítimo en capa continental),87.96,5.79,Uso_del_suelo_ZP,80.71,1.000165
Rio Bugalagrande,2,Rio Bugalagrande - Conciviles - Andalucía,Rio Bugalagrande - Puente Variante Bugalagrande,81.610,85.131,425.89,425.89,100.0,11111,Zonas urbanas continuas,13.91,3.27,Uso_del_suelo_ZP,33.48,1.000238
Rio Bugalagrande,2,Rio Bugalagrande - Conciviles - Andalucía,Rio Bugalagrande - Puente Variante Bugalagrande,81.610,85.131,425.89,425.89,100.0,11211,Zonas urbanas discontinuas,19.14,4.49,Uso_del_suelo_ZP,33.48,1.000238
Rio Bugalagrande,2,Rio Bugalagrande - Conciviles - Andalucía,Rio Bugalagrande - Puente Variante Bugalagrande,81.610,85.131,425.89,425.89,100.0,12111,Otras superficies artificiales con construcción,11.79,2.77,Uso_del_suelo_ZP,33.48,1.000238
Rio Bugalagrande,2,Rio Bugalagrande - Conciviles - Andalucía,Rio Bugalagrande - Puente Variante Bugalagrande,81.610,85.131,425.89,425.89,100.0,12211,Otras superficies artificiales sin construcción,5.13,1.21,Uso_del_suelo_ZP,33.48,1.000238
Rio Bugalagrande,2,Rio Bugalagrande - Conciviles - Andalucía,Rio Bugalagrande - Puente Variante Bugalagrande,81.610,85.131,425.89,425.89,100.0,22171,Caña de azúcar,33.39,7.84,Hectareas_CZ,33.48,1.000238
Rio Bugalagrande,2,Rio Bugalagrande - Conciviles - Andalucía,Rio Bugalagrande - Puente Variante Bugalagrande,81.610,85.131,425.89,425.89,100.0,22210,Otros cultivos arbustivos plantados abiertos,6.12,1.44,Uso_del_suelo_ZP,33.48,1.000238
Rio Bugalagrande,2,Rio Bugalagrande - Conciviles - Andalucía,Rio Bugalagrande - Puente Variante Bugalagrande,81.610,85.131,425.89,425.89,100.0,23110,Otros cultivos herbáceos plantados densos,7.64,1.79,Uso_del_suelo_ZP,33.48,1.000238
Rio Bugalagrande,2,Rio Bugalagrande - Conciviles - Andalucía,Rio Bugalagrande - Puente Variante Bugalagrande,81.610,85.131,425.89,425.89,100.0,23170,Pasto cultivado,178.12,41.82,Uso_del_suelo_ZP,33.48,1.000238
Rio Bugalagrande,2,Rio Bugalagrande - Conciviles - Andalucía,Rio Bugalagrande - Puente Variante Bugalagrande,81.610,85.131,425.89,425.89,100.0,23171,Pasto cultivado arbolado,6.31,1.48,Uso_del_suelo_ZP,33.48,1.000238
Rio Bugalagrande,2,Rio Bugalagrande - Conciviles - Andalucía,Rio Bugalagrande - Puente Variante Bugalagrande,81.610,85.131,425.89,425.89,100.0,23172,Pasto cultivado enmalezado,30.58,7.18,Uso_del_suelo_ZP,33.48,1.000238
Rio Bugalagrande,2,Rio Bugalagrande - Conciviles - Andalucía,Rio Bugalagrande - Puente Variante Bugalagrande,81.610,85.131,425.89,425.89,100.0,24110,Otras asociaciones de cultivos,0.33,0.08,Uso_del_suelo_ZP,33.48,1.000238
Rio Bugalagrande,2,Rio Bugalagrande - Conciviles - Andalucía,Rio Bugalagrande - Puente Variante Bugalagrande,81.610,85.131,425.89,425.89,100.0,24130,Misceláneo de pastos y cultivos,1.26,0.29,Uso_del_suelo_ZP,33.48,1.000238
Rio Bugalagrande,2,Rio Bugalagrande - Conciviles - Andalucía,Rio Bugalagrande - Puente Variante Bugalagrande,81.610,85.131,425.89,425.89,100.0,25210,Áreas de cultivo con suelo desnudo,4.56,1.07,Uso_del_suelo_ZP,33.48,1.000238
Rio Bugalagrande,2,Rio Bugalagrande - Conciviles - Andalucía,Rio Bugalagrande - Puente Variante Bugalagrande,81.610,85.131,425.89,425.89,100.0,31111,Bosque mixto denso alto de tierra firme,6.92,1.62,Uso_del_suelo_ZP,33.48,1.000238
Rio Bugalagrande,2,Rio Bugalagrande - Conciviles - Andalucía,Rio Bugalagrande - Puente Variante Bugalagrande,81.610,85.131,425.89,425.89,100.0,31211,Bosque mixto abierto alto de tierra firme,1.75,0.41,Uso_del_suelo_ZP,33.48,1.000238
Rio Bugalagrande,2,Rio Bugalagrande - Conciviles - Andalucía,Rio Bugalagrande - Puente Variante Bugalagrande,81.610,85.131,425.89,425.89,100.0,31212,Bosque mixto abierto bajo de tierra firme,13.80,3.24,Uso_del_suelo_ZP,33.48,1.000238
Rio Bugalagrande,2,Rio Bugalagrande - Conciviles - Andalucía,Rio Bugalagrande - Puente Variante Bugalagrande,81.610,85.131,425.89,425.89,100.0,31311,Bosque mixto fragmentado con pastos y cultivos,9.17,2.15,Uso_del_suelo_ZP,33.48,1.000238
Rio Bugalagrande,2,Rio Bugalagrande - Conciviles - Andalucía,Rio Bugalagrande - Puente Variante Bugalagrande,81.610,85.131,425.89,425.89,100.0,31331,Bosque mixto fragmentado con vegetación natural,11.85,2.78,Uso_del_suelo_ZP,33.48,1.000238
Rio Bugalagrande,2,Rio Bugalagrande - Conciviles - Andalucía,Rio Bugalagrande - Puente Variante Bugalagrande,81.610,85.131,425.89,425.89,100.0,31352,Bosque de guadua,0.71,0.17,Uso_del_suelo_ZP,33.48,1.000238
Rio Bugalagrande,2,Rio Bugalagrande - Conciviles - Andalucía,Rio Bugalagrande - Puente Variante Bugalagrande,81.610,85.131,425.89,425.89,100.0,32110,Arbustal y matorral denso alto de tierra firme,8.17,1.92,Uso_del_suelo_ZP,33.48,1.000238
Rio Bugalagrande,2,Rio Bugalagrande - Conciviles - Andalucía,Rio Bugalagrande - Puente Variante Bugalagrande,81.610,85.131,425.89,425.89,100.0,32111,Arbustal y matorral denso bajo de tierra firme,3.58,0.84,Uso_del_suelo_ZP,33.48,1.000238
Rio Bugalagrande,2,Rio Bugalagrande - Conciviles - Andalucía,Rio Bugalagrande - Puente Variante Bugalagrande,81.610,85.131,425.89,425.89,100.0,32121,Arbustal y matorral denso bajo inundable (caña brava),0.82,0.19,Uso_del_suelo_ZP,33.48,1.000238
Rio Bugalagrande,2,Rio Bugalagrande - Conciviles - Andalucía,Rio Bugalagrande - Puente Variante Bugalagrande,81.610,85.131,425.89,425.89,100.0,32210,Arbustal y matorral abierto alto de tierra firme,6.22,1.46,Uso_del_suelo_ZP,33.48,1.000238
Rio Bugalagrande,2,Rio Bugalagrande - Conciviles - Andalucía,Rio Bugalagrande - Puente Variante Bugalagrande,81.610,85.131,425.89,425.89,100.0,32211,Arbustal y matorral abierto bajo de tierra firme,20.80,4.88,Uso_del_suelo_ZP,33.48,1.000238
Rio Bugalagrande,2,Rio Bugalagrande - Conciviles - Andalucía,Rio Bugalagrande - Puente Variante Bugalagrande,81.610,85.131,425.89,425.89,100.0,32310,Vegetación secundaria o transición,2.83,0.66,Uso_del_suelo_ZP,33.48,1.000238
Rio Bugalagrande,2,Rio Bugalagrande - Conciviles - Andalucía,Rio Bugalagrande - Puente Variante Bugalagrande,81.610,85.131,425.89,425.89,100.0,35221,Áreas naturales desnudas,0.05,0.01,Uso_del_suelo_ZP,33.48,1.000238
Rio Bugalagrande,2,Rio Bugalagrande - Conciviles - Andalucía,Rio Bugalagrande - Puente Variante Bugalagrande,81.610,85.131,425.89,425.89,100.0,41110,Otros cuerpos de agua,0.52,0.12,Uso_del_suelo_ZP,33.48,1.000238
Rio Bugalagrande,2,Rio Bugalagrande - Conciviles - Andalucía,Rio Bugalagrande - Puente Variante Bugalagrande,81.610,85.131,425.89,425.89,100.0,41120,Ríos,18.22,4.28,Uso_del_suelo_ZP,33.48,1.000238
Rio Bugalagrande,2,Rio Bugalagrande - Conciviles - Andalucía,Rio Bugalagrande - Puente Variante Bugalagrande,81.610,85.131,425.89,425.89,100.0,42340,Arenal (código marítimo en capa continental),2.23,0.52,Uso_del_suelo_ZP,33.48,1.000238
Rio Bugalagrande,3,Rio Bugalagrande - Puente Variante Bugalagrande,Rio Bugalagrande - antes desembocadura a Río Cauca - Hacienda El Guayabo,85.131,99.429,1988.23,1988.23,100.0,11111,Zonas urbanas continuas,158.51,7.97,Uso_del_suelo_ZP,1269.80,1.140699
Rio Bugalagrande,3,Rio Bugalagrande - Puente Variante Bugalagrande,Rio Bugalagrande - antes desembocadura a Río Cauca - Hacienda El Guayabo,85.131,99.429,1988.23,1988.23,100.0,11211,Zonas urbanas discontinuas,25.46,1.28,Uso_del_suelo_ZP,1269.80,1.140699
Rio Bugalagrande,3,Rio Bugalagrande - Puente Variante Bugalagrande,Rio Bugalagrande - antes desembocadura a Río Cauca - Hacienda El Guayabo,85.131,99.429,1988.23,1988.23,100.0,12111,Otras superficies artificiales con construcción,28.23,1.42,Uso_del_suelo_ZP,1269.80,1.140699
Rio Bugalagrande,3,Rio Bugalagrande - Puente Variante Bugalagrande,Rio Bugalagrande - antes desembocadura a Río Cauca - Hacienda El Guayabo,85.131,99.429,1988.23,1988.23,100.0,12211,Otras superficies artificiales sin construcción,15.59,0.78,Uso_del_suelo_ZP,1269.80,1.140699
Rio Bugalagrande,3,Rio Bugalagrande - Puente Variante Bugalagrande,Rio Bugalagrande - antes desembocadura a Río Cauca - Hacienda El Guayabo,85.131,99.429,1988.23,1988.23,100.0,21221,Misceláneo de árboles frutales,8.67,0.44,Uso_del_suelo_ZP,1269.80,1.140699
Rio Bugalagrande,3,Rio Bugalagrande - Puente Variante Bugalagrande,Rio Bugalagrande - antes desembocadura a Río Cauca - Hacienda El Guayabo,85.131,99.429,1988.23,1988.23,100.0,21230,Misceláneo de cítricos,16.36,0.82,Uso_del_suelo_ZP,1269.80,1.140699
Rio Bugalagrande,3,Rio Bugalagrande - Puente Variante Bugalagrande,Rio Bugalagrande - antes desembocadura a Río Cauca - Hacienda El Guayabo,85.131,99.429,1988.23,1988.23,100.0,22131,Cacao,0.44,0.02,Uso_del_suelo_ZP,1269.80,1.140699
Rio Bugalagrande,3,Rio Bugalagrande - Puente Variante Bugalagrande,Rio Bugalagrande - antes desembocadura a Río Cauca - Hacienda El Guayabo,85.131,99.429,1988.23,1988.23,100.0,22171,Caña de azúcar,1168.72,58.78,Hectareas_CZ,1269.80,1.140699
Rio Bugalagrande,3,Rio Bugalagrande - Puente Variante Bugalagrande,Rio Bugalagrande - antes desembocadura a Río Cauca - Hacienda El Guayabo,85.131,99.429,1988.23,1988.23,100.0,22181,Maíz,41.58,2.09,Uso_del_suelo_ZP,1269.80,1.140699
Rio Bugalagrande,3,Rio Bugalagrande - Puente Variante Bugalagrande,Rio Bugalagrande - antes desembocadura a Río Cauca - Hacienda El Guayabo,85.131,99.429,1988.23,1988.23,100.0,22210,Otros cultivos arbustivos plantados abiertos,3.47,0.17,Uso_del_suelo_ZP,1269.80,1.140699
Rio Bugalagrande,3,Rio Bugalagrande - Puente Variante Bugalagrande,Rio Bugalagrande - antes desembocadura a Río Cauca - Hacienda El Guayabo,85.131,99.429,1988.23,1988.23,100.0,23110,Otros cultivos herbáceos plantados densos,3.76,0.19,Uso_del_suelo_ZP,1269.80,1.140699
Rio Bugalagrande,3,Rio Bugalagrande - Puente Variante Bugalagrande,Rio Bugalagrande - antes desembocadura a Río Cauca - Hacienda El Guayabo,85.131,99.429,1988.23,1988.23,100.0,23170,Pasto cultivado,205.42,10.33,Uso_del_suelo_ZP,1269.80,1.140699
Rio Bugalagrande,3,Rio Bugalagrande - Puente Variante Bugalagrande,Rio Bugalagrande - antes desembocadura a Río Cauca - Hacienda El Guayabo,85.131,99.429,1988.23,1988.23,100.0,23171,Pasto cultivado arbolado,29.91,1.50,Uso_del_suelo_ZP,1269.80,1.140699
Rio Bugalagrande,3,Rio Bugalagrande - Puente Variante Bugalagrande,Rio Bugalagrande - antes desembocadura a Río Cauca - Hacienda El Guayabo,85.131,99.429,1988.23,1988.23,100.0,23172,Pasto cultivado enmalezado,36.10,1.82,Uso_del_suelo_ZP,1269.80,1.140699
Rio Bugalagrande,3,Rio Bugalagrande - Puente Variante Bugalagrande,Rio Bugalagrande - antes desembocadura a Río Cauca - Hacienda El Guayabo,85.131,99.429,1988.23,1988.23,100.0,24110,Otras asociaciones de cultivos,13.62,0.68,Uso_del_suelo_ZP,1269.80,1.140699
Rio Bugalagrande,3,Rio Bugalagrande - Puente Variante Bugalagrande,Rio Bugalagrande - antes desembocadura a Río Cauca - Hacienda El Guayabo,85.131,99.429,1988.23,1988.23,100.0,24122,Cítricos-Plátano,1.72,0.09,Uso_del_suelo_ZP,1269.80,1.140699
Rio Bugalagrande,3,Rio Bugalagrande - Puente Variante Bugalagrande,Rio Bugalagrande - antes desembocadura a Río Cauca - Hacienda El Guayabo,85.131,99.429,1988.23,1988.23,100.0,24130,Misceláneo de pastos y cultivos,11.71,0.59,Uso_del_suelo_ZP,1269.80,1.140699
Rio Bugalagrande,3,Rio Bugalagrande - Puente Variante Bugalagrande,Rio Bugalagrande - antes desembocadura a Río Cauca - Hacienda El Guayabo,85.131,99.429,1988.23,1988.23,100.0,25210,Áreas de cultivo con suelo desnudo,26.79,1.35,Uso_del_suelo_ZP,1269.80,1.140699
Rio Bugalagrande,3,Rio Bugalagrande - Puente Variante Bugalagrande,Rio Bugalagrande - antes desembocadura a Río Cauca - Hacienda El Guayabo,85.131,99.429,1988.23,1988.23,100.0,31111,Bosque mixto denso alto de tierra firme,1.80,0.09,Uso_del_suelo_ZP,1269.80,1.140699
Rio Bugalagrande,3,Rio Bugalagrande - Puente Variante Bugalagrande,Rio Bugalagrande - antes desembocadura a Río Cauca - Hacienda El Guayabo,85.131,99.429,1988.23,1988.23,100.0,31112,Bosque mixto denso bajo de tierra firme,0.87,0.04,Uso_del_suelo_ZP,1269.80,1.140699
Rio Bugalagrande,3,Rio Bugalagrande - Puente Variante Bugalagrande,Rio Bugalagrande - antes desembocadura a Río Cauca - Hacienda El Guayabo,85.131,99.429,1988.23,1988.23,100.0,31211,Bosque mixto abierto alto de tierra firme,3.98,0.20,Uso_del_suelo_ZP,1269.80,1.140699
Rio Bugalagrande,3,Rio Bugalagrande - Puente Variante Bugalagrande,Rio Bugalagrande - antes desembocadura a Río Cauca - Hacienda El Guayabo,85.131,99.429,1988.23,1988.23,100.0,31212,Bosque mixto abierto bajo de tierra firme,11.77,0.59,Uso_del_suelo_ZP,1269.80,1.140699
Rio Bugalagrande,3,Rio Bugalagrande - Puente Variante Bugalagrande,Rio Bugalagrande - antes desembocadura a Río Cauca - Hacienda El Guayabo,85.131,99.429,1988.23,1988.23,100.0,31311,Bosque mixto fragmentado con pastos y cultivos,6.28,0.32,Uso_del_suelo_ZP,1269.80,1.140699
Rio Bugalagrande,3,Rio Bugalagrande - Puente Variante Bugalagrande,Rio Bugalagrande - antes desembocadura a Río Cauca - Hacienda El Guayabo,85.131,99.429,1988.23,1988.23,100.0,31331,Bosque mixto fragmentado con vegetación natural,6.96,0.35,Uso_del_suelo_ZP,1269.80,1.140699
Rio Bugalagrande,3,Rio Bugalagrande - Puente Variante Bugalagrande,Rio Bugalagrande - antes desembocadura a Río Cauca - Hacienda El Guayabo,85.131,99.429,1988.23,1988.23,100.0,31351,Bosque mixto relictual,0.30,0.02,Uso_del_suelo_ZP,1269.80,1.140699
Rio Bugalagrande,3,Rio Bugalagrande - Puente Variante Bugalagrande,Rio Bugalagrande - antes desembocadura a Río Cauca - Hacienda El Guayabo,85.131,99.429,1988.23,1988.23,100.0,31352,Bosque de guadua,17.77,0.89,Uso_del_suelo_ZP,1269.80,1.140699
Rio Bugalagrande,3,Rio Bugalagrande - Puente Variante Bugalagrande,Rio Bugalagrande - antes desembocadura a Río Cauca - Hacienda El Guayabo,85.131,99.429,1988.23,1988.23,100.0,32110,Arbustal y matorral denso alto de tierra firme,9.23,0.46,Uso_del_suelo_ZP,1269.80,1.140699
Rio Bugalagrande,3,Rio Bugalagrande - Puente Variante Bugalagrande,Rio Bugalagrande - antes desembocadura a Río Cauca - Hacienda El Guayabo,85.131,99.429,1988.23,1988.23,100.0,32111,Arbustal y matorral denso bajo de tierra firme,6.45,0.32,Uso_del_suelo_ZP,1269.80,1.140699
Rio Bugalagrande,3,Rio Bugalagrande - Puente Variante Bugalagrande,Rio Bugalagrande - antes desembocadura a Río Cauca - Hacienda El Guayabo,85.131,99.429,1988.23,1988.23,100.0,32210,Arbustal y matorral abierto alto de tierra firme,31.75,1.60,Uso_del_suelo_ZP,1269.80,1.140699
Rio Bugalagrande,3,Rio Bugalagrande - Puente Variante Bugalagrande,Rio Bugalagrande - antes desembocadura a Río Cauca - Hacienda El Guayabo,85.131,99.429,1988.23,1988.23,100.0,32211,Arbustal y matorral abierto bajo de tierra firme,8.83,0.44,Uso_del_suelo_ZP,1269.80,1.140699
Rio Bugalagrande,3,Rio Bugalagrande - Puente Variante Bugalagrande,Rio Bugalagrande - antes desembocadura a Río Cauca - Hacienda El Guayabo,85.131,99.429,1988.23,1988.23,100.0,35221,Áreas naturales desnudas,1.06,0.05,Uso_del_suelo_ZP,1269.80,1.140699
Rio Bugalagrande,3,Rio Bugalagrande - Puente Variante Bugalagrande,Rio Bugalagrande - antes desembocadura a Río Cauca - Hacienda El Guayabo,85.131,99.429,1988.23,1988.23,100.0,41120,Ríos,59.63,3.00,Uso_del_suelo_ZP,1269.80,1.140699
Rio Bugalagrande,3,Rio Bugalagrande - Puente Variante Bugalagrande,Rio Bugalagrande - antes desembocadura a Río Cauca - Hacienda El Guayabo,85.131,99.429,1988.23,1988.23,100.0,41141,Meandro abandonado,14.60,0.73,Uso_del_suelo_ZP,1269.80,1.140699
Rio Bugalagrande,3,Rio Bugalagrande - Puente Variante Bugalagrande,Rio Bugalagrande - antes desembocadura a Río Cauca - Hacienda El Guayabo,85.131,99.429,1988.23,1988.23,100.0,41220,Estanques artificiales / reservorios,7.65,0.38,Uso_del_suelo_ZP,1269.80,1.140699
Rio Bugalagrande,3,Rio Bugalagrande - Puente Variante Bugalagrande,Rio Bugalagrande - antes desembocadura a Río Cauca - Hacienda El Guayabo,85.131,99.429,1988.23,1988.23,100.0,41221,Canal,3.24,0.16,Uso_del_suelo_ZP,1269.80,1.140699
Rio Desbaratado,1,Antes de bocatoma cabecera Miranda,Antes de porcícola (Pte. Jordán),0.000,40.930,1351.90,643.83,49.8,11211,Zonas urbanas discontinuas,13.82,2.15,Uso_del_suelo_ZP,451.78,1.005999
Rio Desbaratado,1,Antes de bocatoma cabecera Miranda,Antes de porcícola (Pte. Jordán),0.000,40.930,1351.90,643.83,49.8,12111,Otras superficies artificiales con construcción,3.89,0.60,Uso_del_suelo_ZP,451.78,1.005999
Rio Desbaratado,1,Antes de bocatoma cabecera Miranda,Antes de porcícola (Pte. Jordán),0.000,40.930,1351.90,643.83,49.8,12211,Otras superficies artificiales sin construcción,13.70,2.13,Uso_del_suelo_ZP,451.78,1.005999
Rio Desbaratado,1,Antes de bocatoma cabecera Miranda,Antes de porcícola (Pte. Jordán),0.000,40.930,1351.90,643.83,49.8,21112,Aguacate,5.37,0.83,Uso_del_suelo_ZP,451.78,1.005999
Rio Desbaratado,1,Antes de bocatoma cabecera Miranda,Antes de porcícola (Pte. Jordán),0.000,40.930,1351.90,643.83,49.8,21114,Guayabo,8.92,1.39,Uso_del_suelo_ZP,451.78,1.005999
Rio Desbaratado,1,Antes de bocatoma cabecera Miranda,Antes de porcícola (Pte. Jordán),0.000,40.930,1351.90,643.83,49.8,21116,Mango,1.02,0.16,Uso_del_suelo_ZP,451.78,1.005999
Rio Desbaratado,1,Antes de bocatoma cabecera Miranda,Antes de porcícola (Pte. Jordán),0.000,40.930,1351.90,643.83,49.8,21221,Misceláneo de árboles frutales,3.64,0.57,Uso_del_suelo_ZP,451.78,1.005999
Rio Desbaratado,1,Antes de bocatoma cabecera Miranda,Antes de porcícola (Pte. Jordán),0.000,40.930,1351.90,643.83,49.8,21230,Misceláneo de cítricos,5.29,0.82,Uso_del_suelo_ZP,451.78,1.005999
Rio Desbaratado,1,Antes de bocatoma cabecera Miranda,Antes de porcícola (Pte. Jordán),0.000,40.930,1351.90,643.83,49.8,22113,Plátano,24.00,3.73,Uso_del_suelo_ZP,451.78,1.005999
Rio Desbaratado,1,Antes de bocatoma cabecera Miranda,Antes de porcícola (Pte. Jordán),0.000,40.930,1351.90,643.83,49.8,22131,Cacao,1.55,0.24,Uso_del_suelo_ZP,451.78,1.005999
Rio Desbaratado,1,Antes de bocatoma cabecera Miranda,Antes de porcícola (Pte. Jordán),0.000,40.930,1351.90,643.83,49.8,22171,Caña de azúcar,450.63,69.99,Hectareas_CZ,451.78,1.005999
Rio Desbaratado,1,Antes de bocatoma cabecera Miranda,Antes de porcícola (Pte. Jordán),0.000,40.930,1351.90,643.83,49.8,23170,Pasto cultivado,11.92,1.85,Uso_del_suelo_ZP,451.78,1.005999
Rio Desbaratado,1,Antes de bocatoma cabecera Miranda,Antes de porcícola (Pte. Jordán),0.000,40.930,1351.90,643.83,49.8,23171,Pasto cultivado arbolado,2.03,0.32,Uso_del_suelo_ZP,451.78,1.005999
Rio Desbaratado,1,Antes de bocatoma cabecera Miranda,Antes de porcícola (Pte. Jordán),0.000,40.930,1351.90,643.83,49.8,23172,Pasto cultivado enmalezado,2.74,0.43,Uso_del_suelo_ZP,451.78,1.005999
Rio Desbaratado,1,Antes de bocatoma cabecera Miranda,Antes de porcícola (Pte. Jordán),0.000,40.930,1351.90,643.83,49.8,23221,Habichuela,2.19,0.34,Uso_del_suelo_ZP,451.78,1.005999
Rio Desbaratado,1,Antes de bocatoma cabecera Miranda,Antes de porcícola (Pte. Jordán),0.000,40.930,1351.90,643.83,49.8,23251,Pepino,3.96,0.61,Uso_del_suelo_ZP,451.78,1.005999
Rio Desbaratado,1,Antes de bocatoma cabecera Miranda,Antes de porcícola (Pte. Jordán),0.000,40.930,1351.90,643.83,49.8,24122,Cítricos-Plátano,7.08,1.10,Uso_del_suelo_ZP,451.78,1.005999
Rio Desbaratado,1,Antes de bocatoma cabecera Miranda,Antes de porcícola (Pte. Jordán),0.000,40.930,1351.90,643.83,49.8,24130,Misceláneo de pastos y cultivos,10.74,1.67,Uso_del_suelo_ZP,451.78,1.005999
Rio Desbaratado,1,Antes de bocatoma cabecera Miranda,Antes de porcícola (Pte. Jordán),0.000,40.930,1351.90,643.83,49.8,24140,Misceláneo de cultivos y espacios naturales,3.49,0.54,Uso_del_suelo_ZP,451.78,1.005999
Rio Desbaratado,1,Antes de bocatoma cabecera Miranda,Antes de porcícola (Pte. Jordán),0.000,40.930,1351.90,643.83,49.8,25210,Áreas de cultivo con suelo desnudo,3.11,0.48,Uso_del_suelo_ZP,451.78,1.005999
Rio Desbaratado,1,Antes de bocatoma cabecera Miranda,Antes de porcícola (Pte. Jordán),0.000,40.930,1351.90,643.83,49.8,31112,Bosque mixto denso bajo de tierra firme,0.40,0.06,Uso_del_suelo_ZP,451.78,1.005999
Rio Desbaratado,1,Antes de bocatoma cabecera Miranda,Antes de porcícola (Pte. Jordán),0.000,40.930,1351.90,643.83,49.8,31212,Bosque mixto abierto bajo de tierra firme,2.45,0.38,Uso_del_suelo_ZP,451.78,1.005999
Rio Desbaratado,1,Antes de bocatoma cabecera Miranda,Antes de porcícola (Pte. Jordán),0.000,40.930,1351.90,643.83,49.8,31311,Bosque mixto fragmentado con pastos y cultivos,12.43,1.93,Uso_del_suelo_ZP,451.78,1.005999
Rio Desbaratado,1,Antes de bocatoma cabecera Miranda,Antes de porcícola (Pte. Jordán),0.000,40.930,1351.90,643.83,49.8,31352,Bosque de guadua,16.33,2.54,Uso_del_suelo_ZP,451.78,1.005999
Rio Desbaratado,1,Antes de bocatoma cabecera Miranda,Antes de porcícola (Pte. Jordán),0.000,40.930,1351.90,643.83,49.8,32111,Arbustal y matorral denso bajo de tierra firme,2.01,0.31,Uso_del_suelo_ZP,451.78,1.005999
Rio Desbaratado,1,Antes de bocatoma cabecera Miranda,Antes de porcícola (Pte. Jordán),0.000,40.930,1351.90,643.83,49.8,32121,Arbustal y matorral denso bajo inundable (caña brava),7.52,1.17,Uso_del_suelo_ZP,451.78,1.005999
Rio Desbaratado,1,Antes de bocatoma cabecera Miranda,Antes de porcícola (Pte. Jordán),0.000,40.930,1351.90,643.83,49.8,32210,Arbustal y matorral abierto alto de tierra firme,2.51,0.39,Uso_del_suelo_ZP,451.78,1.005999
Rio Desbaratado,1,Antes de bocatoma cabecera Miranda,Antes de porcícola (Pte. Jordán),0.000,40.930,1351.90,643.83,49.8,32211,Arbustal y matorral abierto bajo de tierra firme,1.10,0.17,Uso_del_suelo_ZP,451.78,1.005999
Rio Desbaratado,1,Antes de bocatoma cabecera Miranda,Antes de porcícola (Pte. Jordán),0.000,40.930,1351.90,643.83,49.8,32221,Arbustal y matorral abierto bajo inundable,2.89,0.45,Uso_del_suelo_ZP,451.78,1.005999
Rio Desbaratado,1,Antes de bocatoma cabecera Miranda,Antes de porcícola (Pte. Jordán),0.000,40.930,1351.90,643.83,49.8,33220,Herbazal natural abierto arenoso,0.24,0.04,Uso_del_suelo_ZP,451.78,1.005999
Rio Desbaratado,1,Antes de bocatoma cabecera Miranda,Antes de porcícola (Pte. Jordán),0.000,40.930,1351.90,643.83,49.8,41120,Ríos,9.73,1.51,Uso_del_suelo_ZP,451.78,1.005999
Rio Desbaratado,1,Antes de bocatoma cabecera Miranda,Antes de porcícola (Pte. Jordán),0.000,40.930,1351.90,643.83,49.8,41141,Meandro abandonado,1.03,0.16,Uso_del_suelo_ZP,451.78,1.005999
Rio Desbaratado,1,Antes de bocatoma cabecera Miranda,Antes de porcícola (Pte. Jordán),0.000,40.930,1351.90,643.83,49.8,41144,Otras superficies pantanosas,3.24,0.50,Uso_del_suelo_ZP,451.78,1.005999
Rio Desbaratado,1,Antes de bocatoma cabecera Miranda,Antes de porcícola (Pte. Jordán),0.000,40.930,1351.90,643.83,49.8,41220,Estanques artificiales / reservorios,1.13,0.17,Uso_del_suelo_ZP,451.78,1.005999
Rio Desbaratado,1,Antes de bocatoma cabecera Miranda,Antes de porcícola (Pte. Jordán),0.000,40.930,1351.90,643.83,49.8,41221,Canal,1.74,0.27,Uso_del_suelo_ZP,451.78,1.005999
Rio Desbaratado,2,Antes de porcícola (Pte. Jordán),Puente Ortigal,40.930,65.380,2873.03,1460.15,49.8,11111,Zonas urbanas continuas,24.24,1.66,Uso_del_suelo_ZP,1301.73,1.875635
Rio Desbaratado,2,Antes de porcícola (Pte. Jordán),Puente Ortigal,40.930,65.380,2873.03,1460.15,49.8,11211,Zonas urbanas discontinuas,17.75,1.22,Uso_del_suelo_ZP,1301.73,1.875635
Rio Desbaratado,2,Antes de porcícola (Pte. Jordán),Puente Ortigal,40.930,65.380,2873.03,1460.15,49.8,12111,Otras superficies artificiales con construcción,9.61,0.66,Uso_del_suelo_ZP,1301.73,1.875635
Rio Desbaratado,2,Antes de porcícola (Pte. Jordán),Puente Ortigal,40.930,65.380,2873.03,1460.15,49.8,12211,Otras superficies artificiales sin construcción,13.71,0.94,Uso_del_suelo_ZP,1301.73,1.875635
Rio Desbaratado,2,Antes de porcícola (Pte. Jordán),Puente Ortigal,40.930,65.380,2873.03,1460.15,49.8,21221,Misceláneo de árboles frutales,30.57,2.09,Uso_del_suelo_ZP,1301.73,1.875635
Rio Desbaratado,2,Antes de porcícola (Pte. Jordán),Puente Ortigal,40.930,65.380,2873.03,1460.15,49.8,22171,Caña de azúcar,1163.02,79.65,Hectareas_CZ,1301.73,1.875635
Rio Desbaratado,2,Antes de porcícola (Pte. Jordán),Puente Ortigal,40.930,65.380,2873.03,1460.15,49.8,22181,Maíz,2.71,0.19,Uso_del_suelo_ZP,1301.73,1.875635
Rio Desbaratado,2,Antes de porcícola (Pte. Jordán),Puente Ortigal,40.930,65.380,2873.03,1460.15,49.8,22212,Yuca,3.09,0.21,Uso_del_suelo_ZP,1301.73,1.875635
Rio Desbaratado,2,Antes de porcícola (Pte. Jordán),Puente Ortigal,40.930,65.380,2873.03,1460.15,49.8,23110,Otros cultivos herbáceos plantados densos,4.46,0.31,Uso_del_suelo_ZP,1301.73,1.875635
Rio Desbaratado,2,Antes de porcícola (Pte. Jordán),Puente Ortigal,40.930,65.380,2873.03,1460.15,49.8,23170,Pasto cultivado,8.18,0.56,Uso_del_suelo_ZP,1301.73,1.875635
Rio Desbaratado,2,Antes de porcícola (Pte. Jordán),Puente Ortigal,40.930,65.380,2873.03,1460.15,49.8,23171,Pasto cultivado arbolado,2.42,0.17,Uso_del_suelo_ZP,1301.73,1.875635
Rio Desbaratado,2,Antes de porcícola (Pte. Jordán),Puente Ortigal,40.930,65.380,2873.03,1460.15,49.8,23172,Pasto cultivado enmalezado,16.67,1.14,Uso_del_suelo_ZP,1301.73,1.875635
Rio Desbaratado,2,Antes de porcícola (Pte. Jordán),Puente Ortigal,40.930,65.380,2873.03,1460.15,49.8,23231,Maracuyá,2.62,0.18,Uso_del_suelo_ZP,1301.73,1.875635
Rio Desbaratado,2,Antes de porcícola (Pte. Jordán),Puente Ortigal,40.930,65.380,2873.03,1460.15,49.8,24122,Cítricos-Plátano,7.80,0.53,Uso_del_suelo_ZP,1301.73,1.875635
Rio Desbaratado,2,Antes de porcícola (Pte. Jordán),Puente Ortigal,40.930,65.380,2873.03,1460.15,49.8,24130,Misceláneo de pastos y cultivos,13.52,0.93,Uso_del_suelo_ZP,1301.73,1.875635
Rio Desbaratado,2,Antes de porcícola (Pte. Jordán),Puente Ortigal,40.930,65.380,2873.03,1460.15,49.8,24140,Misceláneo de cultivos y espacios naturales,1.93,0.13,Uso_del_suelo_ZP,1301.73,1.875635
Rio Desbaratado,2,Antes de porcícola (Pte. Jordán),Puente Ortigal,40.930,65.380,2873.03,1460.15,49.8,31212,Bosque mixto abierto bajo de tierra firme,6.14,0.42,Uso_del_suelo_ZP,1301.73,1.875635
Rio Desbaratado,2,Antes de porcícola (Pte. Jordán),Puente Ortigal,40.930,65.380,2873.03,1460.15,49.8,31311,Bosque mixto fragmentado con pastos y cultivos,10.91,0.75,Uso_del_suelo_ZP,1301.73,1.875635
Rio Desbaratado,2,Antes de porcícola (Pte. Jordán),Puente Ortigal,40.930,65.380,2873.03,1460.15,49.8,31352,Bosque de guadua,51.67,3.54,Uso_del_suelo_ZP,1301.73,1.875635
Rio Desbaratado,2,Antes de porcícola (Pte. Jordán),Puente Ortigal,40.930,65.380,2873.03,1460.15,49.8,32121,Arbustal y matorral denso bajo inundable (caña brava),19.68,1.35,Uso_del_suelo_ZP,1301.73,1.875635
Rio Desbaratado,2,Antes de porcícola (Pte. Jordán),Puente Ortigal,40.930,65.380,2873.03,1460.15,49.8,32210,Arbustal y matorral abierto alto de tierra firme,2.46,0.17,Uso_del_suelo_ZP,1301.73,1.875635
Rio Desbaratado,2,Antes de porcícola (Pte. Jordán),Puente Ortigal,40.930,65.380,2873.03,1460.15,49.8,32220,Arbustal y matorral abierto alto inundable,6.40,0.44,Uso_del_suelo_ZP,1301.73,1.875635
Rio Desbaratado,2,Antes de porcícola (Pte. Jordán),Puente Ortigal,40.930,65.380,2873.03,1460.15,49.8,32221,Arbustal y matorral abierto bajo inundable,0.64,0.04,Uso_del_suelo_ZP,1301.73,1.875635
Rio Desbaratado,2,Antes de porcícola (Pte. Jordán),Puente Ortigal,40.930,65.380,2873.03,1460.15,49.8,35210,Áreas quemadas,3.00,0.21,Uso_del_suelo_ZP,1301.73,1.875635
Rio Desbaratado,2,Antes de porcícola (Pte. Jordán),Puente Ortigal,40.930,65.380,2873.03,1460.15,49.8,41120,Ríos,25.41,1.74,Uso_del_suelo_ZP,1301.73,1.875635
Rio Desbaratado,2,Antes de porcícola (Pte. Jordán),Puente Ortigal,40.930,65.380,2873.03,1460.15,49.8,41220,Estanques artificiales / reservorios,2.17,0.15,Uso_del_suelo_ZP,1301.73,1.875635
Rio Desbaratado,2,Antes de porcícola (Pte. Jordán),Puente Ortigal,40.930,65.380,2873.03,1460.15,49.8,41221,Canal,9.39,0.64,Uso_del_suelo_ZP,1301.73,1.875635
Rio Fraile,1,Rio Frayle - Nacimiento El Pedregal,Rio Frayle - Puente Vía a Miranda,0.000,28.879,474.21,474.21,100.0,11111,Zonas urbanas continuas,92.00,19.40,Uso_del_suelo_ZP,78.73,1.000510
Rio Fraile,1,Rio Frayle - Nacimiento El Pedregal,Rio Frayle - Puente Vía a Miranda,0.000,28.879,474.21,474.21,100.0,11211,Zonas urbanas discontinuas,17.84,3.76,Uso_del_suelo_ZP,78.73,1.000510
Rio Fraile,1,Rio Frayle - Nacimiento El Pedregal,Rio Frayle - Puente Vía a Miranda,0.000,28.879,474.21,474.21,100.0,12111,Otras superficies artificiales con construcción,10.32,2.18,Uso_del_suelo_ZP,78.73,1.000510
Rio Fraile,1,Rio Frayle - Nacimiento El Pedregal,Rio Frayle - Puente Vía a Miranda,0.000,28.879,474.21,474.21,100.0,12211,Otras superficies artificiales sin construcción,1.03,0.22,Uso_del_suelo_ZP,78.73,1.000510
Rio Fraile,1,Rio Frayle - Nacimiento El Pedregal,Rio Frayle - Puente Vía a Miranda,0.000,28.879,474.21,474.21,100.0,21111,Teca,14.52,3.06,Uso_del_suelo_ZP,78.73,1.000510
Rio Fraile,1,Rio Frayle - Nacimiento El Pedregal,Rio Frayle - Puente Vía a Miranda,0.000,28.879,474.21,474.21,100.0,21112,Aguacate,0.43,0.09,Uso_del_suelo_ZP,78.73,1.000510
Rio Fraile,1,Rio Frayle - Nacimiento El Pedregal,Rio Frayle - Puente Vía a Miranda,0.000,28.879,474.21,474.21,100.0,21116,Mango,0.11,0.02,Uso_del_suelo_ZP,78.73,1.000510
Rio Fraile,1,Rio Frayle - Nacimiento El Pedregal,Rio Frayle - Puente Vía a Miranda,0.000,28.879,474.21,474.21,100.0,21230,Misceláneo de cítricos,6.51,1.37,Uso_del_suelo_ZP,78.73,1.000510
Rio Fraile,1,Rio Frayle - Nacimiento El Pedregal,Rio Frayle - Puente Vía a Miranda,0.000,28.879,474.21,474.21,100.0,21231,Limón,29.97,6.32,Uso_del_suelo_ZP,78.73,1.000510
Rio Fraile,1,Rio Frayle - Nacimiento El Pedregal,Rio Frayle - Puente Vía a Miranda,0.000,28.879,474.21,474.21,100.0,21232,Naranjo,2.60,0.55,Uso_del_suelo_ZP,78.73,1.000510
Rio Fraile,1,Rio Frayle - Nacimiento El Pedregal,Rio Frayle - Puente Vía a Miranda,0.000,28.879,474.21,474.21,100.0,22171,Caña de azúcar,78.53,16.56,Hectareas_CZ,78.73,1.000510
Rio Fraile,1,Rio Frayle - Nacimiento El Pedregal,Rio Frayle - Puente Vía a Miranda,0.000,28.879,474.21,474.21,100.0,22181,Maíz,20.24,4.27,Uso_del_suelo_ZP,78.73,1.000510
Rio Fraile,1,Rio Frayle - Nacimiento El Pedregal,Rio Frayle - Puente Vía a Miranda,0.000,28.879,474.21,474.21,100.0,22210,Otros cultivos arbustivos plantados abiertos,0.67,0.14,Uso_del_suelo_ZP,78.73,1.000510
Rio Fraile,1,Rio Frayle - Nacimiento El Pedregal,Rio Frayle - Puente Vía a Miranda,0.000,28.879,474.21,474.21,100.0,23141,Soya,0.27,0.06,Uso_del_suelo_ZP,78.73,1.000510
Rio Fraile,1,Rio Frayle - Nacimiento El Pedregal,Rio Frayle - Puente Vía a Miranda,0.000,28.879,474.21,474.21,100.0,23170,Pasto cultivado,42.45,8.95,Uso_del_suelo_ZP,78.73,1.000510
Rio Fraile,1,Rio Frayle - Nacimiento El Pedregal,Rio Frayle - Puente Vía a Miranda,0.000,28.879,474.21,474.21,100.0,23171,Pasto cultivado arbolado,30.80,6.50,Uso_del_suelo_ZP,78.73,1.000510
Rio Fraile,1,Rio Frayle - Nacimiento El Pedregal,Rio Frayle - Puente Vía a Miranda,0.000,28.879,474.21,474.21,100.0,23172,Pasto cultivado enmalezado,38.40,8.10,Uso_del_suelo_ZP,78.73,1.000510
Rio Fraile,1,Rio Frayle - Nacimiento El Pedregal,Rio Frayle - Puente Vía a Miranda,0.000,28.879,474.21,474.21,100.0,24110,Otras asociaciones de cultivos,7.54,1.59,Uso_del_suelo_ZP,78.73,1.000510
Rio Fraile,1,Rio Frayle - Nacimiento El Pedregal,Rio Frayle - Puente Vía a Miranda,0.000,28.879,474.21,474.21,100.0,24113,Tomate-Habichuela,7.04,1.48,Uso_del_suelo_ZP,78.73,1.000510
Rio Fraile,1,Rio Frayle - Nacimiento El Pedregal,Rio Frayle - Puente Vía a Miranda,0.000,28.879,474.21,474.21,100.0,24130,Misceláneo de pastos y cultivos,6.62,1.40,Uso_del_suelo_ZP,78.73,1.000510
Rio Fraile,1,Rio Frayle - Nacimiento El Pedregal,Rio Frayle - Puente Vía a Miranda,0.000,28.879,474.21,474.21,100.0,24140,Misceláneo de cultivos y espacios naturales,5.35,1.13,Uso_del_suelo_ZP,78.73,1.000510
Rio Fraile,1,Rio Frayle - Nacimiento El Pedregal,Rio Frayle - Puente Vía a Miranda,0.000,28.879,474.21,474.21,100.0,25210,Áreas de cultivo con suelo desnudo,1.97,0.42,Uso_del_suelo_ZP,78.73,1.000510
Rio Fraile,1,Rio Frayle - Nacimiento El Pedregal,Rio Frayle - Puente Vía a Miranda,0.000,28.879,474.21,474.21,100.0,31111,Bosque mixto denso alto de tierra firme,2.09,0.44,Uso_del_suelo_ZP,78.73,1.000510
Rio Fraile,1,Rio Frayle - Nacimiento El Pedregal,Rio Frayle - Puente Vía a Miranda,0.000,28.879,474.21,474.21,100.0,31311,Bosque mixto fragmentado con pastos y cultivos,0.85,0.18,Uso_del_suelo_ZP,78.73,1.000510
Rio Fraile,1,Rio Frayle - Nacimiento El Pedregal,Rio Frayle - Puente Vía a Miranda,0.000,28.879,474.21,474.21,100.0,31331,Bosque mixto fragmentado con vegetación natural,13.97,2.95,Uso_del_suelo_ZP,78.73,1.000510
Rio Fraile,1,Rio Frayle - Nacimiento El Pedregal,Rio Frayle - Puente Vía a Miranda,0.000,28.879,474.21,474.21,100.0,31352,Bosque de guadua,7.85,1.65,Uso_del_suelo_ZP,78.73,1.000510
Rio Fraile,1,Rio Frayle - Nacimiento El Pedregal,Rio Frayle - Puente Vía a Miranda,0.000,28.879,474.21,474.21,100.0,32310,Vegetación secundaria o transición,21.52,4.54,Uso_del_suelo_ZP,78.73,1.000510
Rio Fraile,1,Rio Frayle - Nacimiento El Pedregal,Rio Frayle - Puente Vía a Miranda,0.000,28.879,474.21,474.21,100.0,35221,Áreas naturales desnudas,0.36,0.08,Uso_del_suelo_ZP,78.73,1.000510
Rio Fraile,1,Rio Frayle - Nacimiento El Pedregal,Rio Frayle - Puente Vía a Miranda,0.000,28.879,474.21,474.21,100.0,41120,Ríos,10.16,2.14,Uso_del_suelo_ZP,78.73,1.000510
Rio Fraile,1,Rio Frayle - Nacimiento El Pedregal,Rio Frayle - Puente Vía a Miranda,0.000,28.879,474.21,474.21,100.0,41410,Arenal,2.21,0.47,Uso_del_suelo_ZP,78.73,1.000510
Rio Fraile,2,Rio Frayle - Puente Vía a Miranda,Rio Frayle - Limnigrafo CVC - caserio Brisas de Frayle,28.879,52.141,2336.06,2336.06,100.0,11111,Zonas urbanas continuas,49.67,2.13,Uso_del_suelo_ZP,1965.52,1.013375
Rio Fraile,2,Rio Frayle - Puente Vía a Miranda,Rio Frayle - Limnigrafo CVC - caserio Brisas de Frayle,28.879,52.141,2336.06,2336.06,100.0,11211,Zonas urbanas discontinuas,14.61,0.63,Uso_del_suelo_ZP,1965.52,1.013375
Rio Fraile,2,Rio Frayle - Puente Vía a Miranda,Rio Frayle - Limnigrafo CVC - caserio Brisas de Frayle,28.879,52.141,2336.06,2336.06,100.0,12111,Otras superficies artificiales con construcción,22.36,0.96,Uso_del_suelo_ZP,1965.52,1.013375
Rio Fraile,2,Rio Frayle - Puente Vía a Miranda,Rio Frayle - Limnigrafo CVC - caserio Brisas de Frayle,28.879,52.141,2336.06,2336.06,100.0,12211,Otras superficies artificiales sin construcción,8.05,0.34,Uso_del_suelo_ZP,1965.52,1.013375
Rio Fraile,2,Rio Frayle - Puente Vía a Miranda,Rio Frayle - Limnigrafo CVC - caserio Brisas de Frayle,28.879,52.141,2336.06,2336.06,100.0,21231,Limón,0.15,0.01,Uso_del_suelo_ZP,1965.52,1.013375
Rio Fraile,2,Rio Frayle - Puente Vía a Miranda,Rio Frayle - Limnigrafo CVC - caserio Brisas de Frayle,28.879,52.141,2336.06,2336.06,100.0,22171,Caña de azúcar,1960.56,83.93,Hectareas_CZ,1965.52,1.013375
Rio Fraile,2,Rio Frayle - Puente Vía a Miranda,Rio Frayle - Limnigrafo CVC - caserio Brisas de Frayle,28.879,52.141,2336.06,2336.06,100.0,23170,Pasto cultivado,98.07,4.20,Uso_del_suelo_ZP,1965.52,1.013375
Rio Fraile,2,Rio Frayle - Puente Vía a Miranda,Rio Frayle - Limnigrafo CVC - caserio Brisas de Frayle,28.879,52.141,2336.06,2336.06,100.0,23171,Pasto cultivado arbolado,12.44,0.53,Uso_del_suelo_ZP,1965.52,1.013375
Rio Fraile,2,Rio Frayle - Puente Vía a Miranda,Rio Frayle - Limnigrafo CVC - caserio Brisas de Frayle,28.879,52.141,2336.06,2336.06,100.0,23172,Pasto cultivado enmalezado,4.94,0.21,Uso_del_suelo_ZP,1965.52,1.013375
Rio Fraile,2,Rio Frayle - Puente Vía a Miranda,Rio Frayle - Limnigrafo CVC - caserio Brisas de Frayle,28.879,52.141,2336.06,2336.06,100.0,31352,Bosque de guadua,18.70,0.80,Uso_del_suelo_ZP,1965.52,1.013375
Rio Fraile,2,Rio Frayle - Puente Vía a Miranda,Rio Frayle - Limnigrafo CVC - caserio Brisas de Frayle,28.879,52.141,2336.06,2336.06,100.0,32310,Vegetación secundaria o transición,72.99,3.12,Uso_del_suelo_ZP,1965.52,1.013375
Rio Fraile,2,Rio Frayle - Puente Vía a Miranda,Rio Frayle - Limnigrafo CVC - caserio Brisas de Frayle,28.879,52.141,2336.06,2336.06,100.0,41120,Ríos,56.05,2.40,Uso_del_suelo_ZP,1965.52,1.013375
Rio Fraile,2,Rio Frayle - Puente Vía a Miranda,Rio Frayle - Limnigrafo CVC - caserio Brisas de Frayle,28.879,52.141,2336.06,2336.06,100.0,41220,Estanques artificiales / reservorios,9.45,0.40,Uso_del_suelo_ZP,1965.52,1.013375
Rio Fraile,2,Rio Frayle - Puente Vía a Miranda,Rio Frayle - Limnigrafo CVC - caserio Brisas de Frayle,28.879,52.141,2336.06,2336.06,100.0,41221,Canal,8.02,0.34,Uso_del_suelo_ZP,1965.52,1.013375
Rio Fraile,3,Rio Frayle - Limnigrafo CVC - caserio Brisas de Frayle,Rio Frayle - Antes Desembocadura a rio Guachal Recta Cali Palmira,52.141,80.621,3531.93,3531.93,100.0,11111,Zonas urbanas continuas,60.35,1.71,Uso_del_suelo_ZP,2958.36,1.013002
Rio Fraile,3,Rio Frayle - Limnigrafo CVC - caserio Brisas de Frayle,Rio Frayle - Antes Desembocadura a rio Guachal Recta Cali Palmira,52.141,80.621,3531.93,3531.93,100.0,11211,Zonas urbanas discontinuas,45.92,1.30,Uso_del_suelo_ZP,2958.36,1.013002
Rio Fraile,3,Rio Frayle - Limnigrafo CVC - caserio Brisas de Frayle,Rio Frayle - Antes Desembocadura a rio Guachal Recta Cali Palmira,52.141,80.621,3531.93,3531.93,100.0,12111,Otras superficies artificiales con construcción,65.88,1.87,Uso_del_suelo_ZP,2958.36,1.013002
Rio Fraile,3,Rio Frayle - Limnigrafo CVC - caserio Brisas de Frayle,Rio Frayle - Antes Desembocadura a rio Guachal Recta Cali Palmira,52.141,80.621,3531.93,3531.93,100.0,12211,Otras superficies artificiales sin construcción,38.01,1.08,Uso_del_suelo_ZP,2958.36,1.013002
Rio Fraile,3,Rio Frayle - Limnigrafo CVC - caserio Brisas de Frayle,Rio Frayle - Antes Desembocadura a rio Guachal Recta Cali Palmira,52.141,80.621,3531.93,3531.93,100.0,21116,Mango,2.09,0.06,Uso_del_suelo_ZP,2958.36,1.013002
Rio Fraile,3,Rio Frayle - Limnigrafo CVC - caserio Brisas de Frayle,Rio Frayle - Antes Desembocadura a rio Guachal Recta Cali Palmira,52.141,80.621,3531.93,3531.93,100.0,22171,Caña de azúcar,2950.90,83.55,Hectareas_CZ,2958.36,1.013002
Rio Fraile,3,Rio Frayle - Limnigrafo CVC - caserio Brisas de Frayle,Rio Frayle - Antes Desembocadura a rio Guachal Recta Cali Palmira,52.141,80.621,3531.93,3531.93,100.0,22181,Maíz,1.88,0.05,Uso_del_suelo_ZP,2958.36,1.013002
Rio Fraile,3,Rio Frayle - Limnigrafo CVC - caserio Brisas de Frayle,Rio Frayle - Antes Desembocadura a rio Guachal Recta Cali Palmira,52.141,80.621,3531.93,3531.93,100.0,22210,Otros cultivos arbustivos plantados abiertos,7.59,0.21,Uso_del_suelo_ZP,2958.36,1.013002
Rio Fraile,3,Rio Frayle - Limnigrafo CVC - caserio Brisas de Frayle,Rio Frayle - Antes Desembocadura a rio Guachal Recta Cali Palmira,52.141,80.621,3531.93,3531.93,100.0,23170,Pasto cultivado,97.12,2.75,Uso_del_suelo_ZP,2958.36,1.013002
Rio Fraile,3,Rio Frayle - Limnigrafo CVC - caserio Brisas de Frayle,Rio Frayle - Antes Desembocadura a rio Guachal Recta Cali Palmira,52.141,80.621,3531.93,3531.93,100.0,23171,Pasto cultivado arbolado,6.62,0.19,Uso_del_suelo_ZP,2958.36,1.013002
Rio Fraile,3,Rio Frayle - Limnigrafo CVC - caserio Brisas de Frayle,Rio Frayle - Antes Desembocadura a rio Guachal Recta Cali Palmira,52.141,80.621,3531.93,3531.93,100.0,23172,Pasto cultivado enmalezado,18.24,0.52,Uso_del_suelo_ZP,2958.36,1.013002
Rio Fraile,3,Rio Frayle - Limnigrafo CVC - caserio Brisas de Frayle,Rio Frayle - Antes Desembocadura a rio Guachal Recta Cali Palmira,52.141,80.621,3531.93,3531.93,100.0,23411,Otros cultivos confinados,1.43,0.04,Uso_del_suelo_ZP,2958.36,1.013002
Rio Fraile,3,Rio Frayle - Limnigrafo CVC - caserio Brisas de Frayle,Rio Frayle - Antes Desembocadura a rio Guachal Recta Cali Palmira,52.141,80.621,3531.93,3531.93,100.0,23413,Cultivos ornamentales en invernadero,8.05,0.23,Uso_del_suelo_ZP,2958.36,1.013002
Rio Fraile,3,Rio Frayle - Limnigrafo CVC - caserio Brisas de Frayle,Rio Frayle - Antes Desembocadura a rio Guachal Recta Cali Palmira,52.141,80.621,3531.93,3531.93,100.0,24110,Otras asociaciones de cultivos,4.16,0.12,Uso_del_suelo_ZP,2958.36,1.013002
Rio Fraile,3,Rio Frayle - Limnigrafo CVC - caserio Brisas de Frayle,Rio Frayle - Antes Desembocadura a rio Guachal Recta Cali Palmira,52.141,80.621,3531.93,3531.93,100.0,24130,Misceláneo de pastos y cultivos,10.57,0.30,Uso_del_suelo_ZP,2958.36,1.013002
Rio Fraile,3,Rio Frayle - Limnigrafo CVC - caserio Brisas de Frayle,Rio Frayle - Antes Desembocadura a rio Guachal Recta Cali Palmira,52.141,80.621,3531.93,3531.93,100.0,31352,Bosque de guadua,9.31,0.26,Uso_del_suelo_ZP,2958.36,1.013002
Rio Fraile,3,Rio Frayle - Limnigrafo CVC - caserio Brisas de Frayle,Rio Frayle - Antes Desembocadura a rio Guachal Recta Cali Palmira,52.141,80.621,3531.93,3531.93,100.0,32310,Vegetación secundaria o transición,62.01,1.76,Uso_del_suelo_ZP,2958.36,1.013002
Rio Fraile,3,Rio Frayle - Limnigrafo CVC - caserio Brisas de Frayle,Rio Frayle - Antes Desembocadura a rio Guachal Recta Cali Palmira,52.141,80.621,3531.93,3531.93,100.0,35221,Áreas naturales desnudas,17.87,0.51,Uso_del_suelo_ZP,2958.36,1.013002
Rio Fraile,3,Rio Frayle - Limnigrafo CVC - caserio Brisas de Frayle,Rio Frayle - Antes Desembocadura a rio Guachal Recta Cali Palmira,52.141,80.621,3531.93,3531.93,100.0,41120,Ríos,0.00,0.00,Uso_del_suelo_ZP,2958.36,1.013002
Rio Fraile,3,Rio Frayle - Limnigrafo CVC - caserio Brisas de Frayle,Rio Frayle - Antes Desembocadura a rio Guachal Recta Cali Palmira,52.141,80.621,3531.93,3531.93,100.0,41130,Lagunas,1.26,0.04,Uso_del_suelo_ZP,2958.36,1.013002
Rio Fraile,3,Rio Frayle - Limnigrafo CVC - caserio Brisas de Frayle,Rio Frayle - Antes Desembocadura a rio Guachal Recta Cali Palmira,52.141,80.621,3531.93,3531.93,100.0,41221,Canal,119.79,3.39,Uso_del_suelo_ZP,2958.36,1.013002
Rio Fraile,3,Rio Frayle - Limnigrafo CVC - caserio Brisas de Frayle,Rio Frayle - Antes Desembocadura a rio Guachal Recta Cali Palmira,52.141,80.621,3531.93,3531.93,100.0,41310,Superficies de inundación temporal,2.89,0.08,Uso_del_suelo_ZP,2958.36,1.013002
Rio Guabas,1,Rio Guabas - Antes Mina La Victoria,Rio Guabas - Antes desembocadura a Río Cauca,0.000,42.231,2720.28,2720.28,100.0,11111,Zonas urbanas continuas,21.76,0.80,Uso_del_suelo_ZP,1940.54,1.147086
Rio Guabas,1,Rio Guabas - Antes Mina La Victoria,Rio Guabas - Antes desembocadura a Río Cauca,0.000,42.231,2720.28,2720.28,100.0,11211,Zonas urbanas discontinuas,15.75,0.58,Uso_del_suelo_ZP,1940.54,1.147086
Rio Guabas,1,Rio Guabas - Antes Mina La Victoria,Rio Guabas - Antes desembocadura a Río Cauca,0.000,42.231,2720.28,2720.28,100.0,12111,Otras superficies artificiales con construcción,62.18,2.29,Uso_del_suelo_ZP,1940.54,1.147086
Rio Guabas,1,Rio Guabas - Antes Mina La Victoria,Rio Guabas - Antes desembocadura a Río Cauca,0.000,42.231,2720.28,2720.28,100.0,12211,Otras superficies artificiales sin construcción,29.75,1.09,Uso_del_suelo_ZP,1940.54,1.147086
Rio Guabas,1,Rio Guabas - Antes Mina La Victoria,Rio Guabas - Antes desembocadura a Río Cauca,0.000,42.231,2720.28,2720.28,100.0,21113,Guanábano,2.43,0.09,Uso_del_suelo_ZP,1940.54,1.147086
Rio Guabas,1,Rio Guabas - Antes Mina La Victoria,Rio Guabas - Antes desembocadura a Río Cauca,0.000,42.231,2720.28,2720.28,100.0,21114,Guayabo,9.23,0.34,Uso_del_suelo_ZP,1940.54,1.147086
Rio Guabas,1,Rio Guabas - Antes Mina La Victoria,Rio Guabas - Antes desembocadura a Río Cauca,0.000,42.231,2720.28,2720.28,100.0,21130,Pino,1.85,0.07,Uso_del_suelo_ZP,1940.54,1.147086
Rio Guabas,1,Rio Guabas - Antes Mina La Victoria,Rio Guabas - Antes desembocadura a Río Cauca,0.000,42.231,2720.28,2720.28,100.0,21210,Otros cultivos arbóreos plantados abiertos,0.80,0.03,Uso_del_suelo_ZP,1940.54,1.147086
Rio Guabas,1,Rio Guabas - Antes Mina La Victoria,Rio Guabas - Antes desembocadura a Río Cauca,0.000,42.231,2720.28,2720.28,100.0,21221,Misceláneo de árboles frutales,8.67,0.32,Uso_del_suelo_ZP,1940.54,1.147086
Rio Guabas,1,Rio Guabas - Antes Mina La Victoria,Rio Guabas - Antes desembocadura a Río Cauca,0.000,42.231,2720.28,2720.28,100.0,21230,Misceláneo de cítricos,11.42,0.42,Uso_del_suelo_ZP,1940.54,1.147086
Rio Guabas,1,Rio Guabas - Antes Mina La Victoria,Rio Guabas - Antes desembocadura a Río Cauca,0.000,42.231,2720.28,2720.28,100.0,22151,Vid,67.02,2.46,Uso_del_suelo_ZP,1940.54,1.147086
Rio Guabas,1,Rio Guabas - Antes Mina La Victoria,Rio Guabas - Antes desembocadura a Río Cauca,0.000,42.231,2720.28,2720.28,100.0,22171,Caña de azúcar,1825.85,67.12,Hectareas_CZ,1940.54,1.147086
Rio Guabas,1,Rio Guabas - Antes Mina La Victoria,Rio Guabas - Antes desembocadura a Río Cauca,0.000,42.231,2720.28,2720.28,100.0,22181,Maíz,46.57,1.71,Uso_del_suelo_ZP,1940.54,1.147086
Rio Guabas,1,Rio Guabas - Antes Mina La Victoria,Rio Guabas - Antes desembocadura a Río Cauca,0.000,42.231,2720.28,2720.28,100.0,23110,Otros cultivos herbáceos plantados densos,19.70,0.72,Uso_del_suelo_ZP,1940.54,1.147086
Rio Guabas,1,Rio Guabas - Antes Mina La Victoria,Rio Guabas - Antes desembocadura a Río Cauca,0.000,42.231,2720.28,2720.28,100.0,23131,Sorgo,45.67,1.68,Uso_del_suelo_ZP,1940.54,1.147086
Rio Guabas,1,Rio Guabas - Antes Mina La Victoria,Rio Guabas - Antes desembocadura a Río Cauca,0.000,42.231,2720.28,2720.28,100.0,23141,Soya,28.39,1.04,Uso_del_suelo_ZP,1940.54,1.147086
Rio Guabas,1,Rio Guabas - Antes Mina La Victoria,Rio Guabas - Antes desembocadura a Río Cauca,0.000,42.231,2720.28,2720.28,100.0,23170,Pasto cultivado,90.58,3.33,Uso_del_suelo_ZP,1940.54,1.147086
Rio Guabas,1,Rio Guabas - Antes Mina La Victoria,Rio Guabas - Antes desembocadura a Río Cauca,0.000,42.231,2720.28,2720.28,100.0,23171,Pasto cultivado arbolado,38.33,1.41,Uso_del_suelo_ZP,1940.54,1.147086
Rio Guabas,1,Rio Guabas - Antes Mina La Victoria,Rio Guabas - Antes desembocadura a Río Cauca,0.000,42.231,2720.28,2720.28,100.0,23172,Pasto cultivado enmalezado,11.07,0.41,Uso_del_suelo_ZP,1940.54,1.147086
Rio Guabas,1,Rio Guabas - Antes Mina La Victoria,Rio Guabas - Antes desembocadura a Río Cauca,0.000,42.231,2720.28,2720.28,100.0,23218,Tomate,1.13,0.04,Uso_del_suelo_ZP,1940.54,1.147086
Rio Guabas,1,Rio Guabas - Antes Mina La Victoria,Rio Guabas - Antes desembocadura a Río Cauca,0.000,42.231,2720.28,2720.28,100.0,23231,Maracuyá,0.78,0.03,Uso_del_suelo_ZP,1940.54,1.147086
Rio Guabas,1,Rio Guabas - Antes Mina La Victoria,Rio Guabas - Antes desembocadura a Río Cauca,0.000,42.231,2720.28,2720.28,100.0,24130,Misceláneo de pastos y cultivos,75.86,2.79,Uso_del_suelo_ZP,1940.54,1.147086
Rio Guabas,1,Rio Guabas - Antes Mina La Victoria,Rio Guabas - Antes desembocadura a Río Cauca,0.000,42.231,2720.28,2720.28,100.0,24140,Misceláneo de cultivos y espacios naturales,1.77,0.06,Uso_del_suelo_ZP,1940.54,1.147086
Rio Guabas,1,Rio Guabas - Antes Mina La Victoria,Rio Guabas - Antes desembocadura a Río Cauca,0.000,42.231,2720.28,2720.28,100.0,25210,Áreas de cultivo con suelo desnudo,1.18,0.04,Uso_del_suelo_ZP,1940.54,1.147086
Rio Guabas,1,Rio Guabas - Antes Mina La Victoria,Rio Guabas - Antes desembocadura a Río Cauca,0.000,42.231,2720.28,2720.28,100.0,31112,Bosque mixto denso bajo de tierra firme,9.79,0.36,Uso_del_suelo_ZP,1940.54,1.147086
Rio Guabas,1,Rio Guabas - Antes Mina La Victoria,Rio Guabas - Antes desembocadura a Río Cauca,0.000,42.231,2720.28,2720.28,100.0,31211,Bosque mixto abierto alto de tierra firme,24.45,0.90,Uso_del_suelo_ZP,1940.54,1.147086
Rio Guabas,1,Rio Guabas - Antes Mina La Victoria,Rio Guabas - Antes desembocadura a Río Cauca,0.000,42.231,2720.28,2720.28,100.0,31212,Bosque mixto abierto bajo de tierra firme,42.73,1.57,Uso_del_suelo_ZP,1940.54,1.147086
Rio Guabas,1,Rio Guabas - Antes Mina La Victoria,Rio Guabas - Antes desembocadura a Río Cauca,0.000,42.231,2720.28,2720.28,100.0,31311,Bosque mixto fragmentado con pastos y cultivos,19.40,0.71,Uso_del_suelo_ZP,1940.54,1.147086
Rio Guabas,1,Rio Guabas - Antes Mina La Victoria,Rio Guabas - Antes desembocadura a Río Cauca,0.000,42.231,2720.28,2720.28,100.0,31351,Bosque mixto relictual,1.10,0.04,Uso_del_suelo_ZP,1940.54,1.147086
Rio Guabas,1,Rio Guabas - Antes Mina La Victoria,Rio Guabas - Antes desembocadura a Río Cauca,0.000,42.231,2720.28,2720.28,100.0,31352,Bosque de guadua,15.39,0.57,Uso_del_suelo_ZP,1940.54,1.147086
Rio Guabas,1,Rio Guabas - Antes Mina La Victoria,Rio Guabas - Antes desembocadura a Río Cauca,0.000,42.231,2720.28,2720.28,100.0,32110,Arbustal y matorral denso alto de tierra firme,9.80,0.36,Uso_del_suelo_ZP,1940.54,1.147086
Rio Guabas,1,Rio Guabas - Antes Mina La Victoria,Rio Guabas - Antes desembocadura a Río Cauca,0.000,42.231,2720.28,2720.28,100.0,32111,Arbustal y matorral denso bajo de tierra firme,9.87,0.36,Uso_del_suelo_ZP,1940.54,1.147086
Rio Guabas,1,Rio Guabas - Antes Mina La Victoria,Rio Guabas - Antes desembocadura a Río Cauca,0.000,42.231,2720.28,2720.28,100.0,32121,Arbustal y matorral denso bajo inundable (caña brava),34.64,1.27,Uso_del_suelo_ZP,1940.54,1.147086
Rio Guabas,1,Rio Guabas - Antes Mina La Victoria,Rio Guabas - Antes desembocadura a Río Cauca,0.000,42.231,2720.28,2720.28,100.0,32210,Arbustal y matorral abierto alto de tierra firme,20.67,0.76,Uso_del_suelo_ZP,1940.54,1.147086
Rio Guabas,1,Rio Guabas - Antes Mina La Victoria,Rio Guabas - Antes desembocadura a Río Cauca,0.000,42.231,2720.28,2720.28,100.0,32211,Arbustal y matorral abierto bajo de tierra firme,3.41,0.13,Uso_del_suelo_ZP,1940.54,1.147086
Rio Guabas,1,Rio Guabas - Antes Mina La Victoria,Rio Guabas - Antes desembocadura a Río Cauca,0.000,42.231,2720.28,2720.28,100.0,32220,Arbustal y matorral abierto alto inundable,0.15,0.01,Uso_del_suelo_ZP,1940.54,1.147086
Rio Guabas,1,Rio Guabas - Antes Mina La Victoria,Rio Guabas - Antes desembocadura a Río Cauca,0.000,42.231,2720.28,2720.28,100.0,32221,Arbustal y matorral abierto bajo inundable,15.38,0.57,Uso_del_suelo_ZP,1940.54,1.147086
Rio Guabas,1,Rio Guabas - Antes Mina La Victoria,Rio Guabas - Antes desembocadura a Río Cauca,0.000,42.231,2720.28,2720.28,100.0,32310,Vegetación secundaria o transición,4.97,0.18,Uso_del_suelo_ZP,1940.54,1.147086
Rio Guabas,1,Rio Guabas - Antes Mina La Victoria,Rio Guabas - Antes desembocadura a Río Cauca,0.000,42.231,2720.28,2720.28,100.0,41110,Otros cuerpos de agua,2.07,0.08,Uso_del_suelo_ZP,1940.54,1.147086
Rio Guabas,1,Rio Guabas - Antes Mina La Victoria,Rio Guabas - Antes desembocadura a Río Cauca,0.000,42.231,2720.28,2720.28,100.0,41120,Ríos,35.95,1.32,Uso_del_suelo_ZP,1940.54,1.147086
Rio Guabas,1,Rio Guabas - Antes Mina La Victoria,Rio Guabas - Antes desembocadura a Río Cauca,0.000,42.231,2720.28,2720.28,100.0,41141,Meandro abandonado,15.15,0.56,Uso_del_suelo_ZP,1940.54,1.147086
Rio Guabas,1,Rio Guabas - Antes Mina La Victoria,Rio Guabas - Antes desembocadura a Río Cauca,0.000,42.231,2720.28,2720.28,100.0,41220,Estanques artificiales / reservorios,19.43,0.71,Uso_del_suelo_ZP,1940.54,1.147086
Rio Guabas,1,Rio Guabas - Antes Mina La Victoria,Rio Guabas - Antes desembocadura a Río Cauca,0.000,42.231,2720.28,2720.28,100.0,41221,Canal,13.18,0.48,Uso_del_suelo_ZP,1940.54,1.147086
Rio Guabas,1,Rio Guabas - Antes Mina La Victoria,Rio Guabas - Antes desembocadura a Río Cauca,0.000,42.231,2720.28,2720.28,100.0,41410,Arenal,5.02,0.18,Uso_del_suelo_ZP,1940.54,1.147086
Rio Guachal,1,GG1 - Después Confluencia Ríos Fraile Y Bolo,GG2 - Puente vía Yumbo-Aeropuerto,0.000,5.964,882.16,882.16,100.0,11211,Zonas urbanas discontinuas,5.82,0.66,Uso_del_suelo_ZP,730.64,2.908892
Rio Guachal,1,GG1 - Después Confluencia Ríos Fraile Y Bolo,GG2 - Puente vía Yumbo-Aeropuerto,0.000,5.964,882.16,882.16,100.0,12111,Otras superficies artificiales con construcción,6.39,0.72,Uso_del_suelo_ZP,730.64,2.908892
Rio Guachal,1,GG1 - Después Confluencia Ríos Fraile Y Bolo,GG2 - Puente vía Yumbo-Aeropuerto,0.000,5.964,882.16,882.16,100.0,12211,Otras superficies artificiales sin construcción,14.28,1.62,Uso_del_suelo_ZP,730.64,2.908892
Rio Guachal,1,GG1 - Después Confluencia Ríos Fraile Y Bolo,GG2 - Puente vía Yumbo-Aeropuerto,0.000,5.964,882.16,882.16,100.0,21130,Pino,5.74,0.65,Uso_del_suelo_ZP,730.64,2.908892
Rio Guachal,1,GG1 - Después Confluencia Ríos Fraile Y Bolo,GG2 - Puente vía Yumbo-Aeropuerto,0.000,5.964,882.16,882.16,100.0,21131,Pino cosechado,4.89,0.55,Uso_del_suelo_ZP,730.64,2.908892
Rio Guachal,1,GG1 - Después Confluencia Ríos Fraile Y Bolo,GG2 - Puente vía Yumbo-Aeropuerto,0.000,5.964,882.16,882.16,100.0,22171,Caña de azúcar,441.40,50.04,Hectareas_CZ,730.64,2.908892
Rio Guachal,1,GG1 - Después Confluencia Ríos Fraile Y Bolo,GG2 - Puente vía Yumbo-Aeropuerto,0.000,5.964,882.16,882.16,100.0,23170,Pasto cultivado,183.39,20.79,Uso_del_suelo_ZP,730.64,2.908892
Rio Guachal,1,GG1 - Después Confluencia Ríos Fraile Y Bolo,GG2 - Puente vía Yumbo-Aeropuerto,0.000,5.964,882.16,882.16,100.0,24110,Otras asociaciones de cultivos,9.80,1.11,Uso_del_suelo_ZP,730.64,2.908892
Rio Guachal,1,GG1 - Después Confluencia Ríos Fraile Y Bolo,GG2 - Puente vía Yumbo-Aeropuerto,0.000,5.964,882.16,882.16,100.0,24130,Misceláneo de pastos y cultivos,22.40,2.54,Uso_del_suelo_ZP,730.64,2.908892
Rio Guachal,1,GG1 - Después Confluencia Ríos Fraile Y Bolo,GG2 - Puente vía Yumbo-Aeropuerto,0.000,5.964,882.16,882.16,100.0,32211,Arbustal y matorral abierto bajo de tierra firme,0.04,0.00,Uso_del_suelo_ZP,730.64,2.908892
Rio Guachal,1,GG1 - Después Confluencia Ríos Fraile Y Bolo,GG2 - Puente vía Yumbo-Aeropuerto,0.000,5.964,882.16,882.16,100.0,32220,Arbustal y matorral abierto alto inundable,2.69,0.31,Uso_del_suelo_ZP,730.64,2.908892
Rio Guachal,1,GG1 - Después Confluencia Ríos Fraile Y Bolo,GG2 - Puente vía Yumbo-Aeropuerto,0.000,5.964,882.16,882.16,100.0,32221,Arbustal y matorral abierto bajo inundable,4.27,0.48,Uso_del_suelo_ZP,730.64,2.908892
Rio Guachal,1,GG1 - Después Confluencia Ríos Fraile Y Bolo,GG2 - Puente vía Yumbo-Aeropuerto,0.000,5.964,882.16,882.16,100.0,32310,Vegetación secundaria o transición,11.80,1.34,Uso_del_suelo_ZP,730.64,2.908892
Rio Guachal,1,GG1 - Después Confluencia Ríos Fraile Y Bolo,GG2 - Puente vía Yumbo-Aeropuerto,0.000,5.964,882.16,882.16,100.0,41120,Ríos,27.44,3.11,Uso_del_suelo_ZP,730.64,2.908892
Rio Guachal,1,GG1 - Después Confluencia Ríos Fraile Y Bolo,GG2 - Puente vía Yumbo-Aeropuerto,0.000,5.964,882.16,882.16,100.0,41221,Canal,141.82,16.08,Uso_del_suelo_ZP,730.64,2.908892
Rio Guachal,2,GG2 - Puente vía Yumbo-Aeropuerto,GG3 - Rio Guachal - Antes Desembocadura a Rio Cauca,5.964,10.984,738.87,738.87,100.0,11211,Zonas urbanas discontinuas,8.91,1.21,Uso_del_suelo_ZP,529.56,2.510771
Rio Guachal,2,GG2 - Puente vía Yumbo-Aeropuerto,GG3 - Rio Guachal - Antes Desembocadura a Rio Cauca,5.964,10.984,738.87,738.87,100.0,12111,Otras superficies artificiales con construcción,112.37,15.21,Uso_del_suelo_ZP,529.56,2.510771
Rio Guachal,2,GG2 - Puente vía Yumbo-Aeropuerto,GG3 - Rio Guachal - Antes Desembocadura a Rio Cauca,5.964,10.984,738.87,738.87,100.0,12211,Otras superficies artificiales sin construcción,14.22,1.92,Uso_del_suelo_ZP,529.56,2.510771
Rio Guachal,2,GG2 - Puente vía Yumbo-Aeropuerto,GG3 - Rio Guachal - Antes Desembocadura a Rio Cauca,5.964,10.984,738.87,738.87,100.0,21120,Eucalipto,0.92,0.12,Uso_del_suelo_ZP,529.56,2.510771
Rio Guachal,2,GG2 - Puente vía Yumbo-Aeropuerto,GG3 - Rio Guachal - Antes Desembocadura a Rio Cauca,5.964,10.984,738.87,738.87,100.0,21130,Pino,0.04,0.01,Uso_del_suelo_ZP,529.56,2.510771
Rio Guachal,2,GG2 - Puente vía Yumbo-Aeropuerto,GG3 - Rio Guachal - Antes Desembocadura a Rio Cauca,5.964,10.984,738.87,738.87,100.0,21131,Pino cosechado,0.86,0.12,Uso_del_suelo_ZP,529.56,2.510771
Rio Guachal,2,GG2 - Puente vía Yumbo-Aeropuerto,GG3 - Rio Guachal - Antes Desembocadura a Rio Cauca,5.964,10.984,738.87,738.87,100.0,22171,Caña de azúcar,213.34,28.87,Hectareas_CZ,529.56,2.510771
Rio Guachal,2,GG2 - Puente vía Yumbo-Aeropuerto,GG3 - Rio Guachal - Antes Desembocadura a Rio Cauca,5.964,10.984,738.87,738.87,100.0,23170,Pasto cultivado,97.67,13.22,Uso_del_suelo_ZP,529.56,2.510771
Rio Guachal,2,GG2 - Puente vía Yumbo-Aeropuerto,GG3 - Rio Guachal - Antes Desembocadura a Rio Cauca,5.964,10.984,738.87,738.87,100.0,23171,Pasto cultivado arbolado,12.21,1.65,Uso_del_suelo_ZP,529.56,2.510771
Rio Guachal,2,GG2 - Puente vía Yumbo-Aeropuerto,GG3 - Rio Guachal - Antes Desembocadura a Rio Cauca,5.964,10.984,738.87,738.87,100.0,24130,Misceláneo de pastos y cultivos,14.35,1.94,Uso_del_suelo_ZP,529.56,2.510771
Rio Guachal,2,GG2 - Puente vía Yumbo-Aeropuerto,GG3 - Rio Guachal - Antes Desembocadura a Rio Cauca,5.964,10.984,738.87,738.87,100.0,25210,Áreas de cultivo con suelo desnudo,35.27,4.77,Uso_del_suelo_ZP,529.56,2.510771
Rio Guachal,2,GG2 - Puente vía Yumbo-Aeropuerto,GG3 - Rio Guachal - Antes Desembocadura a Rio Cauca,5.964,10.984,738.87,738.87,100.0,31112,Bosque mixto denso bajo de tierra firme,4.56,0.62,Uso_del_suelo_ZP,529.56,2.510771
Rio Guachal,2,GG2 - Puente vía Yumbo-Aeropuerto,GG3 - Rio Guachal - Antes Desembocadura a Rio Cauca,5.964,10.984,738.87,738.87,100.0,31331,Bosque mixto fragmentado con vegetación natural,4.61,0.62,Uso_del_suelo_ZP,529.56,2.510771
Rio Guachal,2,GG2 - Puente vía Yumbo-Aeropuerto,GG3 - Rio Guachal - Antes Desembocadura a Rio Cauca,5.964,10.984,738.87,738.87,100.0,31352,Bosque de guadua,5.89,0.80,Uso_del_suelo_ZP,529.56,2.510771
Rio Guachal,2,GG2 - Puente vía Yumbo-Aeropuerto,GG3 - Rio Guachal - Antes Desembocadura a Rio Cauca,5.964,10.984,738.87,738.87,100.0,32210,Arbustal y matorral abierto alto de tierra firme,1.00,0.14,Uso_del_suelo_ZP,529.56,2.510771
Rio Guachal,2,GG2 - Puente vía Yumbo-Aeropuerto,GG3 - Rio Guachal - Antes Desembocadura a Rio Cauca,5.964,10.984,738.87,738.87,100.0,32211,Arbustal y matorral abierto bajo de tierra firme,0.93,0.13,Uso_del_suelo_ZP,529.56,2.510771
Rio Guachal,2,GG2 - Puente vía Yumbo-Aeropuerto,GG3 - Rio Guachal - Antes Desembocadura a Rio Cauca,5.964,10.984,738.87,738.87,100.0,32220,Arbustal y matorral abierto alto inundable,12.80,1.73,Uso_del_suelo_ZP,529.56,2.510771
Rio Guachal,2,GG2 - Puente vía Yumbo-Aeropuerto,GG3 - Rio Guachal - Antes Desembocadura a Rio Cauca,5.964,10.984,738.87,738.87,100.0,32221,Arbustal y matorral abierto bajo inundable,1.17,0.16,Uso_del_suelo_ZP,529.56,2.510771
Rio Guachal,2,GG2 - Puente vía Yumbo-Aeropuerto,GG3 - Rio Guachal - Antes Desembocadura a Rio Cauca,5.964,10.984,738.87,738.87,100.0,32310,Vegetación secundaria o transición,34.70,4.70,Uso_del_suelo_ZP,529.56,2.510771
Rio Guachal,2,GG2 - Puente vía Yumbo-Aeropuerto,GG3 - Rio Guachal - Antes Desembocadura a Rio Cauca,5.964,10.984,738.87,738.87,100.0,41120,Ríos,85.38,11.55,Uso_del_suelo_ZP,529.56,2.510771
Rio Guachal,2,GG2 - Puente vía Yumbo-Aeropuerto,GG3 - Rio Guachal - Antes Desembocadura a Rio Cauca,5.964,10.984,738.87,738.87,100.0,41144,Otras superficies pantanosas,17.68,2.39,Uso_del_suelo_ZP,529.56,2.510771
Rio Guachal,2,GG2 - Puente vía Yumbo-Aeropuerto,GG3 - Rio Guachal - Antes Desembocadura a Rio Cauca,5.964,10.984,738.87,738.87,100.0,41221,Canal,57.62,7.80,Uso_del_suelo_ZP,529.56,2.510771
Rio Guachal,2,GG2 - Puente vía Yumbo-Aeropuerto,GG3 - Rio Guachal - Antes Desembocadura a Rio Cauca,5.964,10.984,738.87,738.87,100.0,41410,Arenal,2.36,0.32,Uso_del_suelo_ZP,529.56,2.510771
Rio Guadalajara,1,Rio Guadalajara - La Piscina - Vía a Alaska,Rio Guadalajara - Bocatoma Acueducto Buga,0.000,16.956,188.01,188.01,100.0,11211,Zonas urbanas discontinuas,3.78,2.01,Uso_del_suelo_ZP,0.00,1.000000
Rio Guadalajara,1,Rio Guadalajara - La Piscina - Vía a Alaska,Rio Guadalajara - Bocatoma Acueducto Buga,0.000,16.956,188.01,188.01,100.0,12111,Otras superficies artificiales con construcción,0.47,0.25,Uso_del_suelo_ZP,0.00,1.000000
Rio Guadalajara,1,Rio Guadalajara - La Piscina - Vía a Alaska,Rio Guadalajara - Bocatoma Acueducto Buga,0.000,16.956,188.01,188.01,100.0,12211,Otras superficies artificiales sin construcción,0.36,0.19,Uso_del_suelo_ZP,0.00,1.000000
Rio Guadalajara,1,Rio Guadalajara - La Piscina - Vía a Alaska,Rio Guadalajara - Bocatoma Acueducto Buga,0.000,16.956,188.01,188.01,100.0,22210,Otros cultivos arbustivos plantados abiertos,0.28,0.15,Uso_del_suelo_ZP,0.00,1.000000
Rio Guadalajara,1,Rio Guadalajara - La Piscina - Vía a Alaska,Rio Guadalajara - Bocatoma Acueducto Buga,0.000,16.956,188.01,188.01,100.0,23170,Pasto cultivado,61.52,32.72,Uso_del_suelo_ZP,0.00,1.000000
Rio Guadalajara,1,Rio Guadalajara - La Piscina - Vía a Alaska,Rio Guadalajara - Bocatoma Acueducto Buga,0.000,16.956,188.01,188.01,100.0,23171,Pasto cultivado arbolado,10.81,5.75,Uso_del_suelo_ZP,0.00,1.000000
Rio Guadalajara,1,Rio Guadalajara - La Piscina - Vía a Alaska,Rio Guadalajara - Bocatoma Acueducto Buga,0.000,16.956,188.01,188.01,100.0,23172,Pasto cultivado enmalezado,57.06,30.35,Uso_del_suelo_ZP,0.00,1.000000
Rio Guadalajara,1,Rio Guadalajara - La Piscina - Vía a Alaska,Rio Guadalajara - Bocatoma Acueducto Buga,0.000,16.956,188.01,188.01,100.0,24130,Misceláneo de pastos y cultivos,0.26,0.14,Uso_del_suelo_ZP,0.00,1.000000
Rio Guadalajara,1,Rio Guadalajara - La Piscina - Vía a Alaska,Rio Guadalajara - Bocatoma Acueducto Buga,0.000,16.956,188.01,188.01,100.0,24140,Misceláneo de cultivos y espacios naturales,2.02,1.07,Uso_del_suelo_ZP,0.00,1.000000
Rio Guadalajara,1,Rio Guadalajara - La Piscina - Vía a Alaska,Rio Guadalajara - Bocatoma Acueducto Buga,0.000,16.956,188.01,188.01,100.0,31111,Bosque mixto denso alto de tierra firme,8.39,4.46,Uso_del_suelo_ZP,0.00,1.000000
Rio Guadalajara,1,Rio Guadalajara - La Piscina - Vía a Alaska,Rio Guadalajara - Bocatoma Acueducto Buga,0.000,16.956,188.01,188.01,100.0,31112,Bosque mixto denso bajo de tierra firme,2.54,1.35,Uso_del_suelo_ZP,0.00,1.000000
Rio Guadalajara,1,Rio Guadalajara - La Piscina - Vía a Alaska,Rio Guadalajara - Bocatoma Acueducto Buga,0.000,16.956,188.01,188.01,100.0,31212,Bosque mixto abierto bajo de tierra firme,3.98,2.12,Uso_del_suelo_ZP,0.00,1.000000
Rio Guadalajara,1,Rio Guadalajara - La Piscina - Vía a Alaska,Rio Guadalajara - Bocatoma Acueducto Buga,0.000,16.956,188.01,188.01,100.0,31331,Bosque mixto fragmentado con vegetación natural,4.04,2.15,Uso_del_suelo_ZP,0.00,1.000000
Rio Guadalajara,1,Rio Guadalajara - La Piscina - Vía a Alaska,Rio Guadalajara - Bocatoma Acueducto Buga,0.000,16.956,188.01,188.01,100.0,32110,Arbustal y matorral denso alto de tierra firme,7.94,4.22,Uso_del_suelo_ZP,0.00,1.000000
Rio Guadalajara,1,Rio Guadalajara - La Piscina - Vía a Alaska,Rio Guadalajara - Bocatoma Acueducto Buga,0.000,16.956,188.01,188.01,100.0,32111,Arbustal y matorral denso bajo de tierra firme,9.39,5.00,Uso_del_suelo_ZP,0.00,1.000000
Rio Guadalajara,1,Rio Guadalajara - La Piscina - Vía a Alaska,Rio Guadalajara - Bocatoma Acueducto Buga,0.000,16.956,188.01,188.01,100.0,32210,Arbustal y matorral abierto alto de tierra firme,4.79,2.55,Uso_del_suelo_ZP,0.00,1.000000
Rio Guadalajara,1,Rio Guadalajara - La Piscina - Vía a Alaska,Rio Guadalajara - Bocatoma Acueducto Buga,0.000,16.956,188.01,188.01,100.0,32211,Arbustal y matorral abierto bajo de tierra firme,3.99,2.12,Uso_del_suelo_ZP,0.00,1.000000
Rio Guadalajara,1,Rio Guadalajara - La Piscina - Vía a Alaska,Rio Guadalajara - Bocatoma Acueducto Buga,0.000,16.956,188.01,188.01,100.0,35221,Áreas naturales desnudas,1.59,0.85,Uso_del_suelo_ZP,0.00,1.000000
Rio Guadalajara,1,Rio Guadalajara - La Piscina - Vía a Alaska,Rio Guadalajara - Bocatoma Acueducto Buga,0.000,16.956,188.01,188.01,100.0,41110,Otros cuerpos de agua,0.04,0.02,Uso_del_suelo_ZP,0.00,1.000000
Rio Guadalajara,1,Rio Guadalajara - La Piscina - Vía a Alaska,Rio Guadalajara - Bocatoma Acueducto Buga,0.000,16.956,188.01,188.01,100.0,41120,Ríos,4.73,2.51,Uso_del_suelo_ZP,0.00,1.000000
Rio Guadalajara,2,Rio Guadalajara - Bocatoma Acueducto Buga,Rio Guadalajara - Puente Frente vía Ferrea,16.956,21.653,620.42,620.42,100.0,11111,Zonas urbanas continuas,294.31,47.44,Uso_del_suelo_ZP,0.00,1.000000
Rio Guadalajara,2,Rio Guadalajara - Bocatoma Acueducto Buga,Rio Guadalajara - Puente Frente vía Ferrea,16.956,21.653,620.42,620.42,100.0,11211,Zonas urbanas discontinuas,3.80,0.61,Uso_del_suelo_ZP,0.00,1.000000
Rio Guadalajara,2,Rio Guadalajara - Bocatoma Acueducto Buga,Rio Guadalajara - Puente Frente vía Ferrea,16.956,21.653,620.42,620.42,100.0,12111,Otras superficies artificiales con construcción,8.09,1.30,Uso_del_suelo_ZP,0.00,1.000000
Rio Guadalajara,2,Rio Guadalajara - Bocatoma Acueducto Buga,Rio Guadalajara - Puente Frente vía Ferrea,16.956,21.653,620.42,620.42,100.0,12211,Otras superficies artificiales sin construcción,14.56,2.35,Uso_del_suelo_ZP,0.00,1.000000
Rio Guadalajara,2,Rio Guadalajara - Bocatoma Acueducto Buga,Rio Guadalajara - Puente Frente vía Ferrea,16.956,21.653,620.42,620.42,100.0,23170,Pasto cultivado,86.24,13.90,Uso_del_suelo_ZP,0.00,1.000000
Rio Guadalajara,2,Rio Guadalajara - Bocatoma Acueducto Buga,Rio Guadalajara - Puente Frente vía Ferrea,16.956,21.653,620.42,620.42,100.0,23171,Pasto cultivado arbolado,4.57,0.74,Uso_del_suelo_ZP,0.00,1.000000
Rio Guadalajara,2,Rio Guadalajara - Bocatoma Acueducto Buga,Rio Guadalajara - Puente Frente vía Ferrea,16.956,21.653,620.42,620.42,100.0,23172,Pasto cultivado enmalezado,26.37,4.25,Uso_del_suelo_ZP,0.00,1.000000
Rio Guadalajara,2,Rio Guadalajara - Bocatoma Acueducto Buga,Rio Guadalajara - Puente Frente vía Ferrea,16.956,21.653,620.42,620.42,100.0,31111,Bosque mixto denso alto de tierra firme,5.40,0.87,Uso_del_suelo_ZP,0.00,1.000000
Rio Guadalajara,2,Rio Guadalajara - Bocatoma Acueducto Buga,Rio Guadalajara - Puente Frente vía Ferrea,16.956,21.653,620.42,620.42,100.0,31112,Bosque mixto denso bajo de tierra firme,6.16,0.99,Uso_del_suelo_ZP,0.00,1.000000
Rio Guadalajara,2,Rio Guadalajara - Bocatoma Acueducto Buga,Rio Guadalajara - Puente Frente vía Ferrea,16.956,21.653,620.42,620.42,100.0,31212,Bosque mixto abierto bajo de tierra firme,9.84,1.59,Uso_del_suelo_ZP,0.00,1.000000
Rio Guadalajara,2,Rio Guadalajara - Bocatoma Acueducto Buga,Rio Guadalajara - Puente Frente vía Ferrea,16.956,21.653,620.42,620.42,100.0,31311,Bosque mixto fragmentado con pastos y cultivos,1.12,0.18,Uso_del_suelo_ZP,0.00,1.000000
Rio Guadalajara,2,Rio Guadalajara - Bocatoma Acueducto Buga,Rio Guadalajara - Puente Frente vía Ferrea,16.956,21.653,620.42,620.42,100.0,31331,Bosque mixto fragmentado con vegetación natural,6.85,1.10,Uso_del_suelo_ZP,0.00,1.000000
Rio Guadalajara,2,Rio Guadalajara - Bocatoma Acueducto Buga,Rio Guadalajara - Puente Frente vía Ferrea,16.956,21.653,620.42,620.42,100.0,31351,Bosque mixto relictual,0.07,0.01,Uso_del_suelo_ZP,0.00,1.000000
Rio Guadalajara,2,Rio Guadalajara - Bocatoma Acueducto Buga,Rio Guadalajara - Puente Frente vía Ferrea,16.956,21.653,620.42,620.42,100.0,31352,Bosque de guadua,0.89,0.14,Uso_del_suelo_ZP,0.00,1.000000
Rio Guadalajara,2,Rio Guadalajara - Bocatoma Acueducto Buga,Rio Guadalajara - Puente Frente vía Ferrea,16.956,21.653,620.42,620.42,100.0,32110,Arbustal y matorral denso alto de tierra firme,10.21,1.65,Uso_del_suelo_ZP,0.00,1.000000
Rio Guadalajara,2,Rio Guadalajara - Bocatoma Acueducto Buga,Rio Guadalajara - Puente Frente vía Ferrea,16.956,21.653,620.42,620.42,100.0,32111,Arbustal y matorral denso bajo de tierra firme,29.34,4.73,Uso_del_suelo_ZP,0.00,1.000000
Rio Guadalajara,2,Rio Guadalajara - Bocatoma Acueducto Buga,Rio Guadalajara - Puente Frente vía Ferrea,16.956,21.653,620.42,620.42,100.0,32210,Arbustal y matorral abierto alto de tierra firme,21.42,3.45,Uso_del_suelo_ZP,0.00,1.000000
Rio Guadalajara,2,Rio Guadalajara - Bocatoma Acueducto Buga,Rio Guadalajara - Puente Frente vía Ferrea,16.956,21.653,620.42,620.42,100.0,32211,Arbustal y matorral abierto bajo de tierra firme,76.30,12.30,Uso_del_suelo_ZP,0.00,1.000000
Rio Guadalajara,2,Rio Guadalajara - Bocatoma Acueducto Buga,Rio Guadalajara - Puente Frente vía Ferrea,16.956,21.653,620.42,620.42,100.0,32310,Vegetación secundaria o transición,2.26,0.36,Uso_del_suelo_ZP,0.00,1.000000
Rio Guadalajara,2,Rio Guadalajara - Bocatoma Acueducto Buga,Rio Guadalajara - Puente Frente vía Ferrea,16.956,21.653,620.42,620.42,100.0,35221,Áreas naturales desnudas,1.15,0.19,Uso_del_suelo_ZP,0.00,1.000000
Rio Guadalajara,2,Rio Guadalajara - Bocatoma Acueducto Buga,Rio Guadalajara - Puente Frente vía Ferrea,16.956,21.653,620.42,620.42,100.0,41110,Otros cuerpos de agua,0.71,0.11,Uso_del_suelo_ZP,0.00,1.000000
Rio Guadalajara,2,Rio Guadalajara - Bocatoma Acueducto Buga,Rio Guadalajara - Puente Frente vía Ferrea,16.956,21.653,620.42,620.42,100.0,41120,Ríos,10.50,1.69,Uso_del_suelo_ZP,0.00,1.000000
Rio Guadalajara,2,Rio Guadalajara - Bocatoma Acueducto Buga,Rio Guadalajara - Puente Frente vía Ferrea,16.956,21.653,620.42,620.42,100.0,41220,Estanques artificiales / reservorios,0.28,0.05,Uso_del_suelo_ZP,0.00,1.000000
Rio Guadalajara,3,Rio Guadalajara - Puente Frente vía Ferrea,Rio Guadalajara - antes desembocadura a Rio Cauca (El Porvenir),21.653,26.183,687.41,687.41,100.0,11111,Zonas urbanas continuas,37.85,5.51,Uso_del_suelo_ZP,408.15,1.505803
Rio Guadalajara,3,Rio Guadalajara - Puente Frente vía Ferrea,Rio Guadalajara - antes desembocadura a Rio Cauca (El Porvenir),21.653,26.183,687.41,687.41,100.0,11211,Zonas urbanas discontinuas,10.35,1.51,Uso_del_suelo_ZP,408.15,1.505803
Rio Guadalajara,3,Rio Guadalajara - Puente Frente vía Ferrea,Rio Guadalajara - antes desembocadura a Rio Cauca (El Porvenir),21.653,26.183,687.41,687.41,100.0,12111,Otras superficies artificiales con construcción,66.15,9.62,Uso_del_suelo_ZP,408.15,1.505803
Rio Guadalajara,3,Rio Guadalajara - Puente Frente vía Ferrea,Rio Guadalajara - antes desembocadura a Rio Cauca (El Porvenir),21.653,26.183,687.41,687.41,100.0,12211,Otras superficies artificiales sin construcción,38.30,5.57,Uso_del_suelo_ZP,408.15,1.505803
Rio Guadalajara,3,Rio Guadalajara - Puente Frente vía Ferrea,Rio Guadalajara - antes desembocadura a Rio Cauca (El Porvenir),21.653,26.183,687.41,687.41,100.0,21221,Misceláneo de árboles frutales,1.79,0.26,Uso_del_suelo_ZP,408.15,1.505803
Rio Guadalajara,3,Rio Guadalajara - Puente Frente vía Ferrea,Rio Guadalajara - antes desembocadura a Rio Cauca (El Porvenir),21.653,26.183,687.41,687.41,100.0,21230,Misceláneo de cítricos,1.30,0.19,Uso_del_suelo_ZP,408.15,1.505803
Rio Guadalajara,3,Rio Guadalajara - Puente Frente vía Ferrea,Rio Guadalajara - antes desembocadura a Rio Cauca (El Porvenir),21.653,26.183,687.41,687.41,100.0,22171,Caña de azúcar,266.90,38.83,Hectareas_CZ,408.15,1.505803
Rio Guadalajara,3,Rio Guadalajara - Puente Frente vía Ferrea,Rio Guadalajara - antes desembocadura a Rio Cauca (El Porvenir),21.653,26.183,687.41,687.41,100.0,22181,Maíz,1.01,0.15,Uso_del_suelo_ZP,408.15,1.505803
Rio Guadalajara,3,Rio Guadalajara - Puente Frente vía Ferrea,Rio Guadalajara - antes desembocadura a Rio Cauca (El Porvenir),21.653,26.183,687.41,687.41,100.0,23110,Otros cultivos herbáceos plantados densos,0.96,0.14,Uso_del_suelo_ZP,408.15,1.505803
Rio Guadalajara,3,Rio Guadalajara - Puente Frente vía Ferrea,Rio Guadalajara - antes desembocadura a Rio Cauca (El Porvenir),21.653,26.183,687.41,687.41,100.0,23131,Sorgo,0.94,0.14,Uso_del_suelo_ZP,408.15,1.505803
Rio Guadalajara,3,Rio Guadalajara - Puente Frente vía Ferrea,Rio Guadalajara - antes desembocadura a Rio Cauca (El Porvenir),21.653,26.183,687.41,687.41,100.0,23170,Pasto cultivado,58.42,8.50,Uso_del_suelo_ZP,408.15,1.505803
Rio Guadalajara,3,Rio Guadalajara - Puente Frente vía Ferrea,Rio Guadalajara - antes desembocadura a Rio Cauca (El Porvenir),21.653,26.183,687.41,687.41,100.0,23171,Pasto cultivado arbolado,54.19,7.88,Uso_del_suelo_ZP,408.15,1.505803
Rio Guadalajara,3,Rio Guadalajara - Puente Frente vía Ferrea,Rio Guadalajara - antes desembocadura a Rio Cauca (El Porvenir),21.653,26.183,687.41,687.41,100.0,23172,Pasto cultivado enmalezado,13.33,1.94,Uso_del_suelo_ZP,408.15,1.505803
Rio Guadalajara,3,Rio Guadalajara - Puente Frente vía Ferrea,Rio Guadalajara - antes desembocadura a Rio Cauca (El Porvenir),21.653,26.183,687.41,687.41,100.0,23231,Maracuyá,1.58,0.23,Uso_del_suelo_ZP,408.15,1.505803
Rio Guadalajara,3,Rio Guadalajara - Puente Frente vía Ferrea,Rio Guadalajara - antes desembocadura a Rio Cauca (El Porvenir),21.653,26.183,687.41,687.41,100.0,23411,Otros cultivos confinados,2.02,0.29,Uso_del_suelo_ZP,408.15,1.505803
Rio Guadalajara,3,Rio Guadalajara - Puente Frente vía Ferrea,Rio Guadalajara - antes desembocadura a Rio Cauca (El Porvenir),21.653,26.183,687.41,687.41,100.0,24130,Misceláneo de pastos y cultivos,5.86,0.85,Uso_del_suelo_ZP,408.15,1.505803
Rio Guadalajara,3,Rio Guadalajara - Puente Frente vía Ferrea,Rio Guadalajara - antes desembocadura a Rio Cauca (El Porvenir),21.653,26.183,687.41,687.41,100.0,25210,Áreas de cultivo con suelo desnudo,11.03,1.60,Uso_del_suelo_ZP,408.15,1.505803
Rio Guadalajara,3,Rio Guadalajara - Puente Frente vía Ferrea,Rio Guadalajara - antes desembocadura a Rio Cauca (El Porvenir),21.653,26.183,687.41,687.41,100.0,31112,Bosque mixto denso bajo de tierra firme,10.89,1.58,Uso_del_suelo_ZP,408.15,1.505803
Rio Guadalajara,3,Rio Guadalajara - Puente Frente vía Ferrea,Rio Guadalajara - antes desembocadura a Rio Cauca (El Porvenir),21.653,26.183,687.41,687.41,100.0,31211,Bosque mixto abierto alto de tierra firme,1.31,0.19,Uso_del_suelo_ZP,408.15,1.505803
Rio Guadalajara,3,Rio Guadalajara - Puente Frente vía Ferrea,Rio Guadalajara - antes desembocadura a Rio Cauca (El Porvenir),21.653,26.183,687.41,687.41,100.0,31212,Bosque mixto abierto bajo de tierra firme,4.58,0.67,Uso_del_suelo_ZP,408.15,1.505803
Rio Guadalajara,3,Rio Guadalajara - Puente Frente vía Ferrea,Rio Guadalajara - antes desembocadura a Rio Cauca (El Porvenir),21.653,26.183,687.41,687.41,100.0,31311,Bosque mixto fragmentado con pastos y cultivos,1.86,0.27,Uso_del_suelo_ZP,408.15,1.505803
Rio Guadalajara,3,Rio Guadalajara - Puente Frente vía Ferrea,Rio Guadalajara - antes desembocadura a Rio Cauca (El Porvenir),21.653,26.183,687.41,687.41,100.0,31331,Bosque mixto fragmentado con vegetación natural,2.63,0.38,Uso_del_suelo_ZP,408.15,1.505803
Rio Guadalajara,3,Rio Guadalajara - Puente Frente vía Ferrea,Rio Guadalajara - antes desembocadura a Rio Cauca (El Porvenir),21.653,26.183,687.41,687.41,100.0,31352,Bosque de guadua,5.59,0.81,Uso_del_suelo_ZP,408.15,1.505803
Rio Guadalajara,3,Rio Guadalajara - Puente Frente vía Ferrea,Rio Guadalajara - antes desembocadura a Rio Cauca (El Porvenir),21.653,26.183,687.41,687.41,100.0,32110,Arbustal y matorral denso alto de tierra firme,2.57,0.37,Uso_del_suelo_ZP,408.15,1.505803
Rio Guadalajara,3,Rio Guadalajara - Puente Frente vía Ferrea,Rio Guadalajara - antes desembocadura a Rio Cauca (El Porvenir),21.653,26.183,687.41,687.41,100.0,32111,Arbustal y matorral denso bajo de tierra firme,2.62,0.38,Uso_del_suelo_ZP,408.15,1.505803
Rio Guadalajara,3,Rio Guadalajara - Puente Frente vía Ferrea,Rio Guadalajara - antes desembocadura a Rio Cauca (El Porvenir),21.653,26.183,687.41,687.41,100.0,32120,Arbustal y matorral denso alto inundable,0.82,0.12,Uso_del_suelo_ZP,408.15,1.505803
Rio Guadalajara,3,Rio Guadalajara - Puente Frente vía Ferrea,Rio Guadalajara - antes desembocadura a Rio Cauca (El Porvenir),21.653,26.183,687.41,687.41,100.0,32210,Arbustal y matorral abierto alto de tierra firme,14.99,2.18,Uso_del_suelo_ZP,408.15,1.505803
Rio Guadalajara,3,Rio Guadalajara - Puente Frente vía Ferrea,Rio Guadalajara - antes desembocadura a Rio Cauca (El Porvenir),21.653,26.183,687.41,687.41,100.0,32211,Arbustal y matorral abierto bajo de tierra firme,2.13,0.31,Uso_del_suelo_ZP,408.15,1.505803
Rio Guadalajara,3,Rio Guadalajara - Puente Frente vía Ferrea,Rio Guadalajara - antes desembocadura a Rio Cauca (El Porvenir),21.653,26.183,687.41,687.41,100.0,32221,Arbustal y matorral abierto bajo inundable,0.65,0.09,Uso_del_suelo_ZP,408.15,1.505803
Rio Guadalajara,3,Rio Guadalajara - Puente Frente vía Ferrea,Rio Guadalajara - antes desembocadura a Rio Cauca (El Porvenir),21.653,26.183,687.41,687.41,100.0,32310,Vegetación secundaria o transición,0.50,0.07,Uso_del_suelo_ZP,408.15,1.505803
Rio Guadalajara,3,Rio Guadalajara - Puente Frente vía Ferrea,Rio Guadalajara - antes desembocadura a Rio Cauca (El Porvenir),21.653,26.183,687.41,687.41,100.0,41120,Ríos,43.21,6.29,Uso_del_suelo_ZP,408.15,1.505803
Rio Guadalajara,3,Rio Guadalajara - Puente Frente vía Ferrea,Rio Guadalajara - antes desembocadura a Rio Cauca (El Porvenir),21.653,26.183,687.41,687.41,100.0,41144,Otras superficies pantanosas,5.66,0.82,Uso_del_suelo_ZP,408.15,1.505803
Rio Guadalajara,3,Rio Guadalajara - Puente Frente vía Ferrea,Rio Guadalajara - antes desembocadura a Rio Cauca (El Porvenir),21.653,26.183,687.41,687.41,100.0,41221,Canal,1.15,0.17,Uso_del_suelo_ZP,408.15,1.505803
Rio Guadalajara,3,Rio Guadalajara - Puente Frente vía Ferrea,Rio Guadalajara - antes desembocadura a Rio Cauca (El Porvenir),21.653,26.183,687.41,687.41,100.0,41310,Superficies de inundación temporal,14.17,2.06,Uso_del_suelo_ZP,408.15,1.505803
Rio Guadalajara,3,Rio Guadalajara - Puente Frente vía Ferrea,Rio Guadalajara - antes desembocadura a Rio Cauca (El Porvenir),21.653,26.183,687.41,687.41,100.0,41410,Arenal,0.10,0.01,Uso_del_suelo_ZP,408.15,1.505803
Rio La Paila,1,Rio La Paila - Puente Paila arriba - vía a Sevilla,Rio La Paila - antes desembocadura del rio Totoro,0.000,38.256,2628.65,2628.65,100.0,11211,Zonas urbanas discontinuas,8.83,0.34,Uso_del_suelo_ZP,54.38,1.000065
Rio La Paila,1,Rio La Paila - Puente Paila arriba - vía a Sevilla,Rio La Paila - antes desembocadura del rio Totoro,0.000,38.256,2628.65,2628.65,100.0,22171,Caña de azúcar,54.21,2.06,Hectareas_CZ,54.38,1.000065
Rio La Paila,1,Rio La Paila - Puente Paila arriba - vía a Sevilla,Rio La Paila - antes desembocadura del rio Totoro,0.000,38.256,2628.65,2628.65,100.0,22210,Otros cultivos arbustivos plantados abiertos,11.50,0.44,Uso_del_suelo_ZP,54.38,1.000065
Rio La Paila,1,Rio La Paila - Puente Paila arriba - vía a Sevilla,Rio La Paila - antes desembocadura del rio Totoro,0.000,38.256,2628.65,2628.65,100.0,23110,Otros cultivos herbáceos plantados densos,16.18,0.62,Uso_del_suelo_ZP,54.38,1.000065
Rio La Paila,1,Rio La Paila - Puente Paila arriba - vía a Sevilla,Rio La Paila - antes desembocadura del rio Totoro,0.000,38.256,2628.65,2628.65,100.0,23115,Piña,1.66,0.06,Uso_del_suelo_ZP,54.38,1.000065
Rio La Paila,1,Rio La Paila - Puente Paila arriba - vía a Sevilla,Rio La Paila - antes desembocadura del rio Totoro,0.000,38.256,2628.65,2628.65,100.0,23170,Pasto cultivado,1436.18,54.64,Uso_del_suelo_ZP,54.38,1.000065
Rio La Paila,1,Rio La Paila - Puente Paila arriba - vía a Sevilla,Rio La Paila - antes desembocadura del rio Totoro,0.000,38.256,2628.65,2628.65,100.0,23171,Pasto cultivado arbolado,54.70,2.08,Uso_del_suelo_ZP,54.38,1.000065
Rio La Paila,1,Rio La Paila - Puente Paila arriba - vía a Sevilla,Rio La Paila - antes desembocadura del rio Totoro,0.000,38.256,2628.65,2628.65,100.0,23172,Pasto cultivado enmalezado,94.18,3.58,Uso_del_suelo_ZP,54.38,1.000065
Rio La Paila,1,Rio La Paila - Puente Paila arriba - vía a Sevilla,Rio La Paila - antes desembocadura del rio Totoro,0.000,38.256,2628.65,2628.65,100.0,24130,Misceláneo de pastos y cultivos,139.00,5.29,Uso_del_suelo_ZP,54.38,1.000065
Rio La Paila,1,Rio La Paila - Puente Paila arriba - vía a Sevilla,Rio La Paila - antes desembocadura del rio Totoro,0.000,38.256,2628.65,2628.65,100.0,24140,Misceláneo de cultivos y espacios naturales,11.18,0.43,Uso_del_suelo_ZP,54.38,1.000065
Rio La Paila,1,Rio La Paila - Puente Paila arriba - vía a Sevilla,Rio La Paila - antes desembocadura del rio Totoro,0.000,38.256,2628.65,2628.65,100.0,24150,Misceláneo de pastos y espacios naturales,14.43,0.55,Uso_del_suelo_ZP,54.38,1.000065
Rio La Paila,1,Rio La Paila - Puente Paila arriba - vía a Sevilla,Rio La Paila - antes desembocadura del rio Totoro,0.000,38.256,2628.65,2628.65,100.0,25210,Áreas de cultivo con suelo desnudo,46.76,1.78,Uso_del_suelo_ZP,54.38,1.000065
Rio La Paila,1,Rio La Paila - Puente Paila arriba - vía a Sevilla,Rio La Paila - antes desembocadura del rio Totoro,0.000,38.256,2628.65,2628.65,100.0,31111,Bosque mixto denso alto de tierra firme,60.26,2.29,Uso_del_suelo_ZP,54.38,1.000065
Rio La Paila,1,Rio La Paila - Puente Paila arriba - vía a Sevilla,Rio La Paila - antes desembocadura del rio Totoro,0.000,38.256,2628.65,2628.65,100.0,31112,Bosque mixto denso bajo de tierra firme,50.06,1.90,Uso_del_suelo_ZP,54.38,1.000065
Rio La Paila,1,Rio La Paila - Puente Paila arriba - vía a Sevilla,Rio La Paila - antes desembocadura del rio Totoro,0.000,38.256,2628.65,2628.65,100.0,31211,Bosque mixto abierto alto de tierra firme,52.66,2.00,Uso_del_suelo_ZP,54.38,1.000065
Rio La Paila,1,Rio La Paila - Puente Paila arriba - vía a Sevilla,Rio La Paila - antes desembocadura del rio Totoro,0.000,38.256,2628.65,2628.65,100.0,31212,Bosque mixto abierto bajo de tierra firme,78.40,2.98,Uso_del_suelo_ZP,54.38,1.000065
Rio La Paila,1,Rio La Paila - Puente Paila arriba - vía a Sevilla,Rio La Paila - antes desembocadura del rio Totoro,0.000,38.256,2628.65,2628.65,100.0,31311,Bosque mixto fragmentado con pastos y cultivos,31.37,1.19,Uso_del_suelo_ZP,54.38,1.000065
Rio La Paila,1,Rio La Paila - Puente Paila arriba - vía a Sevilla,Rio La Paila - antes desembocadura del rio Totoro,0.000,38.256,2628.65,2628.65,100.0,31331,Bosque mixto fragmentado con vegetación natural,15.14,0.58,Uso_del_suelo_ZP,54.38,1.000065
Rio La Paila,1,Rio La Paila - Puente Paila arriba - vía a Sevilla,Rio La Paila - antes desembocadura del rio Totoro,0.000,38.256,2628.65,2628.65,100.0,31352,Bosque de guadua,271.75,10.34,Uso_del_suelo_ZP,54.38,1.000065
Rio La Paila,1,Rio La Paila - Puente Paila arriba - vía a Sevilla,Rio La Paila - antes desembocadura del rio Totoro,0.000,38.256,2628.65,2628.65,100.0,32110,Arbustal y matorral denso alto de tierra firme,18.17,0.69,Uso_del_suelo_ZP,54.38,1.000065
Rio La Paila,1,Rio La Paila - Puente Paila arriba - vía a Sevilla,Rio La Paila - antes desembocadura del rio Totoro,0.000,38.256,2628.65,2628.65,100.0,32111,Arbustal y matorral denso bajo de tierra firme,12.74,0.48,Uso_del_suelo_ZP,54.38,1.000065
Rio La Paila,1,Rio La Paila - Puente Paila arriba - vía a Sevilla,Rio La Paila - antes desembocadura del rio Totoro,0.000,38.256,2628.65,2628.65,100.0,32210,Arbustal y matorral abierto alto de tierra firme,31.53,1.20,Uso_del_suelo_ZP,54.38,1.000065
Rio La Paila,1,Rio La Paila - Puente Paila arriba - vía a Sevilla,Rio La Paila - antes desembocadura del rio Totoro,0.000,38.256,2628.65,2628.65,100.0,32211,Arbustal y matorral abierto bajo de tierra firme,46.87,1.78,Uso_del_suelo_ZP,54.38,1.000065
Rio La Paila,1,Rio La Paila - Puente Paila arriba - vía a Sevilla,Rio La Paila - antes desembocadura del rio Totoro,0.000,38.256,2628.65,2628.65,100.0,32310,Vegetación secundaria o transición,1.01,0.04,Uso_del_suelo_ZP,54.38,1.000065
Rio La Paila,1,Rio La Paila - Puente Paila arriba - vía a Sevilla,Rio La Paila - antes desembocadura del rio Totoro,0.000,38.256,2628.65,2628.65,100.0,33121,Herbazal natural denso inundable arbolado,0.81,0.03,Uso_del_suelo_ZP,54.38,1.000065
Rio La Paila,1,Rio La Paila - Puente Paila arriba - vía a Sevilla,Rio La Paila - antes desembocadura del rio Totoro,0.000,38.256,2628.65,2628.65,100.0,41220,Estanques artificiales / reservorios,2.66,0.10,Uso_del_suelo_ZP,54.38,1.000065
Rio La Paila,1,Rio La Paila - Puente Paila arriba - vía a Sevilla,Rio La Paila - antes desembocadura del rio Totoro,0.000,38.256,2628.65,2628.65,100.0,41410,Arenal,66.42,2.53,Uso_del_suelo_ZP,54.38,1.000065
Rio La Paila,2,Rio La Paila - antes desembocadura del rio Totoro,Rio La Paila - Planta Acuavalle,38.256,41.749,340.75,340.75,100.0,12211,Otras superficies artificiales sin construcción,0.40,0.12,Uso_del_suelo_ZP,3.41,1.000023
Rio La Paila,2,Rio La Paila - antes desembocadura del rio Totoro,Rio La Paila - Planta Acuavalle,38.256,41.749,340.75,340.75,100.0,21221,Misceláneo de árboles frutales,2.49,0.73,Uso_del_suelo_ZP,3.41,1.000023
Rio La Paila,2,Rio La Paila - antes desembocadura del rio Totoro,Rio La Paila - Planta Acuavalle,38.256,41.749,340.75,340.75,100.0,22171,Caña de azúcar,3.40,1.00,Hectareas_CZ,3.41,1.000023
Rio La Paila,2,Rio La Paila - antes desembocadura del rio Totoro,Rio La Paila - Planta Acuavalle,38.256,41.749,340.75,340.75,100.0,23115,Piña,0.30,0.09,Uso_del_suelo_ZP,3.41,1.000023
Rio La Paila,2,Rio La Paila - antes desembocadura del rio Totoro,Rio La Paila - Planta Acuavalle,38.256,41.749,340.75,340.75,100.0,23170,Pasto cultivado,157.36,46.18,Uso_del_suelo_ZP,3.41,1.000023
Rio La Paila,2,Rio La Paila - antes desembocadura del rio Totoro,Rio La Paila - Planta Acuavalle,38.256,41.749,340.75,340.75,100.0,23171,Pasto cultivado arbolado,13.72,4.03,Uso_del_suelo_ZP,3.41,1.000023
Rio La Paila,2,Rio La Paila - antes desembocadura del rio Totoro,Rio La Paila - Planta Acuavalle,38.256,41.749,340.75,340.75,100.0,23172,Pasto cultivado enmalezado,15.12,4.44,Uso_del_suelo_ZP,3.41,1.000023
Rio La Paila,2,Rio La Paila - antes desembocadura del rio Totoro,Rio La Paila - Planta Acuavalle,38.256,41.749,340.75,340.75,100.0,24130,Misceláneo de pastos y cultivos,5.46,1.60,Uso_del_suelo_ZP,3.41,1.000023
Rio La Paila,2,Rio La Paila - antes desembocadura del rio Totoro,Rio La Paila - Planta Acuavalle,38.256,41.749,340.75,340.75,100.0,24140,Misceláneo de cultivos y espacios naturales,6.31,1.85,Uso_del_suelo_ZP,3.41,1.000023
Rio La Paila,2,Rio La Paila - antes desembocadura del rio Totoro,Rio La Paila - Planta Acuavalle,38.256,41.749,340.75,340.75,100.0,31111,Bosque mixto denso alto de tierra firme,8.34,2.45,Uso_del_suelo_ZP,3.41,1.000023
Rio La Paila,2,Rio La Paila - antes desembocadura del rio Totoro,Rio La Paila - Planta Acuavalle,38.256,41.749,340.75,340.75,100.0,31112,Bosque mixto denso bajo de tierra firme,4.40,1.29,Uso_del_suelo_ZP,3.41,1.000023
Rio La Paila,2,Rio La Paila - antes desembocadura del rio Totoro,Rio La Paila - Planta Acuavalle,38.256,41.749,340.75,340.75,100.0,31211,Bosque mixto abierto alto de tierra firme,6.47,1.90,Uso_del_suelo_ZP,3.41,1.000023
Rio La Paila,2,Rio La Paila - antes desembocadura del rio Totoro,Rio La Paila - Planta Acuavalle,38.256,41.749,340.75,340.75,100.0,31212,Bosque mixto abierto bajo de tierra firme,9.08,2.67,Uso_del_suelo_ZP,3.41,1.000023
Rio La Paila,2,Rio La Paila - antes desembocadura del rio Totoro,Rio La Paila - Planta Acuavalle,38.256,41.749,340.75,340.75,100.0,31311,Bosque mixto fragmentado con pastos y cultivos,6.18,1.81,Uso_del_suelo_ZP,3.41,1.000023
Rio La Paila,2,Rio La Paila - antes desembocadura del rio Totoro,Rio La Paila - Planta Acuavalle,38.256,41.749,340.75,340.75,100.0,31331,Bosque mixto fragmentado con vegetación natural,5.93,1.74,Uso_del_suelo_ZP,3.41,1.000023
Rio La Paila,2,Rio La Paila - antes desembocadura del rio Totoro,Rio La Paila - Planta Acuavalle,38.256,41.749,340.75,340.75,100.0,31352,Bosque de guadua,44.57,13.08,Uso_del_suelo_ZP,3.41,1.000023
Rio La Paila,2,Rio La Paila - antes desembocadura del rio Totoro,Rio La Paila - Planta Acuavalle,38.256,41.749,340.75,340.75,100.0,32110,Arbustal y matorral denso alto de tierra firme,2.70,0.79,Uso_del_suelo_ZP,3.41,1.000023
Rio La Paila,2,Rio La Paila - antes desembocadura del rio Totoro,Rio La Paila - Planta Acuavalle,38.256,41.749,340.75,340.75,100.0,32111,Arbustal y matorral denso bajo de tierra firme,11.80,3.46,Uso_del_suelo_ZP,3.41,1.000023
Rio La Paila,2,Rio La Paila - antes desembocadura del rio Totoro,Rio La Paila - Planta Acuavalle,38.256,41.749,340.75,340.75,100.0,32210,Arbustal y matorral abierto alto de tierra firme,20.85,6.12,Uso_del_suelo_ZP,3.41,1.000023
Rio La Paila,2,Rio La Paila - antes desembocadura del rio Totoro,Rio La Paila - Planta Acuavalle,38.256,41.749,340.75,340.75,100.0,32211,Arbustal y matorral abierto bajo de tierra firme,5.83,1.71,Uso_del_suelo_ZP,3.41,1.000023
Rio La Paila,2,Rio La Paila - antes desembocadura del rio Totoro,Rio La Paila - Planta Acuavalle,38.256,41.749,340.75,340.75,100.0,41410,Arenal,10.01,2.94,Uso_del_suelo_ZP,3.41,1.000023
Rio La Paila,3,Rio La Paila - Planta Acuavalle,Rio La Paila - Antes desembocadura a Rio Cauca,41.749,66.470,2747.15,2747.15,100.0,11111,Zonas urbanas continuas,40.08,1.46,Uso_del_suelo_ZP,1556.45,1.147102
Rio La Paila,3,Rio La Paila - Planta Acuavalle,Rio La Paila - Antes desembocadura a Rio Cauca,41.749,66.470,2747.15,2747.15,100.0,11211,Zonas urbanas discontinuas,2.10,0.08,Uso_del_suelo_ZP,1556.45,1.147102
Rio La Paila,3,Rio La Paila - Planta Acuavalle,Rio La Paila - Antes desembocadura a Rio Cauca,41.749,66.470,2747.15,2747.15,100.0,12111,Otras superficies artificiales con construcción,10.56,0.38,Uso_del_suelo_ZP,1556.45,1.147102
Rio La Paila,3,Rio La Paila - Planta Acuavalle,Rio La Paila - Antes desembocadura a Rio Cauca,41.749,66.470,2747.15,2747.15,100.0,12211,Otras superficies artificiales sin construcción,28.29,1.03,Uso_del_suelo_ZP,1556.45,1.147102
Rio La Paila,3,Rio La Paila - Planta Acuavalle,Rio La Paila - Antes desembocadura a Rio Cauca,41.749,66.470,2747.15,2747.15,100.0,22171,Caña de azúcar,1381.30,50.28,Hectareas_CZ,1556.45,1.147102
Rio La Paila,3,Rio La Paila - Planta Acuavalle,Rio La Paila - Antes desembocadura a Rio Cauca,41.749,66.470,2747.15,2747.15,100.0,22181,Maíz,2.74,0.10,Uso_del_suelo_ZP,1556.45,1.147102
Rio La Paila,3,Rio La Paila - Planta Acuavalle,Rio La Paila - Antes desembocadura a Rio Cauca,41.749,66.470,2747.15,2747.15,100.0,22210,Otros cultivos arbustivos plantados abiertos,7.53,0.27,Uso_del_suelo_ZP,1556.45,1.147102
Rio La Paila,3,Rio La Paila - Planta Acuavalle,Rio La Paila - Antes desembocadura a Rio Cauca,41.749,66.470,2747.15,2747.15,100.0,23161,Pasto de corte,2.70,0.10,Uso_del_suelo_ZP,1556.45,1.147102
Rio La Paila,3,Rio La Paila - Planta Acuavalle,Rio La Paila - Antes desembocadura a Rio Cauca,41.749,66.470,2747.15,2747.15,100.0,23170,Pasto cultivado,408.58,14.87,Uso_del_suelo_ZP,1556.45,1.147102
Rio La Paila,3,Rio La Paila - Planta Acuavalle,Rio La Paila - Antes desembocadura a Rio Cauca,41.749,66.470,2747.15,2747.15,100.0,23171,Pasto cultivado arbolado,80.12,2.92,Uso_del_suelo_ZP,1556.45,1.147102
Rio La Paila,3,Rio La Paila - Planta Acuavalle,Rio La Paila - Antes desembocadura a Rio Cauca,41.749,66.470,2747.15,2747.15,100.0,23172,Pasto cultivado enmalezado,57.27,2.08,Uso_del_suelo_ZP,1556.45,1.147102
Rio La Paila,3,Rio La Paila - Planta Acuavalle,Rio La Paila - Antes desembocadura a Rio Cauca,41.749,66.470,2747.15,2747.15,100.0,24130,Misceláneo de pastos y cultivos,10.45,0.38,Uso_del_suelo_ZP,1556.45,1.147102
Rio La Paila,3,Rio La Paila - Planta Acuavalle,Rio La Paila - Antes desembocadura a Rio Cauca,41.749,66.470,2747.15,2747.15,100.0,24140,Misceláneo de cultivos y espacios naturales,11.13,0.41,Uso_del_suelo_ZP,1556.45,1.147102
Rio La Paila,3,Rio La Paila - Planta Acuavalle,Rio La Paila - Antes desembocadura a Rio Cauca,41.749,66.470,2747.15,2747.15,100.0,25210,Áreas de cultivo con suelo desnudo,8.81,0.32,Uso_del_suelo_ZP,1556.45,1.147102
Rio La Paila,3,Rio La Paila - Planta Acuavalle,Rio La Paila - Antes desembocadura a Rio Cauca,41.749,66.470,2747.15,2747.15,100.0,31111,Bosque mixto denso alto de tierra firme,33.56,1.22,Uso_del_suelo_ZP,1556.45,1.147102
Rio La Paila,3,Rio La Paila - Planta Acuavalle,Rio La Paila - Antes desembocadura a Rio Cauca,41.749,66.470,2747.15,2747.15,100.0,31112,Bosque mixto denso bajo de tierra firme,56.57,2.06,Uso_del_suelo_ZP,1556.45,1.147102
Rio La Paila,3,Rio La Paila - Planta Acuavalle,Rio La Paila - Antes desembocadura a Rio Cauca,41.749,66.470,2747.15,2747.15,100.0,31211,Bosque mixto abierto alto de tierra firme,37.45,1.36,Uso_del_suelo_ZP,1556.45,1.147102
Rio La Paila,3,Rio La Paila - Planta Acuavalle,Rio La Paila - Antes desembocadura a Rio Cauca,41.749,66.470,2747.15,2747.15,100.0,31212,Bosque mixto abierto bajo de tierra firme,84.64,3.08,Uso_del_suelo_ZP,1556.45,1.147102
Rio La Paila,3,Rio La Paila - Planta Acuavalle,Rio La Paila - Antes desembocadura a Rio Cauca,41.749,66.470,2747.15,2747.15,100.0,31311,Bosque mixto fragmentado con pastos y cultivos,94.06,3.42,Uso_del_suelo_ZP,1556.45,1.147102
Rio La Paila,3,Rio La Paila - Planta Acuavalle,Rio La Paila - Antes desembocadura a Rio Cauca,41.749,66.470,2747.15,2747.15,100.0,31331,Bosque mixto fragmentado con vegetación natural,45.17,1.64,Uso_del_suelo_ZP,1556.45,1.147102
Rio La Paila,3,Rio La Paila - Planta Acuavalle,Rio La Paila - Antes desembocadura a Rio Cauca,41.749,66.470,2747.15,2747.15,100.0,31351,Bosque mixto relictual,0.84,0.03,Uso_del_suelo_ZP,1556.45,1.147102
Rio La Paila,3,Rio La Paila - Planta Acuavalle,Rio La Paila - Antes desembocadura a Rio Cauca,41.749,66.470,2747.15,2747.15,100.0,31352,Bosque de guadua,96.99,3.53,Uso_del_suelo_ZP,1556.45,1.147102
Rio La Paila,3,Rio La Paila - Planta Acuavalle,Rio La Paila - Antes desembocadura a Rio Cauca,41.749,66.470,2747.15,2747.15,100.0,32110,Arbustal y matorral denso alto de tierra firme,7.96,0.29,Uso_del_suelo_ZP,1556.45,1.147102
Rio La Paila,3,Rio La Paila - Planta Acuavalle,Rio La Paila - Antes desembocadura a Rio Cauca,41.749,66.470,2747.15,2747.15,100.0,32111,Arbustal y matorral denso bajo de tierra firme,3.72,0.14,Uso_del_suelo_ZP,1556.45,1.147102
Rio La Paila,3,Rio La Paila - Planta Acuavalle,Rio La Paila - Antes desembocadura a Rio Cauca,41.749,66.470,2747.15,2747.15,100.0,32210,Arbustal y matorral abierto alto de tierra firme,37.14,1.35,Uso_del_suelo_ZP,1556.45,1.147102
Rio La Paila,3,Rio La Paila - Planta Acuavalle,Rio La Paila - Antes desembocadura a Rio Cauca,41.749,66.470,2747.15,2747.15,100.0,32211,Arbustal y matorral abierto bajo de tierra firme,72.93,2.65,Uso_del_suelo_ZP,1556.45,1.147102
Rio La Paila,3,Rio La Paila - Planta Acuavalle,Rio La Paila - Antes desembocadura a Rio Cauca,41.749,66.470,2747.15,2747.15,100.0,32221,Arbustal y matorral abierto bajo inundable,1.43,0.05,Uso_del_suelo_ZP,1556.45,1.147102
Rio La Paila,3,Rio La Paila - Planta Acuavalle,Rio La Paila - Antes desembocadura a Rio Cauca,41.749,66.470,2747.15,2747.15,100.0,32310,Vegetación secundaria o transición,2.92,0.11,Uso_del_suelo_ZP,1556.45,1.147102
Rio La Paila,3,Rio La Paila - Planta Acuavalle,Rio La Paila - Antes desembocadura a Rio Cauca,41.749,66.470,2747.15,2747.15,100.0,33121,Herbazal natural denso inundable arbolado,12.05,0.44,Uso_del_suelo_ZP,1556.45,1.147102
Rio La Paila,3,Rio La Paila - Planta Acuavalle,Rio La Paila - Antes desembocadura a Rio Cauca,41.749,66.470,2747.15,2747.15,100.0,41120,Ríos,67.99,2.47,Uso_del_suelo_ZP,1556.45,1.147102
Rio La Paila,3,Rio La Paila - Planta Acuavalle,Rio La Paila - Antes desembocadura a Rio Cauca,41.749,66.470,2747.15,2747.15,100.0,41220,Estanques artificiales / reservorios,14.42,0.52,Uso_del_suelo_ZP,1556.45,1.147102
Rio La Paila,3,Rio La Paila - Planta Acuavalle,Rio La Paila - Antes desembocadura a Rio Cauca,41.749,66.470,2747.15,2747.15,100.0,41221,Canal,11.89,0.43,Uso_del_suelo_ZP,1556.45,1.147102
Rio La Paila,3,Rio La Paila - Planta Acuavalle,Rio La Paila - Antes desembocadura a Rio Cauca,41.749,66.470,2747.15,2747.15,100.0,41310,Superficies de inundación temporal,4.74,0.17,Uso_del_suelo_ZP,1556.45,1.147102
Rio La Paila,3,Rio La Paila - Planta Acuavalle,Rio La Paila - Antes desembocadura a Rio Cauca,41.749,66.470,2747.15,2747.15,100.0,41410,Arenal,8.99,0.33,Uso_del_suelo_ZP,1556.45,1.147102
Rio Nima,1,Rio Nima - Antes Caserio de tenjo,Rio Nima - Antes desembocadura a rio Amaime,0.000,39.568,1415.23,1415.23,100.0,11111,Zonas urbanas continuas,47.76,3.37,Uso_del_suelo_ZP,1037.33,1.372325
Rio Nima,1,Rio Nima - Antes Caserio de tenjo,Rio Nima - Antes desembocadura a rio Amaime,0.000,39.568,1415.23,1415.23,100.0,11211,Zonas urbanas discontinuas,6.90,0.49,Uso_del_suelo_ZP,1037.33,1.372325
Rio Nima,1,Rio Nima - Antes Caserio de tenjo,Rio Nima - Antes desembocadura a rio Amaime,0.000,39.568,1415.23,1415.23,100.0,12111,Otras superficies artificiales con construcción,65.79,4.65,Uso_del_suelo_ZP,1037.33,1.372325
Rio Nima,1,Rio Nima - Antes Caserio de tenjo,Rio Nima - Antes desembocadura a rio Amaime,0.000,39.568,1415.23,1415.23,100.0,12211,Otras superficies artificiales sin construcción,22.08,1.56,Uso_del_suelo_ZP,1037.33,1.372325
Rio Nima,1,Rio Nima - Antes Caserio de tenjo,Rio Nima - Antes desembocadura a rio Amaime,0.000,39.568,1415.23,1415.23,100.0,21210,Otros cultivos arbóreos plantados abiertos,0.67,0.05,Uso_del_suelo_ZP,1037.33,1.372325
Rio Nima,1,Rio Nima - Antes Caserio de tenjo,Rio Nima - Antes desembocadura a rio Amaime,0.000,39.568,1415.23,1415.23,100.0,21221,Misceláneo de árboles frutales,1.02,0.07,Uso_del_suelo_ZP,1037.33,1.372325
Rio Nima,1,Rio Nima - Antes Caserio de tenjo,Rio Nima - Antes desembocadura a rio Amaime,0.000,39.568,1415.23,1415.23,100.0,22171,Caña de azúcar,896.63,63.36,Hectareas_CZ,1037.33,1.372325
Rio Nima,1,Rio Nima - Antes Caserio de tenjo,Rio Nima - Antes desembocadura a rio Amaime,0.000,39.568,1415.23,1415.23,100.0,22181,Maíz,21.89,1.55,Uso_del_suelo_ZP,1037.33,1.372325
Rio Nima,1,Rio Nima - Antes Caserio de tenjo,Rio Nima - Antes desembocadura a rio Amaime,0.000,39.568,1415.23,1415.23,100.0,22210,Otros cultivos arbustivos plantados abiertos,5.72,0.40,Uso_del_suelo_ZP,1037.33,1.372325
Rio Nima,1,Rio Nima - Antes Caserio de tenjo,Rio Nima - Antes desembocadura a rio Amaime,0.000,39.568,1415.23,1415.23,100.0,23110,Otros cultivos herbáceos plantados densos,8.15,0.58,Uso_del_suelo_ZP,1037.33,1.372325
Rio Nima,1,Rio Nima - Antes Caserio de tenjo,Rio Nima - Antes desembocadura a rio Amaime,0.000,39.568,1415.23,1415.23,100.0,23170,Pasto cultivado,32.91,2.33,Uso_del_suelo_ZP,1037.33,1.372325
Rio Nima,1,Rio Nima - Antes Caserio de tenjo,Rio Nima - Antes desembocadura a rio Amaime,0.000,39.568,1415.23,1415.23,100.0,23171,Pasto cultivado arbolado,2.53,0.18,Uso_del_suelo_ZP,1037.33,1.372325
Rio Nima,1,Rio Nima - Antes Caserio de tenjo,Rio Nima - Antes desembocadura a rio Amaime,0.000,39.568,1415.23,1415.23,100.0,23172,Pasto cultivado enmalezado,17.02,1.20,Uso_del_suelo_ZP,1037.33,1.372325
Rio Nima,1,Rio Nima - Antes Caserio de tenjo,Rio Nima - Antes desembocadura a rio Amaime,0.000,39.568,1415.23,1415.23,100.0,24130,Misceláneo de pastos y cultivos,7.02,0.50,Uso_del_suelo_ZP,1037.33,1.372325
Rio Nima,1,Rio Nima - Antes Caserio de tenjo,Rio Nima - Antes desembocadura a rio Amaime,0.000,39.568,1415.23,1415.23,100.0,24140,Misceláneo de cultivos y espacios naturales,0.72,0.05,Uso_del_suelo_ZP,1037.33,1.372325
Rio Nima,1,Rio Nima - Antes Caserio de tenjo,Rio Nima - Antes desembocadura a rio Amaime,0.000,39.568,1415.23,1415.23,100.0,24150,Misceláneo de pastos y espacios naturales,2.33,0.16,Uso_del_suelo_ZP,1037.33,1.372325
Rio Nima,1,Rio Nima - Antes Caserio de tenjo,Rio Nima - Antes desembocadura a rio Amaime,0.000,39.568,1415.23,1415.23,100.0,25210,Áreas de cultivo con suelo desnudo,26.80,1.89,Uso_del_suelo_ZP,1037.33,1.372325
Rio Nima,1,Rio Nima - Antes Caserio de tenjo,Rio Nima - Antes desembocadura a rio Amaime,0.000,39.568,1415.23,1415.23,100.0,31112,Bosque mixto denso bajo de tierra firme,3.82,0.27,Uso_del_suelo_ZP,1037.33,1.372325
Rio Nima,1,Rio Nima - Antes Caserio de tenjo,Rio Nima - Antes desembocadura a rio Amaime,0.000,39.568,1415.23,1415.23,100.0,31211,Bosque mixto abierto alto de tierra firme,8.72,0.62,Uso_del_suelo_ZP,1037.33,1.372325
Rio Nima,1,Rio Nima - Antes Caserio de tenjo,Rio Nima - Antes desembocadura a rio Amaime,0.000,39.568,1415.23,1415.23,100.0,31212,Bosque mixto abierto bajo de tierra firme,7.01,0.49,Uso_del_suelo_ZP,1037.33,1.372325
Rio Nima,1,Rio Nima - Antes Caserio de tenjo,Rio Nima - Antes desembocadura a rio Amaime,0.000,39.568,1415.23,1415.23,100.0,31311,Bosque mixto fragmentado con pastos y cultivos,19.45,1.37,Uso_del_suelo_ZP,1037.33,1.372325
Rio Nima,1,Rio Nima - Antes Caserio de tenjo,Rio Nima - Antes desembocadura a rio Amaime,0.000,39.568,1415.23,1415.23,100.0,31331,Bosque mixto fragmentado con vegetación natural,15.85,1.12,Uso_del_suelo_ZP,1037.33,1.372325
Rio Nima,1,Rio Nima - Antes Caserio de tenjo,Rio Nima - Antes desembocadura a rio Amaime,0.000,39.568,1415.23,1415.23,100.0,31351,Bosque mixto relictual,2.68,0.19,Uso_del_suelo_ZP,1037.33,1.372325
Rio Nima,1,Rio Nima - Antes Caserio de tenjo,Rio Nima - Antes desembocadura a rio Amaime,0.000,39.568,1415.23,1415.23,100.0,31352,Bosque de guadua,46.51,3.29,Uso_del_suelo_ZP,1037.33,1.372325
Rio Nima,1,Rio Nima - Antes Caserio de tenjo,Rio Nima - Antes desembocadura a rio Amaime,0.000,39.568,1415.23,1415.23,100.0,32110,Arbustal y matorral denso alto de tierra firme,9.98,0.71,Uso_del_suelo_ZP,1037.33,1.372325
Rio Nima,1,Rio Nima - Antes Caserio de tenjo,Rio Nima - Antes desembocadura a rio Amaime,0.000,39.568,1415.23,1415.23,100.0,32111,Arbustal y matorral denso bajo de tierra firme,7.04,0.50,Uso_del_suelo_ZP,1037.33,1.372325
Rio Nima,1,Rio Nima - Antes Caserio de tenjo,Rio Nima - Antes desembocadura a rio Amaime,0.000,39.568,1415.23,1415.23,100.0,32121,Arbustal y matorral denso bajo inundable (caña brava),31.16,2.20,Uso_del_suelo_ZP,1037.33,1.372325
Rio Nima,1,Rio Nima - Antes Caserio de tenjo,Rio Nima - Antes desembocadura a rio Amaime,0.000,39.568,1415.23,1415.23,100.0,32210,Arbustal y matorral abierto alto de tierra firme,12.19,0.86,Uso_del_suelo_ZP,1037.33,1.372325
Rio Nima,1,Rio Nima - Antes Caserio de tenjo,Rio Nima - Antes desembocadura a rio Amaime,0.000,39.568,1415.23,1415.23,100.0,32211,Arbustal y matorral abierto bajo de tierra firme,53.97,3.81,Uso_del_suelo_ZP,1037.33,1.372325
Rio Nima,1,Rio Nima - Antes Caserio de tenjo,Rio Nima - Antes desembocadura a rio Amaime,0.000,39.568,1415.23,1415.23,100.0,35221,Áreas naturales desnudas,0.17,0.01,Uso_del_suelo_ZP,1037.33,1.372325
Rio Nima,1,Rio Nima - Antes Caserio de tenjo,Rio Nima - Antes desembocadura a rio Amaime,0.000,39.568,1415.23,1415.23,100.0,41110,Otros cuerpos de agua,0.92,0.06,Uso_del_suelo_ZP,1037.33,1.372325
Rio Nima,1,Rio Nima - Antes Caserio de tenjo,Rio Nima - Antes desembocadura a rio Amaime,0.000,39.568,1415.23,1415.23,100.0,41120,Ríos,16.93,1.20,Uso_del_suelo_ZP,1037.33,1.372325
Rio Nima,1,Rio Nima - Antes Caserio de tenjo,Rio Nima - Antes desembocadura a rio Amaime,0.000,39.568,1415.23,1415.23,100.0,41144,Otras superficies pantanosas,0.61,0.04,Uso_del_suelo_ZP,1037.33,1.372325
Rio Nima,1,Rio Nima - Antes Caserio de tenjo,Rio Nima - Antes desembocadura a rio Amaime,0.000,39.568,1415.23,1415.23,100.0,41220,Estanques artificiales / reservorios,9.98,0.71,Uso_del_suelo_ZP,1037.33,1.372325
Rio Nima,1,Rio Nima - Antes Caserio de tenjo,Rio Nima - Antes desembocadura a rio Amaime,0.000,39.568,1415.23,1415.23,100.0,41410,Arenal,2.31,0.16,Uso_del_suelo_ZP,1037.33,1.372325
Rio Nima,1,Rio Nima - Antes Caserio de tenjo,Rio Nima - Antes desembocadura a rio Amaime,0.000,39.568,1415.23,1415.23,100.0,42350,Isla (código marítimo en capa continental),0.01,0.00,Uso_del_suelo_ZP,1037.33,1.372325
Rio Riofrio,1,Rio Riofrio - Rio Guayabal,Rio Riofrio - puente despues Salonica - limnigrafo CVC,0.000,25.622,6.70,6.70,100.0,11111,Zonas urbanas continuas,0.35,5.16,Uso_del_suelo_ZP,0.00,0.999999
Rio Riofrio,1,Rio Riofrio - Rio Guayabal,Rio Riofrio - puente despues Salonica - limnigrafo CVC,0.000,25.622,6.70,6.70,100.0,11211,Zonas urbanas discontinuas,0.13,1.87,Uso_del_suelo_ZP,0.00,0.999999
Rio Riofrio,1,Rio Riofrio - Rio Guayabal,Rio Riofrio - puente despues Salonica - limnigrafo CVC,0.000,25.622,6.70,6.70,100.0,22122,Café-Plátano,1.23,18.38,Uso_del_suelo_ZP,0.00,0.999999
Rio Riofrio,1,Rio Riofrio - Rio Guayabal,Rio Riofrio - puente despues Salonica - limnigrafo CVC,0.000,25.622,6.70,6.70,100.0,23170,Pasto cultivado,3.41,50.85,Uso_del_suelo_ZP,0.00,0.999999
Rio Riofrio,1,Rio Riofrio - Rio Guayabal,Rio Riofrio - puente despues Salonica - limnigrafo CVC,0.000,25.622,6.70,6.70,100.0,23172,Pasto cultivado enmalezado,0.16,2.32,Uso_del_suelo_ZP,0.00,0.999999
Rio Riofrio,1,Rio Riofrio - Rio Guayabal,Rio Riofrio - puente despues Salonica - limnigrafo CVC,0.000,25.622,6.70,6.70,100.0,31112,Bosque mixto denso bajo de tierra firme,0.14,2.05,Uso_del_suelo_ZP,0.00,0.999999
Rio Riofrio,1,Rio Riofrio - Rio Guayabal,Rio Riofrio - puente despues Salonica - limnigrafo CVC,0.000,25.622,6.70,6.70,100.0,31212,Bosque mixto abierto bajo de tierra firme,0.09,1.33,Uso_del_suelo_ZP,0.00,0.999999
Rio Riofrio,1,Rio Riofrio - Rio Guayabal,Rio Riofrio - puente despues Salonica - limnigrafo CVC,0.000,25.622,6.70,6.70,100.0,31352,Bosque de guadua,0.92,13.73,Uso_del_suelo_ZP,0.00,0.999999
Rio Riofrio,1,Rio Riofrio - Rio Guayabal,Rio Riofrio - puente despues Salonica - limnigrafo CVC,0.000,25.622,6.70,6.70,100.0,32111,Arbustal y matorral denso bajo de tierra firme,0.01,0.17,Uso_del_suelo_ZP,0.00,0.999999
Rio Riofrio,1,Rio Riofrio - Rio Guayabal,Rio Riofrio - puente despues Salonica - limnigrafo CVC,0.000,25.622,6.70,6.70,100.0,32211,Arbustal y matorral abierto bajo de tierra firme,0.10,1.49,Uso_del_suelo_ZP,0.00,0.999999
Rio Riofrio,1,Rio Riofrio - Rio Guayabal,Rio Riofrio - puente despues Salonica - limnigrafo CVC,0.000,25.622,6.70,6.70,100.0,41120,Ríos,0.16,2.45,Uso_del_suelo_ZP,0.00,0.999999
Rio Riofrio,1,Rio Riofrio - Rio Guayabal,Rio Riofrio - puente despues Salonica - limnigrafo CVC,0.000,25.622,6.70,6.70,100.0,41410,Arenal,0.01,0.20,Uso_del_suelo_ZP,0.00,0.999999
Rio Riofrio,2,Rio Riofrio - puente despues Salonica - limnigrafo CVC,Rio Riofrio - Bocatoma Acueducto de Riofrio,25.622,33.186,929.94,929.94,100.0,11111,Zonas urbanas continuas,0.00,0.00,Uso_del_suelo_ZP,0.00,1.000000
Rio Riofrio,2,Rio Riofrio - puente despues Salonica - limnigrafo CVC,Rio Riofrio - Bocatoma Acueducto de Riofrio,25.622,33.186,929.94,929.94,100.0,11211,Zonas urbanas discontinuas,2.34,0.25,Uso_del_suelo_ZP,0.00,1.000000
Rio Riofrio,2,Rio Riofrio - puente despues Salonica - limnigrafo CVC,Rio Riofrio - Bocatoma Acueducto de Riofrio,25.622,33.186,929.94,929.94,100.0,12111,Otras superficies artificiales con construcción,4.18,0.45,Uso_del_suelo_ZP,0.00,1.000000
Rio Riofrio,2,Rio Riofrio - puente despues Salonica - limnigrafo CVC,Rio Riofrio - Bocatoma Acueducto de Riofrio,25.622,33.186,929.94,929.94,100.0,12211,Otras superficies artificiales sin construcción,2.73,0.29,Uso_del_suelo_ZP,0.00,1.000000
Rio Riofrio,2,Rio Riofrio - puente despues Salonica - limnigrafo CVC,Rio Riofrio - Bocatoma Acueducto de Riofrio,25.622,33.186,929.94,929.94,100.0,21142,Café-Otros arbóreos,0.45,0.05,Uso_del_suelo_ZP,0.00,1.000000
Rio Riofrio,2,Rio Riofrio - puente despues Salonica - limnigrafo CVC,Rio Riofrio - Bocatoma Acueducto de Riofrio,25.622,33.186,929.94,929.94,100.0,22122,Café-Plátano,81.81,8.80,Uso_del_suelo_ZP,0.00,1.000000
Rio Riofrio,2,Rio Riofrio - puente despues Salonica - limnigrafo CVC,Rio Riofrio - Bocatoma Acueducto de Riofrio,25.622,33.186,929.94,929.94,100.0,22210,Otros cultivos arbustivos plantados abiertos,6.46,0.70,Uso_del_suelo_ZP,0.00,1.000000
Rio Riofrio,2,Rio Riofrio - puente despues Salonica - limnigrafo CVC,Rio Riofrio - Bocatoma Acueducto de Riofrio,25.622,33.186,929.94,929.94,100.0,23170,Pasto cultivado,297.05,31.94,Uso_del_suelo_ZP,0.00,1.000000
Rio Riofrio,2,Rio Riofrio - puente despues Salonica - limnigrafo CVC,Rio Riofrio - Bocatoma Acueducto de Riofrio,25.622,33.186,929.94,929.94,100.0,23171,Pasto cultivado arbolado,25.33,2.72,Uso_del_suelo_ZP,0.00,1.000000
Rio Riofrio,2,Rio Riofrio - puente despues Salonica - limnigrafo CVC,Rio Riofrio - Bocatoma Acueducto de Riofrio,25.622,33.186,929.94,929.94,100.0,23172,Pasto cultivado enmalezado,97.49,10.48,Uso_del_suelo_ZP,0.00,1.000000
Rio Riofrio,2,Rio Riofrio - puente despues Salonica - limnigrafo CVC,Rio Riofrio - Bocatoma Acueducto de Riofrio,25.622,33.186,929.94,929.94,100.0,24130,Misceláneo de pastos y cultivos,46.52,5.00,Uso_del_suelo_ZP,0.00,1.000000
Rio Riofrio,2,Rio Riofrio - puente despues Salonica - limnigrafo CVC,Rio Riofrio - Bocatoma Acueducto de Riofrio,25.622,33.186,929.94,929.94,100.0,25210,Áreas de cultivo con suelo desnudo,20.11,2.16,Uso_del_suelo_ZP,0.00,1.000000
Rio Riofrio,2,Rio Riofrio - puente despues Salonica - limnigrafo CVC,Rio Riofrio - Bocatoma Acueducto de Riofrio,25.622,33.186,929.94,929.94,100.0,31112,Bosque mixto denso bajo de tierra firme,3.20,0.34,Uso_del_suelo_ZP,0.00,1.000000
Rio Riofrio,2,Rio Riofrio - puente despues Salonica - limnigrafo CVC,Rio Riofrio - Bocatoma Acueducto de Riofrio,25.622,33.186,929.94,929.94,100.0,31211,Bosque mixto abierto alto de tierra firme,11.60,1.25,Uso_del_suelo_ZP,0.00,1.000000
Rio Riofrio,2,Rio Riofrio - puente despues Salonica - limnigrafo CVC,Rio Riofrio - Bocatoma Acueducto de Riofrio,25.622,33.186,929.94,929.94,100.0,31212,Bosque mixto abierto bajo de tierra firme,90.93,9.78,Uso_del_suelo_ZP,0.00,1.000000
Rio Riofrio,2,Rio Riofrio - puente despues Salonica - limnigrafo CVC,Rio Riofrio - Bocatoma Acueducto de Riofrio,25.622,33.186,929.94,929.94,100.0,31311,Bosque mixto fragmentado con pastos y cultivos,0.40,0.04,Uso_del_suelo_ZP,0.00,1.000000
Rio Riofrio,2,Rio Riofrio - puente despues Salonica - limnigrafo CVC,Rio Riofrio - Bocatoma Acueducto de Riofrio,25.622,33.186,929.94,929.94,100.0,31351,Bosque mixto relictual,23.84,2.56,Uso_del_suelo_ZP,0.00,1.000000
Rio Riofrio,2,Rio Riofrio - puente despues Salonica - limnigrafo CVC,Rio Riofrio - Bocatoma Acueducto de Riofrio,25.622,33.186,929.94,929.94,100.0,31352,Bosque de guadua,17.22,1.85,Uso_del_suelo_ZP,0.00,1.000000
Rio Riofrio,2,Rio Riofrio - puente despues Salonica - limnigrafo CVC,Rio Riofrio - Bocatoma Acueducto de Riofrio,25.622,33.186,929.94,929.94,100.0,32110,Arbustal y matorral denso alto de tierra firme,16.51,1.78,Uso_del_suelo_ZP,0.00,1.000000
Rio Riofrio,2,Rio Riofrio - puente despues Salonica - limnigrafo CVC,Rio Riofrio - Bocatoma Acueducto de Riofrio,25.622,33.186,929.94,929.94,100.0,32111,Arbustal y matorral denso bajo de tierra firme,21.73,2.34,Uso_del_suelo_ZP,0.00,1.000000
Rio Riofrio,2,Rio Riofrio - puente despues Salonica - limnigrafo CVC,Rio Riofrio - Bocatoma Acueducto de Riofrio,25.622,33.186,929.94,929.94,100.0,32210,Arbustal y matorral abierto alto de tierra firme,23.90,2.57,Uso_del_suelo_ZP,0.00,1.000000
Rio Riofrio,2,Rio Riofrio - puente despues Salonica - limnigrafo CVC,Rio Riofrio - Bocatoma Acueducto de Riofrio,25.622,33.186,929.94,929.94,100.0,32211,Arbustal y matorral abierto bajo de tierra firme,25.49,2.74,Uso_del_suelo_ZP,0.00,1.000000
Rio Riofrio,2,Rio Riofrio - puente despues Salonica - limnigrafo CVC,Rio Riofrio - Bocatoma Acueducto de Riofrio,25.622,33.186,929.94,929.94,100.0,32231,Arbustal y matorral abierto bajo esclerófilo,47.58,5.12,Uso_del_suelo_ZP,0.00,1.000000
Rio Riofrio,2,Rio Riofrio - puente despues Salonica - limnigrafo CVC,Rio Riofrio - Bocatoma Acueducto de Riofrio,25.622,33.186,929.94,929.94,100.0,33130,Helechal,0.43,0.05,Uso_del_suelo_ZP,0.00,1.000000
Rio Riofrio,2,Rio Riofrio - puente despues Salonica - limnigrafo CVC,Rio Riofrio - Bocatoma Acueducto de Riofrio,25.622,33.186,929.94,929.94,100.0,33230,Herbazal natural abierto subxerofítico,41.10,4.42,Uso_del_suelo_ZP,0.00,1.000000
Rio Riofrio,2,Rio Riofrio - puente despues Salonica - limnigrafo CVC,Rio Riofrio - Bocatoma Acueducto de Riofrio,25.622,33.186,929.94,929.94,100.0,35221,Áreas naturales desnudas,1.57,0.17,Uso_del_suelo_ZP,0.00,1.000000
Rio Riofrio,2,Rio Riofrio - puente despues Salonica - limnigrafo CVC,Rio Riofrio - Bocatoma Acueducto de Riofrio,25.622,33.186,929.94,929.94,100.0,41120,Ríos,15.39,1.65,Uso_del_suelo_ZP,0.00,1.000000
Rio Riofrio,2,Rio Riofrio - puente despues Salonica - limnigrafo CVC,Rio Riofrio - Bocatoma Acueducto de Riofrio,25.622,33.186,929.94,929.94,100.0,41220,Estanques artificiales / reservorios,0.92,0.10,Uso_del_suelo_ZP,0.00,1.000000
Rio Riofrio,2,Rio Riofrio - puente despues Salonica - limnigrafo CVC,Rio Riofrio - Bocatoma Acueducto de Riofrio,25.622,33.186,929.94,929.94,100.0,41410,Arenal,3.63,0.39,Uso_del_suelo_ZP,0.00,1.000000
Rio Riofrio,3,Rio Riofrio - Bocatoma Acueducto de Riofrio,Rio Riofrio - Antes Municipio Riofrio,33.186,38.136,632.24,632.24,100.0,11211,Zonas urbanas discontinuas,0.78,0.12,Uso_del_suelo_ZP,119.32,1.000604
Rio Riofrio,3,Rio Riofrio - Bocatoma Acueducto de Riofrio,Rio Riofrio - Antes Municipio Riofrio,33.186,38.136,632.24,632.24,100.0,12111,Otras superficies artificiales con construcción,0.89,0.14,Uso_del_suelo_ZP,119.32,1.000604
Rio Riofrio,3,Rio Riofrio - Bocatoma Acueducto de Riofrio,Rio Riofrio - Antes Municipio Riofrio,33.186,38.136,632.24,632.24,100.0,12211,Otras superficies artificiales sin construcción,12.89,2.04,Uso_del_suelo_ZP,119.32,1.000604
Rio Riofrio,3,Rio Riofrio - Bocatoma Acueducto de Riofrio,Rio Riofrio - Antes Municipio Riofrio,33.186,38.136,632.24,632.24,100.0,22171,Caña de azúcar,119.01,18.82,Hectareas_CZ,119.32,1.000604
Rio Riofrio,3,Rio Riofrio - Bocatoma Acueducto de Riofrio,Rio Riofrio - Antes Municipio Riofrio,33.186,38.136,632.24,632.24,100.0,22210,Otros cultivos arbustivos plantados abiertos,2.38,0.38,Uso_del_suelo_ZP,119.32,1.000604
Rio Riofrio,3,Rio Riofrio - Bocatoma Acueducto de Riofrio,Rio Riofrio - Antes Municipio Riofrio,33.186,38.136,632.24,632.24,100.0,23110,Otros cultivos herbáceos plantados densos,1.86,0.29,Uso_del_suelo_ZP,119.32,1.000604
Rio Riofrio,3,Rio Riofrio - Bocatoma Acueducto de Riofrio,Rio Riofrio - Antes Municipio Riofrio,33.186,38.136,632.24,632.24,100.0,23161,Pasto de corte,0.44,0.07,Uso_del_suelo_ZP,119.32,1.000604
Rio Riofrio,3,Rio Riofrio - Bocatoma Acueducto de Riofrio,Rio Riofrio - Antes Municipio Riofrio,33.186,38.136,632.24,632.24,100.0,23162,Pasto de corte arbolado,48.36,7.65,Uso_del_suelo_ZP,119.32,1.000604
Rio Riofrio,3,Rio Riofrio - Bocatoma Acueducto de Riofrio,Rio Riofrio - Antes Municipio Riofrio,33.186,38.136,632.24,632.24,100.0,23170,Pasto cultivado,117.14,18.53,Uso_del_suelo_ZP,119.32,1.000604
Rio Riofrio,3,Rio Riofrio - Bocatoma Acueducto de Riofrio,Rio Riofrio - Antes Municipio Riofrio,33.186,38.136,632.24,632.24,100.0,23171,Pasto cultivado arbolado,63.71,10.08,Uso_del_suelo_ZP,119.32,1.000604
Rio Riofrio,3,Rio Riofrio - Bocatoma Acueducto de Riofrio,Rio Riofrio - Antes Municipio Riofrio,33.186,38.136,632.24,632.24,100.0,23172,Pasto cultivado enmalezado,15.75,2.49,Uso_del_suelo_ZP,119.32,1.000604
Rio Riofrio,3,Rio Riofrio - Bocatoma Acueducto de Riofrio,Rio Riofrio - Antes Municipio Riofrio,33.186,38.136,632.24,632.24,100.0,24130,Misceláneo de pastos y cultivos,0.58,0.09,Uso_del_suelo_ZP,119.32,1.000604
Rio Riofrio,3,Rio Riofrio - Bocatoma Acueducto de Riofrio,Rio Riofrio - Antes Municipio Riofrio,33.186,38.136,632.24,632.24,100.0,31112,Bosque mixto denso bajo de tierra firme,8.02,1.27,Uso_del_suelo_ZP,119.32,1.000604
Rio Riofrio,3,Rio Riofrio - Bocatoma Acueducto de Riofrio,Rio Riofrio - Antes Municipio Riofrio,33.186,38.136,632.24,632.24,100.0,31212,Bosque mixto abierto bajo de tierra firme,35.61,5.63,Uso_del_suelo_ZP,119.32,1.000604
Rio Riofrio,3,Rio Riofrio - Bocatoma Acueducto de Riofrio,Rio Riofrio - Antes Municipio Riofrio,33.186,38.136,632.24,632.24,100.0,31311,Bosque mixto fragmentado con pastos y cultivos,4.44,0.70,Uso_del_suelo_ZP,119.32,1.000604
Rio Riofrio,3,Rio Riofrio - Bocatoma Acueducto de Riofrio,Rio Riofrio - Antes Municipio Riofrio,33.186,38.136,632.24,632.24,100.0,31352,Bosque de guadua,4.63,0.73,Uso_del_suelo_ZP,119.32,1.000604
Rio Riofrio,3,Rio Riofrio - Bocatoma Acueducto de Riofrio,Rio Riofrio - Antes Municipio Riofrio,33.186,38.136,632.24,632.24,100.0,32110,Arbustal y matorral denso alto de tierra firme,3.34,0.53,Uso_del_suelo_ZP,119.32,1.000604
Rio Riofrio,3,Rio Riofrio - Bocatoma Acueducto de Riofrio,Rio Riofrio - Antes Municipio Riofrio,33.186,38.136,632.24,632.24,100.0,32111,Arbustal y matorral denso bajo de tierra firme,2.56,0.40,Uso_del_suelo_ZP,119.32,1.000604
Rio Riofrio,3,Rio Riofrio - Bocatoma Acueducto de Riofrio,Rio Riofrio - Antes Municipio Riofrio,33.186,38.136,632.24,632.24,100.0,32210,Arbustal y matorral abierto alto de tierra firme,2.87,0.45,Uso_del_suelo_ZP,119.32,1.000604
Rio Riofrio,3,Rio Riofrio - Bocatoma Acueducto de Riofrio,Rio Riofrio - Antes Municipio Riofrio,33.186,38.136,632.24,632.24,100.0,32211,Arbustal y matorral abierto bajo de tierra firme,11.85,1.87,Uso_del_suelo_ZP,119.32,1.000604
Rio Riofrio,3,Rio Riofrio - Bocatoma Acueducto de Riofrio,Rio Riofrio - Antes Municipio Riofrio,33.186,38.136,632.24,632.24,100.0,32231,Arbustal y matorral abierto bajo esclerófilo,48.91,7.74,Uso_del_suelo_ZP,119.32,1.000604
Rio Riofrio,3,Rio Riofrio - Bocatoma Acueducto de Riofrio,Rio Riofrio - Antes Municipio Riofrio,33.186,38.136,632.24,632.24,100.0,33130,Helechal,1.72,0.27,Uso_del_suelo_ZP,119.32,1.000604
Rio Riofrio,3,Rio Riofrio - Bocatoma Acueducto de Riofrio,Rio Riofrio - Antes Municipio Riofrio,33.186,38.136,632.24,632.24,100.0,33230,Herbazal natural abierto subxerofítico,85.72,13.56,Uso_del_suelo_ZP,119.32,1.000604
Rio Riofrio,3,Rio Riofrio - Bocatoma Acueducto de Riofrio,Rio Riofrio - Antes Municipio Riofrio,33.186,38.136,632.24,632.24,100.0,35221,Áreas naturales desnudas,14.62,2.31,Uso_del_suelo_ZP,119.32,1.000604
Rio Riofrio,3,Rio Riofrio - Bocatoma Acueducto de Riofrio,Rio Riofrio - Antes Municipio Riofrio,33.186,38.136,632.24,632.24,100.0,41120,Ríos,13.17,2.08,Uso_del_suelo_ZP,119.32,1.000604
Rio Riofrio,3,Rio Riofrio - Bocatoma Acueducto de Riofrio,Rio Riofrio - Antes Municipio Riofrio,33.186,38.136,632.24,632.24,100.0,41220,Estanques artificiales / reservorios,1.20,0.19,Uso_del_suelo_ZP,119.32,1.000604
Rio Riofrio,3,Rio Riofrio - Bocatoma Acueducto de Riofrio,Rio Riofrio - Antes Municipio Riofrio,33.186,38.136,632.24,632.24,100.0,41410,Arenal,9.79,1.55,Uso_del_suelo_ZP,119.32,1.000604
Rio Riofrio,4,Rio Riofrio - Antes Municipio Riofrio,Rio Riofrio - Antes desembocadura a Río Cauca,38.136,43.686,822.30,822.30,100.0,11111,Zonas urbanas continuas,83.04,10.10,Uso_del_suelo_ZP,569.84,1.729185
Rio Riofrio,4,Rio Riofrio - Antes Municipio Riofrio,Rio Riofrio - Antes desembocadura a Río Cauca,38.136,43.686,822.30,822.30,100.0,11211,Zonas urbanas discontinuas,4.32,0.53,Uso_del_suelo_ZP,569.84,1.729185
Rio Riofrio,4,Rio Riofrio - Antes Municipio Riofrio,Rio Riofrio - Antes desembocadura a Río Cauca,38.136,43.686,822.30,822.30,100.0,12111,Otras superficies artificiales con construcción,0.55,0.07,Uso_del_suelo_ZP,569.84,1.729185
Rio Riofrio,4,Rio Riofrio - Antes Municipio Riofrio,Rio Riofrio - Antes desembocadura a Río Cauca,38.136,43.686,822.30,822.30,100.0,12211,Otras superficies artificiales sin construcción,4.73,0.57,Uso_del_suelo_ZP,569.84,1.729185
Rio Riofrio,4,Rio Riofrio - Antes Municipio Riofrio,Rio Riofrio - Antes desembocadura a Río Cauca,38.136,43.686,822.30,822.30,100.0,22171,Caña de azúcar,385.76,46.91,Hectareas_CZ,569.84,1.729185
Rio Riofrio,4,Rio Riofrio - Antes Municipio Riofrio,Rio Riofrio - Antes desembocadura a Río Cauca,38.136,43.686,822.30,822.30,100.0,23161,Pasto de corte,7.99,0.97,Uso_del_suelo_ZP,569.84,1.729185
Rio Riofrio,4,Rio Riofrio - Antes Municipio Riofrio,Rio Riofrio - Antes desembocadura a Río Cauca,38.136,43.686,822.30,822.30,100.0,23162,Pasto de corte arbolado,0.84,0.10,Uso_del_suelo_ZP,569.84,1.729185
Rio Riofrio,4,Rio Riofrio - Antes Municipio Riofrio,Rio Riofrio - Antes desembocadura a Río Cauca,38.136,43.686,822.30,822.30,100.0,23170,Pasto cultivado,61.07,7.43,Uso_del_suelo_ZP,569.84,1.729185
Rio Riofrio,4,Rio Riofrio - Antes Municipio Riofrio,Rio Riofrio - Antes desembocadura a Río Cauca,38.136,43.686,822.30,822.30,100.0,23171,Pasto cultivado arbolado,42.91,5.22,Uso_del_suelo_ZP,569.84,1.729185
Rio Riofrio,4,Rio Riofrio - Antes Municipio Riofrio,Rio Riofrio - Antes desembocadura a Río Cauca,38.136,43.686,822.30,822.30,100.0,23172,Pasto cultivado enmalezado,12.48,1.52,Uso_del_suelo_ZP,569.84,1.729185
Rio Riofrio,4,Rio Riofrio - Antes Municipio Riofrio,Rio Riofrio - Antes desembocadura a Río Cauca,38.136,43.686,822.30,822.30,100.0,24130,Misceláneo de pastos y cultivos,9.90,1.20,Uso_del_suelo_ZP,569.84,1.729185
Rio Riofrio,4,Rio Riofrio - Antes Municipio Riofrio,Rio Riofrio - Antes desembocadura a Río Cauca,38.136,43.686,822.30,822.30,100.0,31112,Bosque mixto denso bajo de tierra firme,5.19,0.63,Uso_del_suelo_ZP,569.84,1.729185
Rio Riofrio,4,Rio Riofrio - Antes Municipio Riofrio,Rio Riofrio - Antes desembocadura a Río Cauca,38.136,43.686,822.30,822.30,100.0,31211,Bosque mixto abierto alto de tierra firme,0.08,0.01,Uso_del_suelo_ZP,569.84,1.729185
Rio Riofrio,4,Rio Riofrio - Antes Municipio Riofrio,Rio Riofrio - Antes desembocadura a Río Cauca,38.136,43.686,822.30,822.30,100.0,31212,Bosque mixto abierto bajo de tierra firme,28.18,3.43,Uso_del_suelo_ZP,569.84,1.729185
Rio Riofrio,4,Rio Riofrio - Antes Municipio Riofrio,Rio Riofrio - Antes desembocadura a Río Cauca,38.136,43.686,822.30,822.30,100.0,31311,Bosque mixto fragmentado con pastos y cultivos,2.94,0.36,Uso_del_suelo_ZP,569.84,1.729185
Rio Riofrio,4,Rio Riofrio - Antes Municipio Riofrio,Rio Riofrio - Antes desembocadura a Río Cauca,38.136,43.686,822.30,822.30,100.0,31352,Bosque de guadua,39.86,4.85,Uso_del_suelo_ZP,569.84,1.729185
Rio Riofrio,4,Rio Riofrio - Antes Municipio Riofrio,Rio Riofrio - Antes desembocadura a Río Cauca,38.136,43.686,822.30,822.30,100.0,32111,Arbustal y matorral denso bajo de tierra firme,7.95,0.97,Uso_del_suelo_ZP,569.84,1.729185
Rio Riofrio,4,Rio Riofrio - Antes Municipio Riofrio,Rio Riofrio - Antes desembocadura a Río Cauca,38.136,43.686,822.30,822.30,100.0,32121,Arbustal y matorral denso bajo inundable (caña brava),2.25,0.27,Uso_del_suelo_ZP,569.84,1.729185
Rio Riofrio,4,Rio Riofrio - Antes Municipio Riofrio,Rio Riofrio - Antes desembocadura a Río Cauca,38.136,43.686,822.30,822.30,100.0,32210,Arbustal y matorral abierto alto de tierra firme,1.46,0.18,Uso_del_suelo_ZP,569.84,1.729185
Rio Riofrio,4,Rio Riofrio - Antes Municipio Riofrio,Rio Riofrio - Antes desembocadura a Río Cauca,38.136,43.686,822.30,822.30,100.0,32211,Arbustal y matorral abierto bajo de tierra firme,48.73,5.93,Uso_del_suelo_ZP,569.84,1.729185
Rio Riofrio,4,Rio Riofrio - Antes Municipio Riofrio,Rio Riofrio - Antes desembocadura a Río Cauca,38.136,43.686,822.30,822.30,100.0,33230,Herbazal natural abierto subxerofítico,4.11,0.50,Uso_del_suelo_ZP,569.84,1.729185
Rio Riofrio,4,Rio Riofrio - Antes Municipio Riofrio,Rio Riofrio - Antes desembocadura a Río Cauca,38.136,43.686,822.30,822.30,100.0,35221,Áreas naturales desnudas,1.14,0.14,Uso_del_suelo_ZP,569.84,1.729185
Rio Riofrio,4,Rio Riofrio - Antes Municipio Riofrio,Rio Riofrio - Antes desembocadura a Río Cauca,38.136,43.686,822.30,822.30,100.0,41120,Ríos,51.86,6.31,Uso_del_suelo_ZP,569.84,1.729185
Rio Riofrio,4,Rio Riofrio - Antes Municipio Riofrio,Rio Riofrio - Antes desembocadura a Río Cauca,38.136,43.686,822.30,822.30,100.0,41144,Otras superficies pantanosas,3.78,0.46,Uso_del_suelo_ZP,569.84,1.729185
Rio Riofrio,4,Rio Riofrio - Antes Municipio Riofrio,Rio Riofrio - Antes desembocadura a Río Cauca,38.136,43.686,822.30,822.30,100.0,41220,Estanques artificiales / reservorios,0.68,0.08,Uso_del_suelo_ZP,569.84,1.729185
Rio Riofrio,4,Rio Riofrio - Antes Municipio Riofrio,Rio Riofrio - Antes desembocadura a Río Cauca,38.136,43.686,822.30,822.30,100.0,41221,Canal,1.73,0.21,Uso_del_suelo_ZP,569.84,1.729185
Rio Riofrio,4,Rio Riofrio - Antes Municipio Riofrio,Rio Riofrio - Antes desembocadura a Río Cauca,38.136,43.686,822.30,822.30,100.0,41410,Arenal,8.77,1.07,Uso_del_suelo_ZP,569.84,1.729185
Rio Tulua,1,Rio Tulua - Antes Jardin Botanico (limnigrafo CVC),Rio Tulua - Puente Ferrocarril Barrio La Trinidad,0.000,61.522,1369.63,1369.63,100.0,11111,Zonas urbanas continuas,342.89,25.04,Uso_del_suelo_ZP,60.36,1.000132
Rio Tulua,1,Rio Tulua - Antes Jardin Botanico (limnigrafo CVC),Rio Tulua - Puente Ferrocarril Barrio La Trinidad,0.000,61.522,1369.63,1369.63,100.0,11211,Zonas urbanas discontinuas,4.70,0.34,Uso_del_suelo_ZP,60.36,1.000132
Rio Tulua,1,Rio Tulua - Antes Jardin Botanico (limnigrafo CVC),Rio Tulua - Puente Ferrocarril Barrio La Trinidad,0.000,61.522,1369.63,1369.63,100.0,12111,Otras superficies artificiales con construcción,77.15,5.63,Uso_del_suelo_ZP,60.36,1.000132
Rio Tulua,1,Rio Tulua - Antes Jardin Botanico (limnigrafo CVC),Rio Tulua - Puente Ferrocarril Barrio La Trinidad,0.000,61.522,1369.63,1369.63,100.0,12211,Otras superficies artificiales sin construcción,26.24,1.92,Uso_del_suelo_ZP,60.36,1.000132
Rio Tulua,1,Rio Tulua - Antes Jardin Botanico (limnigrafo CVC),Rio Tulua - Puente Ferrocarril Barrio La Trinidad,0.000,61.522,1369.63,1369.63,100.0,21221,Misceláneo de árboles frutales,26.30,1.92,Uso_del_suelo_ZP,60.36,1.000132
Rio Tulua,1,Rio Tulua - Antes Jardin Botanico (limnigrafo CVC),Rio Tulua - Puente Ferrocarril Barrio La Trinidad,0.000,61.522,1369.63,1369.63,100.0,21230,Misceláneo de cítricos,3.92,0.29,Uso_del_suelo_ZP,60.36,1.000132
Rio Tulua,1,Rio Tulua - Antes Jardin Botanico (limnigrafo CVC),Rio Tulua - Puente Ferrocarril Barrio La Trinidad,0.000,61.522,1369.63,1369.63,100.0,22171,Caña de azúcar,60.19,4.39,Hectareas_CZ,60.36,1.000132
Rio Tulua,1,Rio Tulua - Antes Jardin Botanico (limnigrafo CVC),Rio Tulua - Puente Ferrocarril Barrio La Trinidad,0.000,61.522,1369.63,1369.63,100.0,22181,Maíz,6.04,0.44,Uso_del_suelo_ZP,60.36,1.000132
Rio Tulua,1,Rio Tulua - Antes Jardin Botanico (limnigrafo CVC),Rio Tulua - Puente Ferrocarril Barrio La Trinidad,0.000,61.522,1369.63,1369.63,100.0,23110,Otros cultivos herbáceos plantados densos,4.77,0.35,Uso_del_suelo_ZP,60.36,1.000132
Rio Tulua,1,Rio Tulua - Antes Jardin Botanico (limnigrafo CVC),Rio Tulua - Puente Ferrocarril Barrio La Trinidad,0.000,61.522,1369.63,1369.63,100.0,23170,Pasto cultivado,295.39,21.57,Uso_del_suelo_ZP,60.36,1.000132
Rio Tulua,1,Rio Tulua - Antes Jardin Botanico (limnigrafo CVC),Rio Tulua - Puente Ferrocarril Barrio La Trinidad,0.000,61.522,1369.63,1369.63,100.0,23171,Pasto cultivado arbolado,64.95,4.74,Uso_del_suelo_ZP,60.36,1.000132
Rio Tulua,1,Rio Tulua - Antes Jardin Botanico (limnigrafo CVC),Rio Tulua - Puente Ferrocarril Barrio La Trinidad,0.000,61.522,1369.63,1369.63,100.0,23172,Pasto cultivado enmalezado,84.01,6.13,Uso_del_suelo_ZP,60.36,1.000132
Rio Tulua,1,Rio Tulua - Antes Jardin Botanico (limnigrafo CVC),Rio Tulua - Puente Ferrocarril Barrio La Trinidad,0.000,61.522,1369.63,1369.63,100.0,24130,Misceláneo de pastos y cultivos,1.94,0.14,Uso_del_suelo_ZP,60.36,1.000132
Rio Tulua,1,Rio Tulua - Antes Jardin Botanico (limnigrafo CVC),Rio Tulua - Puente Ferrocarril Barrio La Trinidad,0.000,61.522,1369.63,1369.63,100.0,25210,Áreas de cultivo con suelo desnudo,0.79,0.06,Uso_del_suelo_ZP,60.36,1.000132
Rio Tulua,1,Rio Tulua - Antes Jardin Botanico (limnigrafo CVC),Rio Tulua - Puente Ferrocarril Barrio La Trinidad,0.000,61.522,1369.63,1369.63,100.0,31112,Bosque mixto denso bajo de tierra firme,46.49,3.39,Uso_del_suelo_ZP,60.36,1.000132
Rio Tulua,1,Rio Tulua - Antes Jardin Botanico (limnigrafo CVC),Rio Tulua - Puente Ferrocarril Barrio La Trinidad,0.000,61.522,1369.63,1369.63,100.0,31211,Bosque mixto abierto alto de tierra firme,4.53,0.33,Uso_del_suelo_ZP,60.36,1.000132
Rio Tulua,1,Rio Tulua - Antes Jardin Botanico (limnigrafo CVC),Rio Tulua - Puente Ferrocarril Barrio La Trinidad,0.000,61.522,1369.63,1369.63,100.0,31212,Bosque mixto abierto bajo de tierra firme,35.16,2.57,Uso_del_suelo_ZP,60.36,1.000132
Rio Tulua,1,Rio Tulua - Antes Jardin Botanico (limnigrafo CVC),Rio Tulua - Puente Ferrocarril Barrio La Trinidad,0.000,61.522,1369.63,1369.63,100.0,31311,Bosque mixto fragmentado con pastos y cultivos,44.64,3.26,Uso_del_suelo_ZP,60.36,1.000132
Rio Tulua,1,Rio Tulua - Antes Jardin Botanico (limnigrafo CVC),Rio Tulua - Puente Ferrocarril Barrio La Trinidad,0.000,61.522,1369.63,1369.63,100.0,31331,Bosque mixto fragmentado con vegetación natural,39.96,2.92,Uso_del_suelo_ZP,60.36,1.000132
Rio Tulua,1,Rio Tulua - Antes Jardin Botanico (limnigrafo CVC),Rio Tulua - Puente Ferrocarril Barrio La Trinidad,0.000,61.522,1369.63,1369.63,100.0,31351,Bosque mixto relictual,0.20,0.01,Uso_del_suelo_ZP,60.36,1.000132
Rio Tulua,1,Rio Tulua - Antes Jardin Botanico (limnigrafo CVC),Rio Tulua - Puente Ferrocarril Barrio La Trinidad,0.000,61.522,1369.63,1369.63,100.0,31352,Bosque de guadua,12.42,0.91,Uso_del_suelo_ZP,60.36,1.000132
Rio Tulua,1,Rio Tulua - Antes Jardin Botanico (limnigrafo CVC),Rio Tulua - Puente Ferrocarril Barrio La Trinidad,0.000,61.522,1369.63,1369.63,100.0,32110,Arbustal y matorral denso alto de tierra firme,3.77,0.28,Uso_del_suelo_ZP,60.36,1.000132
Rio Tulua,1,Rio Tulua - Antes Jardin Botanico (limnigrafo CVC),Rio Tulua - Puente Ferrocarril Barrio La Trinidad,0.000,61.522,1369.63,1369.63,100.0,32111,Arbustal y matorral denso bajo de tierra firme,47.10,3.44,Uso_del_suelo_ZP,60.36,1.000132
Rio Tulua,1,Rio Tulua - Antes Jardin Botanico (limnigrafo CVC),Rio Tulua - Puente Ferrocarril Barrio La Trinidad,0.000,61.522,1369.63,1369.63,100.0,32210,Arbustal y matorral abierto alto de tierra firme,40.73,2.97,Uso_del_suelo_ZP,60.36,1.000132
Rio Tulua,1,Rio Tulua - Antes Jardin Botanico (limnigrafo CVC),Rio Tulua - Puente Ferrocarril Barrio La Trinidad,0.000,61.522,1369.63,1369.63,100.0,32211,Arbustal y matorral abierto bajo de tierra firme,14.02,1.02,Uso_del_suelo_ZP,60.36,1.000132
Rio Tulua,1,Rio Tulua - Antes Jardin Botanico (limnigrafo CVC),Rio Tulua - Puente Ferrocarril Barrio La Trinidad,0.000,61.522,1369.63,1369.63,100.0,35221,Áreas naturales desnudas,7.53,0.55,Uso_del_suelo_ZP,60.36,1.000132
Rio Tulua,1,Rio Tulua - Antes Jardin Botanico (limnigrafo CVC),Rio Tulua - Puente Ferrocarril Barrio La Trinidad,0.000,61.522,1369.63,1369.63,100.0,41120,Ríos,30.01,2.19,Uso_del_suelo_ZP,60.36,1.000132
Rio Tulua,1,Rio Tulua - Antes Jardin Botanico (limnigrafo CVC),Rio Tulua - Puente Ferrocarril Barrio La Trinidad,0.000,61.522,1369.63,1369.63,100.0,41220,Estanques artificiales / reservorios,5.89,0.43,Uso_del_suelo_ZP,60.36,1.000132
Rio Tulua,1,Rio Tulua - Antes Jardin Botanico (limnigrafo CVC),Rio Tulua - Puente Ferrocarril Barrio La Trinidad,0.000,61.522,1369.63,1369.63,100.0,41221,Canal,1.36,0.10,Uso_del_suelo_ZP,60.36,1.000132
Rio Tulua,1,Rio Tulua - Antes Jardin Botanico (limnigrafo CVC),Rio Tulua - Puente Ferrocarril Barrio La Trinidad,0.000,61.522,1369.63,1369.63,100.0,41410,Arenal,36.52,2.67,Uso_del_suelo_ZP,60.36,1.000132
Rio Tulua,2,Rio Tulua - Puente Ferrocarril Barrio La Trinidad,Rio Tulua - Puente Nuevo (Barrio 7 de Agosto),61.522,62.718,165.69,165.69,100.0,11111,Zonas urbanas continuas,125.28,75.61,Uso_del_suelo_ZP,0.10,0.999999
Rio Tulua,2,Rio Tulua - Puente Ferrocarril Barrio La Trinidad,Rio Tulua - Puente Nuevo (Barrio 7 de Agosto),61.522,62.718,165.69,165.69,100.0,11211,Zonas urbanas discontinuas,1.21,0.73,Uso_del_suelo_ZP,0.10,0.999999
Rio Tulua,2,Rio Tulua - Puente Ferrocarril Barrio La Trinidad,Rio Tulua - Puente Nuevo (Barrio 7 de Agosto),61.522,62.718,165.69,165.69,100.0,12111,Otras superficies artificiales con construcción,5.12,3.09,Uso_del_suelo_ZP,0.10,0.999999
Rio Tulua,2,Rio Tulua - Puente Ferrocarril Barrio La Trinidad,Rio Tulua - Puente Nuevo (Barrio 7 de Agosto),61.522,62.718,165.69,165.69,100.0,12211,Otras superficies artificiales sin construcción,5.96,3.60,Uso_del_suelo_ZP,0.10,0.999999
Rio Tulua,2,Rio Tulua - Puente Ferrocarril Barrio La Trinidad,Rio Tulua - Puente Nuevo (Barrio 7 de Agosto),61.522,62.718,165.69,165.69,100.0,22171,Caña de azúcar,0.10,0.06,Hectareas_CZ,0.10,0.999999
Rio Tulua,2,Rio Tulua - Puente Ferrocarril Barrio La Trinidad,Rio Tulua - Puente Nuevo (Barrio 7 de Agosto),61.522,62.718,165.69,165.69,100.0,23121,Arroz,1.40,0.85,Uso_del_suelo_ZP,0.10,0.999999
Rio Tulua,2,Rio Tulua - Puente Ferrocarril Barrio La Trinidad,Rio Tulua - Puente Nuevo (Barrio 7 de Agosto),61.522,62.718,165.69,165.69,100.0,23170,Pasto cultivado,6.26,3.78,Uso_del_suelo_ZP,0.10,0.999999
Rio Tulua,2,Rio Tulua - Puente Ferrocarril Barrio La Trinidad,Rio Tulua - Puente Nuevo (Barrio 7 de Agosto),61.522,62.718,165.69,165.69,100.0,23171,Pasto cultivado arbolado,1.70,1.02,Uso_del_suelo_ZP,0.10,0.999999
Rio Tulua,2,Rio Tulua - Puente Ferrocarril Barrio La Trinidad,Rio Tulua - Puente Nuevo (Barrio 7 de Agosto),61.522,62.718,165.69,165.69,100.0,23172,Pasto cultivado enmalezado,0.19,0.11,Uso_del_suelo_ZP,0.10,0.999999
Rio Tulua,2,Rio Tulua - Puente Ferrocarril Barrio La Trinidad,Rio Tulua - Puente Nuevo (Barrio 7 de Agosto),61.522,62.718,165.69,165.69,100.0,24130,Misceláneo de pastos y cultivos,0.67,0.40,Uso_del_suelo_ZP,0.10,0.999999
Rio Tulua,2,Rio Tulua - Puente Ferrocarril Barrio La Trinidad,Rio Tulua - Puente Nuevo (Barrio 7 de Agosto),61.522,62.718,165.69,165.69,100.0,31211,Bosque mixto abierto alto de tierra firme,7.75,4.67,Uso_del_suelo_ZP,0.10,0.999999
Rio Tulua,2,Rio Tulua - Puente Ferrocarril Barrio La Trinidad,Rio Tulua - Puente Nuevo (Barrio 7 de Agosto),61.522,62.718,165.69,165.69,100.0,31212,Bosque mixto abierto bajo de tierra firme,0.42,0.26,Uso_del_suelo_ZP,0.10,0.999999
Rio Tulua,2,Rio Tulua - Puente Ferrocarril Barrio La Trinidad,Rio Tulua - Puente Nuevo (Barrio 7 de Agosto),61.522,62.718,165.69,165.69,100.0,31311,Bosque mixto fragmentado con pastos y cultivos,0.54,0.33,Uso_del_suelo_ZP,0.10,0.999999
Rio Tulua,2,Rio Tulua - Puente Ferrocarril Barrio La Trinidad,Rio Tulua - Puente Nuevo (Barrio 7 de Agosto),61.522,62.718,165.69,165.69,100.0,31352,Bosque de guadua,0.15,0.09,Uso_del_suelo_ZP,0.10,0.999999
Rio Tulua,2,Rio Tulua - Puente Ferrocarril Barrio La Trinidad,Rio Tulua - Puente Nuevo (Barrio 7 de Agosto),61.522,62.718,165.69,165.69,100.0,32210,Arbustal y matorral abierto alto de tierra firme,0.80,0.48,Uso_del_suelo_ZP,0.10,0.999999
Rio Tulua,2,Rio Tulua - Puente Ferrocarril Barrio La Trinidad,Rio Tulua - Puente Nuevo (Barrio 7 de Agosto),61.522,62.718,165.69,165.69,100.0,32211,Arbustal y matorral abierto bajo de tierra firme,0.44,0.27,Uso_del_suelo_ZP,0.10,0.999999
Rio Tulua,2,Rio Tulua - Puente Ferrocarril Barrio La Trinidad,Rio Tulua - Puente Nuevo (Barrio 7 de Agosto),61.522,62.718,165.69,165.69,100.0,41120,Ríos,7.54,4.55,Uso_del_suelo_ZP,0.10,0.999999
Rio Tulua,2,Rio Tulua - Puente Ferrocarril Barrio La Trinidad,Rio Tulua - Puente Nuevo (Barrio 7 de Agosto),61.522,62.718,165.69,165.69,100.0,41221,Canal,0.18,0.11,Uso_del_suelo_ZP,0.10,0.999999
Rio Tulua,3,Rio Tulua - Puente Nuevo (Barrio 7 de Agosto),Rio Tulua - Despues Urbanizacion Maracaibo,62.718,64.000,166.39,166.39,100.0,11111,Zonas urbanas continuas,77.66,46.68,Uso_del_suelo_ZP,0.01,0.999992
Rio Tulua,3,Rio Tulua - Puente Nuevo (Barrio 7 de Agosto),Rio Tulua - Despues Urbanizacion Maracaibo,62.718,64.000,166.39,166.39,100.0,11211,Zonas urbanas discontinuas,4.81,2.89,Uso_del_suelo_ZP,0.01,0.999992
Rio Tulua,3,Rio Tulua - Puente Nuevo (Barrio 7 de Agosto),Rio Tulua - Despues Urbanizacion Maracaibo,62.718,64.000,166.39,166.39,100.0,12111,Otras superficies artificiales con construcción,8.02,4.82,Uso_del_suelo_ZP,0.01,0.999992
Rio Tulua,3,Rio Tulua - Puente Nuevo (Barrio 7 de Agosto),Rio Tulua - Despues Urbanizacion Maracaibo,62.718,64.000,166.39,166.39,100.0,12211,Otras superficies artificiales sin construcción,5.38,3.23,Uso_del_suelo_ZP,0.01,0.999992
Rio Tulua,3,Rio Tulua - Puente Nuevo (Barrio 7 de Agosto),Rio Tulua - Despues Urbanizacion Maracaibo,62.718,64.000,166.39,166.39,100.0,21221,Misceláneo de árboles frutales,5.42,3.26,Uso_del_suelo_ZP,0.01,0.999992
Rio Tulua,3,Rio Tulua - Puente Nuevo (Barrio 7 de Agosto),Rio Tulua - Despues Urbanizacion Maracaibo,62.718,64.000,166.39,166.39,100.0,22131,Cacao,0.99,0.59,Uso_del_suelo_ZP,0.01,0.999992
Rio Tulua,3,Rio Tulua - Puente Nuevo (Barrio 7 de Agosto),Rio Tulua - Despues Urbanizacion Maracaibo,62.718,64.000,166.39,166.39,100.0,22171,Caña de azúcar,0.01,0.01,Hectareas_CZ,0.01,0.999992
Rio Tulua,3,Rio Tulua - Puente Nuevo (Barrio 7 de Agosto),Rio Tulua - Despues Urbanizacion Maracaibo,62.718,64.000,166.39,166.39,100.0,22210,Otros cultivos arbustivos plantados abiertos,1.73,1.04,Uso_del_suelo_ZP,0.01,0.999992
Rio Tulua,3,Rio Tulua - Puente Nuevo (Barrio 7 de Agosto),Rio Tulua - Despues Urbanizacion Maracaibo,62.718,64.000,166.39,166.39,100.0,23110,Otros cultivos herbáceos plantados densos,1.55,0.93,Uso_del_suelo_ZP,0.01,0.999992
Rio Tulua,3,Rio Tulua - Puente Nuevo (Barrio 7 de Agosto),Rio Tulua - Despues Urbanizacion Maracaibo,62.718,64.000,166.39,166.39,100.0,23161,Pasto de corte,0.38,0.23,Uso_del_suelo_ZP,0.01,0.999992
Rio Tulua,3,Rio Tulua - Puente Nuevo (Barrio 7 de Agosto),Rio Tulua - Despues Urbanizacion Maracaibo,62.718,64.000,166.39,166.39,100.0,23170,Pasto cultivado,16.31,9.80,Uso_del_suelo_ZP,0.01,0.999992
Rio Tulua,3,Rio Tulua - Puente Nuevo (Barrio 7 de Agosto),Rio Tulua - Despues Urbanizacion Maracaibo,62.718,64.000,166.39,166.39,100.0,23171,Pasto cultivado arbolado,0.53,0.32,Uso_del_suelo_ZP,0.01,0.999992
Rio Tulua,3,Rio Tulua - Puente Nuevo (Barrio 7 de Agosto),Rio Tulua - Despues Urbanizacion Maracaibo,62.718,64.000,166.39,166.39,100.0,23172,Pasto cultivado enmalezado,3.27,1.96,Uso_del_suelo_ZP,0.01,0.999992
Rio Tulua,3,Rio Tulua - Puente Nuevo (Barrio 7 de Agosto),Rio Tulua - Despues Urbanizacion Maracaibo,62.718,64.000,166.39,166.39,100.0,23231,Maracuyá,1.82,1.10,Uso_del_suelo_ZP,0.01,0.999992
Rio Tulua,3,Rio Tulua - Puente Nuevo (Barrio 7 de Agosto),Rio Tulua - Despues Urbanizacion Maracaibo,62.718,64.000,166.39,166.39,100.0,24130,Misceláneo de pastos y cultivos,3.57,2.15,Uso_del_suelo_ZP,0.01,0.999992
Rio Tulua,3,Rio Tulua - Puente Nuevo (Barrio 7 de Agosto),Rio Tulua - Despues Urbanizacion Maracaibo,62.718,64.000,166.39,166.39,100.0,24140,Misceláneo de cultivos y espacios naturales,1.19,0.72,Uso_del_suelo_ZP,0.01,0.999992
Rio Tulua,3,Rio Tulua - Puente Nuevo (Barrio 7 de Agosto),Rio Tulua - Despues Urbanizacion Maracaibo,62.718,64.000,166.39,166.39,100.0,25210,Áreas de cultivo con suelo desnudo,0.40,0.24,Uso_del_suelo_ZP,0.01,0.999992
Rio Tulua,3,Rio Tulua - Puente Nuevo (Barrio 7 de Agosto),Rio Tulua - Despues Urbanizacion Maracaibo,62.718,64.000,166.39,166.39,100.0,31112,Bosque mixto denso bajo de tierra firme,0.07,0.04,Uso_del_suelo_ZP,0.01,0.999992
Rio Tulua,3,Rio Tulua - Puente Nuevo (Barrio 7 de Agosto),Rio Tulua - Despues Urbanizacion Maracaibo,62.718,64.000,166.39,166.39,100.0,31211,Bosque mixto abierto alto de tierra firme,0.36,0.22,Uso_del_suelo_ZP,0.01,0.999992
Rio Tulua,3,Rio Tulua - Puente Nuevo (Barrio 7 de Agosto),Rio Tulua - Despues Urbanizacion Maracaibo,62.718,64.000,166.39,166.39,100.0,31212,Bosque mixto abierto bajo de tierra firme,19.52,11.73,Uso_del_suelo_ZP,0.01,0.999992
Rio Tulua,3,Rio Tulua - Puente Nuevo (Barrio 7 de Agosto),Rio Tulua - Despues Urbanizacion Maracaibo,62.718,64.000,166.39,166.39,100.0,31311,Bosque mixto fragmentado con pastos y cultivos,4.38,2.63,Uso_del_suelo_ZP,0.01,0.999992
Rio Tulua,3,Rio Tulua - Puente Nuevo (Barrio 7 de Agosto),Rio Tulua - Despues Urbanizacion Maracaibo,62.718,64.000,166.39,166.39,100.0,31331,Bosque mixto fragmentado con vegetación natural,0.66,0.40,Uso_del_suelo_ZP,0.01,0.999992
Rio Tulua,3,Rio Tulua - Puente Nuevo (Barrio 7 de Agosto),Rio Tulua - Despues Urbanizacion Maracaibo,62.718,64.000,166.39,166.39,100.0,31352,Bosque de guadua,1.31,0.79,Uso_del_suelo_ZP,0.01,0.999992
Rio Tulua,3,Rio Tulua - Puente Nuevo (Barrio 7 de Agosto),Rio Tulua - Despues Urbanizacion Maracaibo,62.718,64.000,166.39,166.39,100.0,32110,Arbustal y matorral denso alto de tierra firme,0.29,0.17,Uso_del_suelo_ZP,0.01,0.999992
Rio Tulua,3,Rio Tulua - Puente Nuevo (Barrio 7 de Agosto),Rio Tulua - Despues Urbanizacion Maracaibo,62.718,64.000,166.39,166.39,100.0,32111,Arbustal y matorral denso bajo de tierra firme,0.91,0.55,Uso_del_suelo_ZP,0.01,0.999992
Rio Tulua,3,Rio Tulua - Puente Nuevo (Barrio 7 de Agosto),Rio Tulua - Despues Urbanizacion Maracaibo,62.718,64.000,166.39,166.39,100.0,32210,Arbustal y matorral abierto alto de tierra firme,0.62,0.37,Uso_del_suelo_ZP,0.01,0.999992
Rio Tulua,3,Rio Tulua - Puente Nuevo (Barrio 7 de Agosto),Rio Tulua - Despues Urbanizacion Maracaibo,62.718,64.000,166.39,166.39,100.0,41120,Ríos,3.09,1.86,Uso_del_suelo_ZP,0.01,0.999992
Rio Tulua,3,Rio Tulua - Puente Nuevo (Barrio 7 de Agosto),Rio Tulua - Despues Urbanizacion Maracaibo,62.718,64.000,166.39,166.39,100.0,41410,Arenal,2.14,1.28,Uso_del_suelo_ZP,0.01,0.999992
Rio Tulua,4,Rio Tulua - Despues Urbanizacion Maracaibo,Rio Tulua - antes desembocadura a Río Cauca (vereda El Salto),64.000,73.356,1185.86,1185.86,100.0,11111,Zonas urbanas continuas,11.04,0.93,Uso_del_suelo_ZP,674.80,1.203113
Rio Tulua,4,Rio Tulua - Despues Urbanizacion Maracaibo,Rio Tulua - antes desembocadura a Río Cauca (vereda El Salto),64.000,73.356,1185.86,1185.86,100.0,11211,Zonas urbanas discontinuas,23.11,1.95,Uso_del_suelo_ZP,674.80,1.203113
Rio Tulua,4,Rio Tulua - Despues Urbanizacion Maracaibo,Rio Tulua - antes desembocadura a Río Cauca (vereda El Salto),64.000,73.356,1185.86,1185.86,100.0,12111,Otras superficies artificiales con construcción,33.91,2.86,Uso_del_suelo_ZP,674.80,1.203113
Rio Tulua,4,Rio Tulua - Despues Urbanizacion Maracaibo,Rio Tulua - antes desembocadura a Río Cauca (vereda El Salto),64.000,73.356,1185.86,1185.86,100.0,12211,Otras superficies artificiales sin construcción,3.72,0.31,Uso_del_suelo_ZP,674.80,1.203113
Rio Tulua,4,Rio Tulua - Despues Urbanizacion Maracaibo,Rio Tulua - antes desembocadura a Río Cauca (vereda El Salto),64.000,73.356,1185.86,1185.86,100.0,21111,Teca,0.81,0.07,Uso_del_suelo_ZP,674.80,1.203113
Rio Tulua,4,Rio Tulua - Despues Urbanizacion Maracaibo,Rio Tulua - antes desembocadura a Río Cauca (vereda El Salto),64.000,73.356,1185.86,1185.86,100.0,21221,Misceláneo de árboles frutales,38.11,3.21,Uso_del_suelo_ZP,674.80,1.203113
Rio Tulua,4,Rio Tulua - Despues Urbanizacion Maracaibo,Rio Tulua - antes desembocadura a Río Cauca (vereda El Salto),64.000,73.356,1185.86,1185.86,100.0,21230,Misceláneo de cítricos,2.98,0.25,Uso_del_suelo_ZP,674.80,1.203113
Rio Tulua,4,Rio Tulua - Despues Urbanizacion Maracaibo,Rio Tulua - antes desembocadura a Río Cauca (vereda El Salto),64.000,73.356,1185.86,1185.86,100.0,22113,Plátano,0.97,0.08,Uso_del_suelo_ZP,674.80,1.203113
Rio Tulua,4,Rio Tulua - Despues Urbanizacion Maracaibo,Rio Tulua - antes desembocadura a Río Cauca (vereda El Salto),64.000,73.356,1185.86,1185.86,100.0,22131,Cacao,2.34,0.20,Uso_del_suelo_ZP,674.80,1.203113
Rio Tulua,4,Rio Tulua - Despues Urbanizacion Maracaibo,Rio Tulua - antes desembocadura a Río Cauca (vereda El Salto),64.000,73.356,1185.86,1185.86,100.0,22132,Cacao-Otros cultivos,8.73,0.74,Uso_del_suelo_ZP,674.80,1.203113
Rio Tulua,4,Rio Tulua - Despues Urbanizacion Maracaibo,Rio Tulua - antes desembocadura a Río Cauca (vereda El Salto),64.000,73.356,1185.86,1185.86,100.0,22141,Papayo,0.49,0.04,Uso_del_suelo_ZP,674.80,1.203113
Rio Tulua,4,Rio Tulua - Despues Urbanizacion Maracaibo,Rio Tulua - antes desembocadura a Río Cauca (vereda El Salto),64.000,73.356,1185.86,1185.86,100.0,22171,Caña de azúcar,571.00,48.15,Hectareas_CZ,674.80,1.203113
Rio Tulua,4,Rio Tulua - Despues Urbanizacion Maracaibo,Rio Tulua - antes desembocadura a Río Cauca (vereda El Salto),64.000,73.356,1185.86,1185.86,100.0,22181,Maíz,37.44,3.16,Uso_del_suelo_ZP,674.80,1.203113
Rio Tulua,4,Rio Tulua - Despues Urbanizacion Maracaibo,Rio Tulua - antes desembocadura a Río Cauca (vereda El Salto),64.000,73.356,1185.86,1185.86,100.0,22210,Otros cultivos arbustivos plantados abiertos,9.24,0.78,Uso_del_suelo_ZP,674.80,1.203113
Rio Tulua,4,Rio Tulua - Despues Urbanizacion Maracaibo,Rio Tulua - antes desembocadura a Río Cauca (vereda El Salto),64.000,73.356,1185.86,1185.86,100.0,23110,Otros cultivos herbáceos plantados densos,13.58,1.15,Uso_del_suelo_ZP,674.80,1.203113
Rio Tulua,4,Rio Tulua - Despues Urbanizacion Maracaibo,Rio Tulua - antes desembocadura a Río Cauca (vereda El Salto),64.000,73.356,1185.86,1185.86,100.0,23170,Pasto cultivado,99.52,8.39,Uso_del_suelo_ZP,674.80,1.203113
Rio Tulua,4,Rio Tulua - Despues Urbanizacion Maracaibo,Rio Tulua - antes desembocadura a Río Cauca (vereda El Salto),64.000,73.356,1185.86,1185.86,100.0,23171,Pasto cultivado arbolado,8.81,0.74,Uso_del_suelo_ZP,674.80,1.203113
Rio Tulua,4,Rio Tulua - Despues Urbanizacion Maracaibo,Rio Tulua - antes desembocadura a Río Cauca (vereda El Salto),64.000,73.356,1185.86,1185.86,100.0,23172,Pasto cultivado enmalezado,6.57,0.55,Uso_del_suelo_ZP,674.80,1.203113
Rio Tulua,4,Rio Tulua - Despues Urbanizacion Maracaibo,Rio Tulua - antes desembocadura a Río Cauca (vereda El Salto),64.000,73.356,1185.86,1185.86,100.0,23218,Tomate,5.16,0.44,Uso_del_suelo_ZP,674.80,1.203113
Rio Tulua,4,Rio Tulua - Despues Urbanizacion Maracaibo,Rio Tulua - antes desembocadura a Río Cauca (vereda El Salto),64.000,73.356,1185.86,1185.86,100.0,23231,Maracuyá,5.25,0.44,Uso_del_suelo_ZP,674.80,1.203113
Rio Tulua,4,Rio Tulua - Despues Urbanizacion Maracaibo,Rio Tulua - antes desembocadura a Río Cauca (vereda El Salto),64.000,73.356,1185.86,1185.86,100.0,24122,Cítricos-Plátano,1.02,0.09,Uso_del_suelo_ZP,674.80,1.203113
Rio Tulua,4,Rio Tulua - Despues Urbanizacion Maracaibo,Rio Tulua - antes desembocadura a Río Cauca (vereda El Salto),64.000,73.356,1185.86,1185.86,100.0,24130,Misceláneo de pastos y cultivos,14.30,1.21,Uso_del_suelo_ZP,674.80,1.203113
Rio Tulua,4,Rio Tulua - Despues Urbanizacion Maracaibo,Rio Tulua - antes desembocadura a Río Cauca (vereda El Salto),64.000,73.356,1185.86,1185.86,100.0,24140,Misceláneo de cultivos y espacios naturales,1.66,0.14,Uso_del_suelo_ZP,674.80,1.203113
Rio Tulua,4,Rio Tulua - Despues Urbanizacion Maracaibo,Rio Tulua - antes desembocadura a Río Cauca (vereda El Salto),64.000,73.356,1185.86,1185.86,100.0,25210,Áreas de cultivo con suelo desnudo,9.79,0.83,Uso_del_suelo_ZP,674.80,1.203113
Rio Tulua,4,Rio Tulua - Despues Urbanizacion Maracaibo,Rio Tulua - antes desembocadura a Río Cauca (vereda El Salto),64.000,73.356,1185.86,1185.86,100.0,31112,Bosque mixto denso bajo de tierra firme,1.28,0.11,Uso_del_suelo_ZP,674.80,1.203113
Rio Tulua,4,Rio Tulua - Despues Urbanizacion Maracaibo,Rio Tulua - antes desembocadura a Río Cauca (vereda El Salto),64.000,73.356,1185.86,1185.86,100.0,31212,Bosque mixto abierto bajo de tierra firme,6.72,0.57,Uso_del_suelo_ZP,674.80,1.203113
Rio Tulua,4,Rio Tulua - Despues Urbanizacion Maracaibo,Rio Tulua - antes desembocadura a Río Cauca (vereda El Salto),64.000,73.356,1185.86,1185.86,100.0,31311,Bosque mixto fragmentado con pastos y cultivos,20.64,1.74,Uso_del_suelo_ZP,674.80,1.203113
Rio Tulua,4,Rio Tulua - Despues Urbanizacion Maracaibo,Rio Tulua - antes desembocadura a Río Cauca (vereda El Salto),64.000,73.356,1185.86,1185.86,100.0,31351,Bosque mixto relictual,0.29,0.02,Uso_del_suelo_ZP,674.80,1.203113
Rio Tulua,4,Rio Tulua - Despues Urbanizacion Maracaibo,Rio Tulua - antes desembocadura a Río Cauca (vereda El Salto),64.000,73.356,1185.86,1185.86,100.0,31352,Bosque de guadua,13.57,1.14,Uso_del_suelo_ZP,674.80,1.203113
Rio Tulua,4,Rio Tulua - Despues Urbanizacion Maracaibo,Rio Tulua - antes desembocadura a Río Cauca (vereda El Salto),64.000,73.356,1185.86,1185.86,100.0,32110,Arbustal y matorral denso alto de tierra firme,2.87,0.24,Uso_del_suelo_ZP,674.80,1.203113
Rio Tulua,4,Rio Tulua - Despues Urbanizacion Maracaibo,Rio Tulua - antes desembocadura a Río Cauca (vereda El Salto),64.000,73.356,1185.86,1185.86,100.0,32111,Arbustal y matorral denso bajo de tierra firme,4.21,0.35,Uso_del_suelo_ZP,674.80,1.203113
Rio Tulua,4,Rio Tulua - Despues Urbanizacion Maracaibo,Rio Tulua - antes desembocadura a Río Cauca (vereda El Salto),64.000,73.356,1185.86,1185.86,100.0,32120,Arbustal y matorral denso alto inundable,5.86,0.49,Uso_del_suelo_ZP,674.80,1.203113
Rio Tulua,4,Rio Tulua - Despues Urbanizacion Maracaibo,Rio Tulua - antes desembocadura a Río Cauca (vereda El Salto),64.000,73.356,1185.86,1185.86,100.0,32121,Arbustal y matorral denso bajo inundable (caña brava),42.67,3.60,Uso_del_suelo_ZP,674.80,1.203113
Rio Tulua,4,Rio Tulua - Despues Urbanizacion Maracaibo,Rio Tulua - antes desembocadura a Río Cauca (vereda El Salto),64.000,73.356,1185.86,1185.86,100.0,32210,Arbustal y matorral abierto alto de tierra firme,11.13,0.94,Uso_del_suelo_ZP,674.80,1.203113
Rio Tulua,4,Rio Tulua - Despues Urbanizacion Maracaibo,Rio Tulua - antes desembocadura a Río Cauca (vereda El Salto),64.000,73.356,1185.86,1185.86,100.0,32211,Arbustal y matorral abierto bajo de tierra firme,6.65,0.56,Uso_del_suelo_ZP,674.80,1.203113
Rio Tulua,4,Rio Tulua - Despues Urbanizacion Maracaibo,Rio Tulua - antes desembocadura a Río Cauca (vereda El Salto),64.000,73.356,1185.86,1185.86,100.0,32220,Arbustal y matorral abierto alto inundable,42.15,3.55,Uso_del_suelo_ZP,674.80,1.203113
Rio Tulua,4,Rio Tulua - Despues Urbanizacion Maracaibo,Rio Tulua - antes desembocadura a Río Cauca (vereda El Salto),64.000,73.356,1185.86,1185.86,100.0,32221,Arbustal y matorral abierto bajo inundable,13.96,1.18,Uso_del_suelo_ZP,674.80,1.203113
Rio Tulua,4,Rio Tulua - Despues Urbanizacion Maracaibo,Rio Tulua - antes desembocadura a Río Cauca (vereda El Salto),64.000,73.356,1185.86,1185.86,100.0,33121,Herbazal natural denso inundable arbolado,1.05,0.09,Uso_del_suelo_ZP,674.80,1.203113
Rio Tulua,4,Rio Tulua - Despues Urbanizacion Maracaibo,Rio Tulua - antes desembocadura a Río Cauca (vereda El Salto),64.000,73.356,1185.86,1185.86,100.0,41120,Ríos,46.29,3.90,Uso_del_suelo_ZP,674.80,1.203113
Rio Tulua,4,Rio Tulua - Despues Urbanizacion Maracaibo,Rio Tulua - antes desembocadura a Río Cauca (vereda El Salto),64.000,73.356,1185.86,1185.86,100.0,41141,Meandro abandonado,5.61,0.47,Uso_del_suelo_ZP,674.80,1.203113
Rio Tulua,4,Rio Tulua - Despues Urbanizacion Maracaibo,Rio Tulua - antes desembocadura a Río Cauca (vereda El Salto),64.000,73.356,1185.86,1185.86,100.0,41144,Otras superficies pantanosas,10.43,0.88,Uso_del_suelo_ZP,674.80,1.203113
Rio Tulua,4,Rio Tulua - Despues Urbanizacion Maracaibo,Rio Tulua - antes desembocadura a Río Cauca (vereda El Salto),64.000,73.356,1185.86,1185.86,100.0,41220,Estanques artificiales / reservorios,0.33,0.03,Uso_del_suelo_ZP,674.80,1.203113
Rio Tulua,4,Rio Tulua - Despues Urbanizacion Maracaibo,Rio Tulua - antes desembocadura a Río Cauca (vereda El Salto),64.000,73.356,1185.86,1185.86,100.0,41221,Canal,2.78,0.23,Uso_del_suelo_ZP,674.80,1.203113
Rio Tulua,4,Rio Tulua - Despues Urbanizacion Maracaibo,Rio Tulua - antes desembocadura a Río Cauca (vereda El Salto),64.000,73.356,1185.86,1185.86,100.0,41310,Superficies de inundación temporal,22.16,1.87,Uso_del_suelo_ZP,674.80,1.203113
Rio Tulua,4,Rio Tulua - Despues Urbanizacion Maracaibo,Rio Tulua - antes desembocadura a Río Cauca (vereda El Salto),64.000,73.356,1185.86,1185.86,100.0,41410,Arenal,15.66,1.32,Uso_del_suelo_ZP,674.80,1.203113
Rio Zabaletas,1,Rio Sabaletas - Antes caserío Los Medios,Rio Sabaletas - Cruce sector vía La Novillera,0.000,14.872,253.41,253.41,100.0,11211,Zonas urbanas discontinuas,1.01,0.40,Uso_del_suelo_ZP,44.83,1.000538
Rio Zabaletas,1,Rio Sabaletas - Antes caserío Los Medios,Rio Sabaletas - Cruce sector vía La Novillera,0.000,14.872,253.41,253.41,100.0,12111,Otras superficies artificiales con construcción,4.20,1.66,Uso_del_suelo_ZP,44.83,1.000538
Rio Zabaletas,1,Rio Sabaletas - Antes caserío Los Medios,Rio Sabaletas - Cruce sector vía La Novillera,0.000,14.872,253.41,253.41,100.0,12211,Otras superficies artificiales sin construcción,2.49,0.98,Uso_del_suelo_ZP,44.83,1.000538
Rio Zabaletas,1,Rio Sabaletas - Antes caserío Los Medios,Rio Sabaletas - Cruce sector vía La Novillera,0.000,14.872,253.41,253.41,100.0,22151,Vid,35.05,13.83,Uso_del_suelo_ZP,44.83,1.000538
Rio Zabaletas,1,Rio Sabaletas - Antes caserío Los Medios,Rio Sabaletas - Cruce sector vía La Novillera,0.000,14.872,253.41,253.41,100.0,22171,Caña de azúcar,44.72,17.65,Hectareas_CZ,44.83,1.000538
Rio Zabaletas,1,Rio Sabaletas - Antes caserío Los Medios,Rio Sabaletas - Cruce sector vía La Novillera,0.000,14.872,253.41,253.41,100.0,22181,Maíz,5.92,2.34,Uso_del_suelo_ZP,44.83,1.000538
Rio Zabaletas,1,Rio Sabaletas - Antes caserío Los Medios,Rio Sabaletas - Cruce sector vía La Novillera,0.000,14.872,253.41,253.41,100.0,23110,Otros cultivos herbáceos plantados densos,3.64,1.44,Uso_del_suelo_ZP,44.83,1.000538
Rio Zabaletas,1,Rio Sabaletas - Antes caserío Los Medios,Rio Sabaletas - Cruce sector vía La Novillera,0.000,14.872,253.41,253.41,100.0,23170,Pasto cultivado,84.10,33.19,Uso_del_suelo_ZP,44.83,1.000538
Rio Zabaletas,1,Rio Sabaletas - Antes caserío Los Medios,Rio Sabaletas - Cruce sector vía La Novillera,0.000,14.872,253.41,253.41,100.0,23171,Pasto cultivado arbolado,6.38,2.52,Uso_del_suelo_ZP,44.83,1.000538
Rio Zabaletas,1,Rio Sabaletas - Antes caserío Los Medios,Rio Sabaletas - Cruce sector vía La Novillera,0.000,14.872,253.41,253.41,100.0,23172,Pasto cultivado enmalezado,20.66,8.15,Uso_del_suelo_ZP,44.83,1.000538
Rio Zabaletas,1,Rio Sabaletas - Antes caserío Los Medios,Rio Sabaletas - Cruce sector vía La Novillera,0.000,14.872,253.41,253.41,100.0,25210,Áreas de cultivo con suelo desnudo,0.51,0.20,Uso_del_suelo_ZP,44.83,1.000538
Rio Zabaletas,1,Rio Sabaletas - Antes caserío Los Medios,Rio Sabaletas - Cruce sector vía La Novillera,0.000,14.872,253.41,253.41,100.0,31112,Bosque mixto denso bajo de tierra firme,9.17,3.62,Uso_del_suelo_ZP,44.83,1.000538
Rio Zabaletas,1,Rio Sabaletas - Antes caserío Los Medios,Rio Sabaletas - Cruce sector vía La Novillera,0.000,14.872,253.41,253.41,100.0,31211,Bosque mixto abierto alto de tierra firme,0.05,0.02,Uso_del_suelo_ZP,44.83,1.000538
Rio Zabaletas,1,Rio Sabaletas - Antes caserío Los Medios,Rio Sabaletas - Cruce sector vía La Novillera,0.000,14.872,253.41,253.41,100.0,31212,Bosque mixto abierto bajo de tierra firme,6.28,2.48,Uso_del_suelo_ZP,44.83,1.000538
Rio Zabaletas,1,Rio Sabaletas - Antes caserío Los Medios,Rio Sabaletas - Cruce sector vía La Novillera,0.000,14.872,253.41,253.41,100.0,31351,Bosque mixto relictual,1.07,0.42,Uso_del_suelo_ZP,44.83,1.000538
Rio Zabaletas,1,Rio Sabaletas - Antes caserío Los Medios,Rio Sabaletas - Cruce sector vía La Novillera,0.000,14.872,253.41,253.41,100.0,31352,Bosque de guadua,2.43,0.96,Uso_del_suelo_ZP,44.83,1.000538
Rio Zabaletas,1,Rio Sabaletas - Antes caserío Los Medios,Rio Sabaletas - Cruce sector vía La Novillera,0.000,14.872,253.41,253.41,100.0,32111,Arbustal y matorral denso bajo de tierra firme,0.89,0.35,Uso_del_suelo_ZP,44.83,1.000538
Rio Zabaletas,1,Rio Sabaletas - Antes caserío Los Medios,Rio Sabaletas - Cruce sector vía La Novillera,0.000,14.872,253.41,253.41,100.0,32210,Arbustal y matorral abierto alto de tierra firme,1.62,0.64,Uso_del_suelo_ZP,44.83,1.000538
Rio Zabaletas,1,Rio Sabaletas - Antes caserío Los Medios,Rio Sabaletas - Cruce sector vía La Novillera,0.000,14.872,253.41,253.41,100.0,32211,Arbustal y matorral abierto bajo de tierra firme,11.54,4.55,Uso_del_suelo_ZP,44.83,1.000538
Rio Zabaletas,1,Rio Sabaletas - Antes caserío Los Medios,Rio Sabaletas - Cruce sector vía La Novillera,0.000,14.872,253.41,253.41,100.0,35221,Áreas naturales desnudas,3.79,1.49,Uso_del_suelo_ZP,44.83,1.000538
Rio Zabaletas,1,Rio Sabaletas - Antes caserío Los Medios,Rio Sabaletas - Cruce sector vía La Novillera,0.000,14.872,253.41,253.41,100.0,41120,Ríos,5.27,2.08,Uso_del_suelo_ZP,44.83,1.000538
Rio Zabaletas,1,Rio Sabaletas - Antes caserío Los Medios,Rio Sabaletas - Cruce sector vía La Novillera,0.000,14.872,253.41,253.41,100.0,41220,Estanques artificiales / reservorios,0.62,0.24,Uso_del_suelo_ZP,44.83,1.000538
Rio Zabaletas,1,Rio Sabaletas - Antes caserío Los Medios,Rio Sabaletas - Cruce sector vía La Novillera,0.000,14.872,253.41,253.41,100.0,41410,Arenal,1.98,0.78,Uso_del_suelo_ZP,44.83,1.000538
Rio Zabaletas,2,Rio Sabaletas - Cruce sector vía La Novillera,Rio Sabaletas - Puente vía Santa Elena-Ginebra,14.872,20.101,590.54,590.54,100.0,11211,Zonas urbanas discontinuas,6.11,1.03,Uso_del_suelo_ZP,343.74,1.003587
Rio Zabaletas,2,Rio Sabaletas - Cruce sector vía La Novillera,Rio Sabaletas - Puente vía Santa Elena-Ginebra,14.872,20.101,590.54,590.54,100.0,12111,Otras superficies artificiales con construcción,33.32,5.64,Uso_del_suelo_ZP,343.74,1.003587
Rio Zabaletas,2,Rio Sabaletas - Cruce sector vía La Novillera,Rio Sabaletas - Puente vía Santa Elena-Ginebra,14.872,20.101,590.54,590.54,100.0,12211,Otras superficies artificiales sin construcción,0.31,0.05,Uso_del_suelo_ZP,343.74,1.003587
Rio Zabaletas,2,Rio Sabaletas - Cruce sector vía La Novillera,Rio Sabaletas - Puente vía Santa Elena-Ginebra,14.872,20.101,590.54,590.54,100.0,21221,Misceláneo de árboles frutales,0.26,0.04,Uso_del_suelo_ZP,343.74,1.003587
Rio Zabaletas,2,Rio Sabaletas - Cruce sector vía La Novillera,Rio Sabaletas - Puente vía Santa Elena-Ginebra,14.872,20.101,590.54,590.54,100.0,21230,Misceláneo de cítricos,4.71,0.80,Uso_del_suelo_ZP,343.74,1.003587
Rio Zabaletas,2,Rio Sabaletas - Cruce sector vía La Novillera,Rio Sabaletas - Puente vía Santa Elena-Ginebra,14.872,20.101,590.54,590.54,100.0,22151,Vid,26.54,4.49,Uso_del_suelo_ZP,343.74,1.003587
Rio Zabaletas,2,Rio Sabaletas - Cruce sector vía La Novillera,Rio Sabaletas - Puente vía Santa Elena-Ginebra,14.872,20.101,590.54,590.54,100.0,22171,Caña de azúcar,342.85,58.06,Hectareas_CZ,343.74,1.003587
Rio Zabaletas,2,Rio Sabaletas - Cruce sector vía La Novillera,Rio Sabaletas - Puente vía Santa Elena-Ginebra,14.872,20.101,590.54,590.54,100.0,23170,Pasto cultivado,48.93,8.29,Uso_del_suelo_ZP,343.74,1.003587
Rio Zabaletas,2,Rio Sabaletas - Cruce sector vía La Novillera,Rio Sabaletas - Puente vía Santa Elena-Ginebra,14.872,20.101,590.54,590.54,100.0,23171,Pasto cultivado arbolado,27.89,4.72,Uso_del_suelo_ZP,343.74,1.003587
Rio Zabaletas,2,Rio Sabaletas - Cruce sector vía La Novillera,Rio Sabaletas - Puente vía Santa Elena-Ginebra,14.872,20.101,590.54,590.54,100.0,23172,Pasto cultivado enmalezado,16.93,2.87,Uso_del_suelo_ZP,343.74,1.003587
Rio Zabaletas,2,Rio Sabaletas - Cruce sector vía La Novillera,Rio Sabaletas - Puente vía Santa Elena-Ginebra,14.872,20.101,590.54,590.54,100.0,23231,Maracuyá,1.45,0.25,Uso_del_suelo_ZP,343.74,1.003587
Rio Zabaletas,2,Rio Sabaletas - Cruce sector vía La Novillera,Rio Sabaletas - Puente vía Santa Elena-Ginebra,14.872,20.101,590.54,590.54,100.0,23241,Frijol,0.69,0.12,Uso_del_suelo_ZP,343.74,1.003587
Rio Zabaletas,2,Rio Sabaletas - Cruce sector vía La Novillera,Rio Sabaletas - Puente vía Santa Elena-Ginebra,14.872,20.101,590.54,590.54,100.0,24130,Misceláneo de pastos y cultivos,2.86,0.48,Uso_del_suelo_ZP,343.74,1.003587
Rio Zabaletas,2,Rio Sabaletas - Cruce sector vía La Novillera,Rio Sabaletas - Puente vía Santa Elena-Ginebra,14.872,20.101,590.54,590.54,100.0,24140,Misceláneo de cultivos y espacios naturales,1.04,0.18,Uso_del_suelo_ZP,343.74,1.003587
Rio Zabaletas,2,Rio Sabaletas - Cruce sector vía La Novillera,Rio Sabaletas - Puente vía Santa Elena-Ginebra,14.872,20.101,590.54,590.54,100.0,31112,Bosque mixto denso bajo de tierra firme,8.80,1.49,Uso_del_suelo_ZP,343.74,1.003587
Rio Zabaletas,2,Rio Sabaletas - Cruce sector vía La Novillera,Rio Sabaletas - Puente vía Santa Elena-Ginebra,14.872,20.101,590.54,590.54,100.0,31212,Bosque mixto abierto bajo de tierra firme,9.71,1.64,Uso_del_suelo_ZP,343.74,1.003587
Rio Zabaletas,2,Rio Sabaletas - Cruce sector vía La Novillera,Rio Sabaletas - Puente vía Santa Elena-Ginebra,14.872,20.101,590.54,590.54,100.0,31311,Bosque mixto fragmentado con pastos y cultivos,2.07,0.35,Uso_del_suelo_ZP,343.74,1.003587
Rio Zabaletas,2,Rio Sabaletas - Cruce sector vía La Novillera,Rio Sabaletas - Puente vía Santa Elena-Ginebra,14.872,20.101,590.54,590.54,100.0,31351,Bosque mixto relictual,0.38,0.06,Uso_del_suelo_ZP,343.74,1.003587
Rio Zabaletas,2,Rio Sabaletas - Cruce sector vía La Novillera,Rio Sabaletas - Puente vía Santa Elena-Ginebra,14.872,20.101,590.54,590.54,100.0,31352,Bosque de guadua,33.66,5.70,Uso_del_suelo_ZP,343.74,1.003587
Rio Zabaletas,2,Rio Sabaletas - Cruce sector vía La Novillera,Rio Sabaletas - Puente vía Santa Elena-Ginebra,14.872,20.101,590.54,590.54,100.0,32111,Arbustal y matorral denso bajo de tierra firme,0.58,0.10,Uso_del_suelo_ZP,343.74,1.003587
Rio Zabaletas,2,Rio Sabaletas - Cruce sector vía La Novillera,Rio Sabaletas - Puente vía Santa Elena-Ginebra,14.872,20.101,590.54,590.54,100.0,32121,Arbustal y matorral denso bajo inundable (caña brava),1.33,0.23,Uso_del_suelo_ZP,343.74,1.003587
Rio Zabaletas,2,Rio Sabaletas - Cruce sector vía La Novillera,Rio Sabaletas - Puente vía Santa Elena-Ginebra,14.872,20.101,590.54,590.54,100.0,32210,Arbustal y matorral abierto alto de tierra firme,3.36,0.57,Uso_del_suelo_ZP,343.74,1.003587
Rio Zabaletas,2,Rio Sabaletas - Cruce sector vía La Novillera,Rio Sabaletas - Puente vía Santa Elena-Ginebra,14.872,20.101,590.54,590.54,100.0,32211,Arbustal y matorral abierto bajo de tierra firme,1.35,0.23,Uso_del_suelo_ZP,343.74,1.003587
Rio Zabaletas,2,Rio Sabaletas - Cruce sector vía La Novillera,Rio Sabaletas - Puente vía Santa Elena-Ginebra,14.872,20.101,590.54,590.54,100.0,41120,Ríos,2.81,0.48,Uso_del_suelo_ZP,343.74,1.003587
Rio Zabaletas,2,Rio Sabaletas - Cruce sector vía La Novillera,Rio Sabaletas - Puente vía Santa Elena-Ginebra,14.872,20.101,590.54,590.54,100.0,41220,Estanques artificiales / reservorios,12.61,2.14,Uso_del_suelo_ZP,343.74,1.003587
Rio Zabaletas,3,Rio Sabaletas - Puente vía Santa Elena-Ginebra,Rio Sabaletas - Antes desembocadura a Rio Cauca,20.101,43.353,2751.17,2751.17,100.0,11111,Zonas urbanas continuas,3.15,0.11,Uso_del_suelo_ZP,2275.79,1.286904
Rio Zabaletas,3,Rio Sabaletas - Puente vía Santa Elena-Ginebra,Rio Sabaletas - Antes desembocadura a Rio Cauca,20.101,43.353,2751.17,2751.17,100.0,11211,Zonas urbanas discontinuas,13.28,0.48,Uso_del_suelo_ZP,2275.79,1.286904
Rio Zabaletas,3,Rio Sabaletas - Puente vía Santa Elena-Ginebra,Rio Sabaletas - Antes desembocadura a Rio Cauca,20.101,43.353,2751.17,2751.17,100.0,12111,Otras superficies artificiales con construcción,39.87,1.45,Uso_del_suelo_ZP,2275.79,1.286904
Rio Zabaletas,3,Rio Sabaletas - Puente vía Santa Elena-Ginebra,Rio Sabaletas - Antes desembocadura a Rio Cauca,20.101,43.353,2751.17,2751.17,100.0,12211,Otras superficies artificiales sin construcción,27.81,1.01,Uso_del_suelo_ZP,2275.79,1.286904
Rio Zabaletas,3,Rio Sabaletas - Puente vía Santa Elena-Ginebra,Rio Sabaletas - Antes desembocadura a Rio Cauca,20.101,43.353,2751.17,2751.17,100.0,21221,Misceláneo de árboles frutales,0.98,0.04,Uso_del_suelo_ZP,2275.79,1.286904
Rio Zabaletas,3,Rio Sabaletas - Puente vía Santa Elena-Ginebra,Rio Sabaletas - Antes desembocadura a Rio Cauca,20.101,43.353,2751.17,2751.17,100.0,22151,Vid,1.42,0.05,Uso_del_suelo_ZP,2275.79,1.286904
Rio Zabaletas,3,Rio Sabaletas - Puente vía Santa Elena-Ginebra,Rio Sabaletas - Antes desembocadura a Rio Cauca,20.101,43.353,2751.17,2751.17,100.0,22171,Caña de azúcar,2139.40,77.76,Hectareas_CZ,2275.79,1.286904
Rio Zabaletas,3,Rio Sabaletas - Puente vía Santa Elena-Ginebra,Rio Sabaletas - Antes desembocadura a Rio Cauca,20.101,43.353,2751.17,2751.17,100.0,22210,Otros cultivos arbustivos plantados abiertos,0.49,0.02,Uso_del_suelo_ZP,2275.79,1.286904
Rio Zabaletas,3,Rio Sabaletas - Puente vía Santa Elena-Ginebra,Rio Sabaletas - Antes desembocadura a Rio Cauca,20.101,43.353,2751.17,2751.17,100.0,23110,Otros cultivos herbáceos plantados densos,11.55,0.42,Uso_del_suelo_ZP,2275.79,1.286904
Rio Zabaletas,3,Rio Sabaletas - Puente vía Santa Elena-Ginebra,Rio Sabaletas - Antes desembocadura a Rio Cauca,20.101,43.353,2751.17,2751.17,100.0,23170,Pasto cultivado,106.64,3.88,Uso_del_suelo_ZP,2275.79,1.286904
Rio Zabaletas,3,Rio Sabaletas - Puente vía Santa Elena-Ginebra,Rio Sabaletas - Antes desembocadura a Rio Cauca,20.101,43.353,2751.17,2751.17,100.0,23171,Pasto cultivado arbolado,35.05,1.27,Uso_del_suelo_ZP,2275.79,1.286904
Rio Zabaletas,3,Rio Sabaletas - Puente vía Santa Elena-Ginebra,Rio Sabaletas - Antes desembocadura a Rio Cauca,20.101,43.353,2751.17,2751.17,100.0,23172,Pasto cultivado enmalezado,3.35,0.12,Uso_del_suelo_ZP,2275.79,1.286904
Rio Zabaletas,3,Rio Sabaletas - Puente vía Santa Elena-Ginebra,Rio Sabaletas - Antes desembocadura a Rio Cauca,20.101,43.353,2751.17,2751.17,100.0,24130,Misceláneo de pastos y cultivos,6.44,0.23,Uso_del_suelo_ZP,2275.79,1.286904
Rio Zabaletas,3,Rio Sabaletas - Puente vía Santa Elena-Ginebra,Rio Sabaletas - Antes desembocadura a Rio Cauca,20.101,43.353,2751.17,2751.17,100.0,25210,Áreas de cultivo con suelo desnudo,59.98,2.18,Uso_del_suelo_ZP,2275.79,1.286904
Rio Zabaletas,3,Rio Sabaletas - Puente vía Santa Elena-Ginebra,Rio Sabaletas - Antes desembocadura a Rio Cauca,20.101,43.353,2751.17,2751.17,100.0,31112,Bosque mixto denso bajo de tierra firme,14.38,0.52,Uso_del_suelo_ZP,2275.79,1.286904
Rio Zabaletas,3,Rio Sabaletas - Puente vía Santa Elena-Ginebra,Rio Sabaletas - Antes desembocadura a Rio Cauca,20.101,43.353,2751.17,2751.17,100.0,31211,Bosque mixto abierto alto de tierra firme,1.62,0.06,Uso_del_suelo_ZP,2275.79,1.286904
Rio Zabaletas,3,Rio Sabaletas - Puente vía Santa Elena-Ginebra,Rio Sabaletas - Antes desembocadura a Rio Cauca,20.101,43.353,2751.17,2751.17,100.0,31212,Bosque mixto abierto bajo de tierra firme,6.71,0.24,Uso_del_suelo_ZP,2275.79,1.286904
Rio Zabaletas,3,Rio Sabaletas - Puente vía Santa Elena-Ginebra,Rio Sabaletas - Antes desembocadura a Rio Cauca,20.101,43.353,2751.17,2751.17,100.0,31311,Bosque mixto fragmentado con pastos y cultivos,13.10,0.48,Uso_del_suelo_ZP,2275.79,1.286904
Rio Zabaletas,3,Rio Sabaletas - Puente vía Santa Elena-Ginebra,Rio Sabaletas - Antes desembocadura a Rio Cauca,20.101,43.353,2751.17,2751.17,100.0,31331,Bosque mixto fragmentado con vegetación natural,1.67,0.06,Uso_del_suelo_ZP,2275.79,1.286904
Rio Zabaletas,3,Rio Sabaletas - Puente vía Santa Elena-Ginebra,Rio Sabaletas - Antes desembocadura a Rio Cauca,20.101,43.353,2751.17,2751.17,100.0,31351,Bosque mixto relictual,0.34,0.01,Uso_del_suelo_ZP,2275.79,1.286904
Rio Zabaletas,3,Rio Sabaletas - Puente vía Santa Elena-Ginebra,Rio Sabaletas - Antes desembocadura a Rio Cauca,20.101,43.353,2751.17,2751.17,100.0,31352,Bosque de guadua,211.51,7.69,Uso_del_suelo_ZP,2275.79,1.286904
Rio Zabaletas,3,Rio Sabaletas - Puente vía Santa Elena-Ginebra,Rio Sabaletas - Antes desembocadura a Rio Cauca,20.101,43.353,2751.17,2751.17,100.0,32111,Arbustal y matorral denso bajo de tierra firme,1.22,0.04,Uso_del_suelo_ZP,2275.79,1.286904
Rio Zabaletas,3,Rio Sabaletas - Puente vía Santa Elena-Ginebra,Rio Sabaletas - Antes desembocadura a Rio Cauca,20.101,43.353,2751.17,2751.17,100.0,32120,Arbustal y matorral denso alto inundable,0.81,0.03,Uso_del_suelo_ZP,2275.79,1.286904
Rio Zabaletas,3,Rio Sabaletas - Puente vía Santa Elena-Ginebra,Rio Sabaletas - Antes desembocadura a Rio Cauca,20.101,43.353,2751.17,2751.17,100.0,32121,Arbustal y matorral denso bajo inundable (caña brava),2.71,0.10,Uso_del_suelo_ZP,2275.79,1.286904
Rio Zabaletas,3,Rio Sabaletas - Puente vía Santa Elena-Ginebra,Rio Sabaletas - Antes desembocadura a Rio Cauca,20.101,43.353,2751.17,2751.17,100.0,32210,Arbustal y matorral abierto alto de tierra firme,4.64,0.17,Uso_del_suelo_ZP,2275.79,1.286904
Rio Zabaletas,3,Rio Sabaletas - Puente vía Santa Elena-Ginebra,Rio Sabaletas - Antes desembocadura a Rio Cauca,20.101,43.353,2751.17,2751.17,100.0,32211,Arbustal y matorral abierto bajo de tierra firme,0.60,0.02,Uso_del_suelo_ZP,2275.79,1.286904
Rio Zabaletas,3,Rio Sabaletas - Puente vía Santa Elena-Ginebra,Rio Sabaletas - Antes desembocadura a Rio Cauca,20.101,43.353,2751.17,2751.17,100.0,32310,Vegetación secundaria o transición,6.73,0.24,Uso_del_suelo_ZP,2275.79,1.286904
Rio Zabaletas,3,Rio Sabaletas - Puente vía Santa Elena-Ginebra,Rio Sabaletas - Antes desembocadura a Rio Cauca,20.101,43.353,2751.17,2751.17,100.0,41120,Ríos,18.56,0.67,Uso_del_suelo_ZP,2275.79,1.286904
Rio Zabaletas,3,Rio Sabaletas - Puente vía Santa Elena-Ginebra,Rio Sabaletas - Antes desembocadura a Rio Cauca,20.101,43.353,2751.17,2751.17,100.0,41220,Estanques artificiales / reservorios,6.06,0.22,Uso_del_suelo_ZP,2275.79,1.286904
Rio Zabaletas,3,Rio Sabaletas - Puente vía Santa Elena-Ginebra,Rio Sabaletas - Antes desembocadura a Rio Cauca,20.101,43.353,2751.17,2751.17,100.0,41221,Canal,11.12,0.40,Uso_del_suelo_ZP,2275.79,1.286904

# generado,2026-08-04T17:10:03.750Z
# cobertura,capa CVC Uso_del_suelo_ZP (escala 1:25.000)
# cana,tomada de Hectareas_CZ por tener resuelto el solape entre buffers vecinos
# resto,reescalado para que el tramo cierre en 100 % del area de referencia
# excluidos,"palo: dept. del Cauca, jurisdicción CRC — solo 1,5 % del buffer cubierto | risaralda: dept. de Risaralda, jurisdicción CARDER — 0 % del buffer cubierto"